escenario,fd,demanda_mw,opf_factible,opf_costo,opf_segundos,agente_segundos,agente_convergio,agente_seguro,agente_costo,agente_carga_max_pct,agente_n_ramas_sobrecargadas,agente_v_min,agente_v_max,agente_n_barras_fuera,agente_exceso_slack_mw,agente_n_gen_fuera_q,agente_perdidas_mw,agente_brecha_pct,opf_convergio,opf_seguro,opf_carga_max_pct,opf_n_ramas_sobrecargadas,opf_v_min,opf_v_max,opf_n_barras_fuera,opf_exceso_slack_mw,opf_n_gen_fuera_q,opf_perdidas_mw,opf_brecha_pct,merito_convergio,merito_seguro,merito_costo,merito_carga_max_pct,merito_n_ramas_sobrecargadas,merito_v_min,merito_v_max,merito_n_barras_fuera,merito_exceso_slack_mw,merito_n_gen_fuera_q,merito_perdidas_mw,merito_brecha_pct
0,0.8767702980432887,158.84733296087995,True,13758.236184746838,0.42531841500021983,0.0021552590005740058,True,True,14747.819990598782,93.56363751541113,0,0.9712605589499527,1.0368633091449737,0,0.0,0,2.2645539052092545,7.192664762421706,True,True,99.99999791121463,0,0.9752418482341301,1.0499999916791976,0,0.0,0,2.916832764411595,9.431532162955255e-10,True,False,13537.596543013078,116.69066592298701,3,0.9647622758382146,1.0,0,2.0928975274630943,0,3.245564566583141,-1.6036913354539837
1,0.7205367060897337,138.26043958995908,True,4909.813323497874,0.376775678998456,0.0008500369985995349,True,True,5096.45637935516,95.13353584368399,0,0.978157567023917,1.0309350192546844,0,0.0,0,2.582956266287198,3.801428774526458,True,True,99.9998206127917,0,0.9735336598780728,1.0385399477810155,0,3.4126088621633244e-08,0,2.51643094039116,1.1727685439019145e-08,True,False,4871.041088097606,95.80063507880399,0,0.9703839453445318,1.0,0,2.7395710247660645,0,2.7395710168932794,-0.7896885741754716
2,0.7244583328665587,135.33194425584554,True,8660.885598248678,0.4196282610009803,0.0008571199978177901,True,True,9405.988117290904,88.85481759141989,0,0.9777493706758578,1.0330016195774079,0,0.0,0,1.7978287632182628,8.60307712641012,True,True,99.99995699779562,0,0.9911085727017714,1.0499995559772521,0,0.0,0,1.670949349491309,1.5820268160672378e-06,True,False,8774.695477887211,108.3759084464119,1,0.9730304417917103,1.0000000000539775,0,0.0,0,2.0341720536077617,1.3140690656343736
3,0.6213041136483183,120.26678562578606,True,5576.669914545285,0.44058084599964786,0.0006950080023671035,True,True,6408.035130434254,79.97437616128332,0,0.9887145104649665,1.0237780958414078,0,0.0,0,1.8115129770981895,14.907914922580337,True,True,79.76656051934758,0,0.9822245076897199,1.041011958848462,0,0.0,0,1.6663607845549393,-1.4849207492018394e-07,True,True,5617.623325356587,81.30794051887234,0,0.9710111932565677,1.0,0,0.0,0,1.7812824076689395,0.7343702083345549
4,0.7048257468474626,133.29561483012057,True,3888.154218323442,0.48223482100002,0.0006850610006949864,True,True,4217.0978270056485,78.252451674399,0,0.9886019068195863,1.0286643624305725,0,0.0,0,2.0526245831407266,8.460153963582025,True,True,75.3657850324647,0,0.9733626920337016,1.0476960439267062,0,8.552656169058537e-06,0,2.434890968450304,5.324265051300122e-06,True,False,3847.4631263128863,77.1881732377511,0,0.9735141959402696,1.0000000000521756,0,2.7519257641949366,1,2.7519257641949366,-1.0465348048608727
5,0.505663436828383,94.97547082642048,True,3812.060006129365,0.37374638700021023,0.0006631590003962629,True,True,3893.2366682793318,59.26786763898373,0,0.991867846402082,1.0339534401893615,0,0.0,0,1.3614355690034614,2.129469320158582,True,True,57.73502257136517,0,0.9756315779115357,1.0252397724794036,0,0.0,0,1.697198862788909,-3.558326367600954e-07,True,False,3818.164004074703,57.8458223160958,0,0.9789008028868229,1.0000000000047111,0,2.093592090335619,1,2.093592090335619,0.1601229872890216
6,0.7083998413514037,130.26561069563522,True,3569.802183574112,0.43057051799951296,0.0006338929997582454,True,False,3561.816114969184,92.23288914554641,0,0.9835323578190038,1.035436996817589,0,0.29603992778274346,0,2.9588340401919595,-0.22371084897269364,True,True,90.89585036163905,0,0.9703631060415938,1.0427802812378213,0,1.0710502493793683e-06,0,2.957539299867051,9.49892058703513e-07,True,False,3494.9898771747585,94.75962217463399,0,0.9690023649715687,1.000000000026053,0,3.2218963151820788,0,3.2218963151820788,-2.095698006599895
7,0.7724942699578372,144.48777279109655,True,7897.34176428139,0.46080291900034354,0.0007952300002216361,True,True,8132.693109339028,94.13416245291933,0,0.9810456859138683,1.0282852709293366,0,0.0,0,1.825822959806061,2.980133952598804,True,True,98.74177558049657,0,0.9751893686324595,1.049999499305034,0,0.0,0,1.9074052621860744,2.239415339323265e-07,True,True,7991.2062418245005,99.45179543546708,0,0.9658018439817078,1.0000000000046083,0,0.0,0,2.33629020337483,1.1885581027185195
8,0.6286317797505185,121.32794339434498,True,2966.2232828462093,0.451866086001246,0.0005873299996892456,True,True,3266.4342095390225,76.20018723469889,0,0.9864714267893154,1.0243199914693832,0,0.0,0,1.9932773949135907,10.121021572131747,True,True,99.99999688231203,0,0.9888413083608052,1.0499999594465739,0,0.0,0,2.193061047034348,3.5869133462486266e-05,True,False,2972.941047765349,111.83627736255421,2,0.9720931781812564,1.0000000000000002,0,0.0,0,2.4289776954475855,0.22651131242166905
9,0.7883586917315163,153.71971868814137,True,4262.202583862421,0.572011451000435,0.0006560969995916821,True,True,4406.111557372587,87.92961708191646,0,0.972728552400022,1.0284380823373795,0,0.0,0,2.318389851501678,3.3764073431774073,True,True,100.0000385876971,0,0.9603964125206493,1.0499999737190338,0,0.0,0,2.973780435310772,7.887055453711902e-06,True,False,4235.8588775060925,134.88645243671343,2,0.9722974343177773,1.0000000000223248,0,0.0,0,3.029569417228686,-0.618069454782173
10,0.6853596829288177,129.11514117409254,True,11009.417508893355,0.42554801200094516,0.0006251140002859756,True,True,11100.035430585678,76.44240894294131,0,0.9827735727736313,1.0276796042919158,0,0.0,0,1.801264883025027,0.823095082652729,True,True,99.99964083211121,0,0.9845757551645863,1.0499981426247784,0,0.0,0,1.8514068798597805,4.7253981538672077e-07,True,False,11041.231095658524,127.94264316310328,2,0.9774382024873591,1.0,0,0.0,0,2.5910579671432004,0.2889675036275366
11,0.7547527492003723,143.5996783161726,True,7196.048126670974,0.4721997970009397,0.0005889419990126044,True,True,7434.500725788935,92.56106835708417,0,0.9861633108631299,1.0230614632368087,0,0.0,0,1.9193839652835436,3.3136611410871644,True,True,99.99998965297327,0,0.9829590733801803,1.049999914938161,0,0.0,0,2.1333691958608654,6.906915211430225e-07,True,False,7117.316580050381,129.6790447792133,2,0.9707709771328212,1.0000000000000002,0,0.0,0,2.7127194734602824,-1.0940935368412175
12,0.7495285209384053,144.09721154549484,True,5025.597375845862,0.43586053799845104,0.0006470020016422495,True,True,5345.590344839263,89.50380368097454,0,0.9836380342715774,1.0301129668951035,0,0.0,0,3.7026100717126837,6.367283570654947,True,True,90.81467604653731,0,0.9632314475399404,1.0496319670608765,0,3.417654335180487e-05,0,4.214694594293064,1.9961239643592074e-05,True,False,4972.29617562865,91.78204699641024,0,0.9602411054219426,1.000000000044077,0,4.477694186590128,0,4.477694186590128,-1.0605745685364492
13,0.6079285086807847,114.90354166317259,True,8532.178810290276,0.3882922239990876,0.0005831169983139262,True,True,8644.038022110553,86.2777106622476,0,0.9883955431311194,1.0284492313861846,0,0.0,0,1.6903847003240031,1.3110275099789688,True,True,91.35379718200059,0,0.9795048558724708,1.0268357926932696,0,0.0,0,1.9336146811553192,-4.821542687196685e-09,True,True,8543.011056687608,88.3506904557206,0,0.9778097460782839,1.0,0,0.0,0,2.065816966502794,0.12695755944968598
14,0.6029406887678643,119.77753578684056,True,5164.934223883782,0.5311830709997594,0.0006417009972210508,True,True,5617.163647284933,86.22542523956182,0,0.9760330369639489,1.0341612368822097,0,0.0,0,1.5603302426317782,8.755763459802477,True,True,99.99999539610627,0,0.9663891394332806,1.0499999405196614,0,0.0,0,1.63535200799312,1.7179015311906153e-09,True,False,5214.126430240253,110.08899186377212,1,0.9750575413875456,1.0,0,0.0,0,1.9155168326581702,0.9524265811279782
15,0.6431331967276956,122.2335018485974,True,7773.179423454601,0.4421902880003472,0.0006127819979155902,True,True,7883.239356347945,90.53787567910935,0,0.9791086803481099,1.031889048218727,0,0.0,0,1.8762077669998263,1.4158933816066954,True,True,99.99999427761075,0,0.9894824112418433,1.0499999204528927,0,0.0,0,1.9699172461730825,1.3162505378850863e-09,True,False,7773.67115821033,111.35843638452288,1,0.9773286525217966,1.0000000000040012,0,0.0,0,2.2774688828739045,0.006326045383252957
16,0.5198348144627802,98.63900950766558,True,2869.722621790047,0.3667063849989063,0.0005874769994989038,True,True,2898.435669191777,82.37766329340097,0,0.9905693588393677,1.029936945438385,0,0.0,0,1.0276060192353924,1.000567768255298,True,True,65.43338463415938,0,0.985560253027619,1.0400752958894388,0,0.0,0,0.8359127709938718,1.6291209675916536e-05,True,True,2893.537976943783,67.23705579198563,0,0.9783429204930687,1.0000000000449285,0,0.0,0,1.7472394831151234,0.8298999480033175
17,0.7415655374377697,143.83218422651026,True,8393.253473175913,0.4413516160002473,0.0006869540011393838,True,True,8804.440398627296,83.74637326356573,0,0.9773706472739841,1.0267003178596497,0,0.0,0,1.6963814563572157,4.899021147212714,True,True,99.99987510861192,0,0.9835714044175938,1.0499987080629742,0,0.0,0,2.1665668335858754,3.829189093168733e-06,True,False,8427.92209345103,108.57863200965305,1,0.9687942695924265,1.0000000000003215,0,0.0,0,2.409624734805192,0.41305726208542953
18,0.8816560747123422,161.1167355419591,True,7219.391983403039,0.4148310539985687,0.0006037140010448638,True,True,7552.696158317176,93.48401202448883,0,0.9717487880699711,1.0346820175647735,0,0.0,0,2.8052541525097467,4.616827735990783,True,True,99.9999884885664,0,0.9748967075126534,1.0499999484251639,0,5.651467340328509e-05,0,3.2363128882502963,3.5967890843911805e-05,True,False,6927.9034845232845,128.58143881575887,4,0.9666385627683047,1.0000000000694587,0,0.45497435147157717,0,4.3382388095124895,-4.037542326682096
19,0.5685289191345849,105.45680333601655,True,4618.949703177007,0.4631348879993311,0.0005891959990549367,True,True,4753.637577102358,86.00779939566496,0,0.9862697508282938,1.0210072726011277,0,0.0,0,1.1555526531224984,2.915994923916359,True,True,90.35637788527342,0,0.9916179594598823,1.0473105709861081,0,0.0,0,1.0101027168971655,9.781089387367706e-06,True,True,4669.313585007527,88.92087741741585,0,0.9790415441627862,1.0000000000000002,0,0.0,0,1.121107816288287,1.0903850826869532
20,0.6604674478062369,123.1562385917936,True,4234.77764038969,0.46450415099934617,0.000706430000718683,True,True,4574.376508110951,83.85750521555481,0,0.9760607218827531,1.0285040259361267,0,0.0,0,1.8446707630752996,8.019284521661502,True,True,99.99999583910231,0,0.9904658345807752,1.0499999751356612,0,0.0,0,2.280982586483219,2.6515256624791827e-09,True,False,4184.190591493808,139.8005392992837,2,0.9759535631542403,1.0000000000000002,0,0.0,0,2.6939505383700464,-1.1945621017372174
21,0.7638207580503118,146.84081967831008,True,7140.083273063792,0.39948576299866545,0.0005540689999179449,True,True,7586.602805628137,88.72587883834767,0,0.9842670466994907,1.0404170215129853,0,0.0,0,2.5667483413770356,6.253705362530173,True,True,99.99998939388081,0,0.9510470258819648,1.0499999712339656,0,1.0724186097377242e-05,0,2.780269851923265,3.1367447583367993e-06,True,False,6889.747613735092,112.25820878140094,1,0.967937716429367,1.000000000011,0,2.970119506803016,0,2.97011950680303,-3.5060577536861754
22,0.7505926834270851,140.6312090108836,True,7747.382701345476,0.31180376300108037,0.000631887000054121,True,True,7864.177266461636,90.92856460963704,0,0.9828224893216877,1.0347254782915116,0,0.0,0,2.7515229882472454,1.5075362373345829,True,True,95.03602501690563,0,0.9713804513986144,1.044096177994121,0,0.0,0,2.788710974235812,4.6478624275764894e-07,True,False,7734.7413493013155,91.15990600663021,0,0.9674019109313123,1.000000000059521,0,3.0434424239689974,0,3.0434424239689974,-0.16316886078121656
23,0.578846159891859,109.96565758458546,True,3876.785281004971,0.2917041729997436,0.0007033789988781791,True,True,4355.044262275205,99.52533337924643,0,0.9892103253839387,1.0181292176246641,0,0.0,0,1.5459287004540982,12.33648362611895,True,True,99.99999724558558,0,1.0000000000394684,1.049999969370648,0,0.0,0,1.8418659952901066,3.2315008085071126e-09,True,False,3770.120326716857,122.51341842796629,2,0.9812321383046686,1.0000000000394684,0,0.0,0,2.0904704171649797,-2.7513763707499344
24,0.5417480502983285,102.12290397114788,True,2697.5479036116144,0.370450336000431,0.0005834479998156894,True,True,3085.53117239535,58.08572097370253,0,0.9769473501006729,1.0277533113956452,0,0.0,0,0.7487883739458709,14.382861376124058,True,True,86.23712921813971,0,0.9960866741125428,1.0499999823911956,0,0.0,0,1.29280411216277,4.235080413891075e-05,True,True,2788.2735439804705,92.03754970386947,0,0.9793199107921019,1.0000000000684723,0,0.0,0,1.462693381979122,3.3633071391857
25,0.7067849653369822,132.52791324320214,True,4702.759386095389,0.2913472250002087,0.0005532879986276384,True,True,4852.694123907236,85.70977222799482,0,0.9888330592088678,1.0293957084417342,0,0.0,0,2.0553407919200026,3.1882401953406125,True,True,82.1421527282983,0,0.9789910708214555,1.049975255676999,0,0.0,0,1.8415110702728157,1.0864599885820448e-05,True,True,4748.71456225358,84.53640648706097,0,0.970024517768833,1.000000000028561,0,0.0,0,2.064634204286449,0.9772069611493277
26,0.6384780165952335,123.78830882904037,True,5000.880025746375,0.3218357459991239,0.000698919000569731,True,False,5079.520723466796,93.53738482449519,0,0.9852398814281654,1.0232597798109053,0,0.7787154740826807,0,1.074601816490599,1.5725499925201363,True,True,99.99983051365892,0,0.9849401235693517,1.049993482930869,0,0.0,0,0.9226741494643136,1.2614386866894722e-05,True,False,5039.0390886493105,105.62950635607014,1,0.9750422715953841,1.000000000041921,0,0.0,0,1.2163069177549062,0.7630596685055422
27,0.7008251042781244,134.71867751302207,True,6564.907828468774,0.36033997099912085,0.0006034660000295844,True,True,7176.621662696889,93.85349281514453,0,0.9754851382456562,1.0313218444585799,0,0.0,0,1.4347962689226108,9.317934848115925,True,True,99.99999807946067,0,0.9604238905532229,1.049999976928371,0,0.0,0,1.7740625718404885,9.400968465368776e-10,True,False,6603.117100759231,111.1312692298968,1,0.9719615916165812,1.0000000000348714,0,0.0,0,1.873244202233309,0.5820229826660792
28,0.8766346173142936,165.07690208965977,True,9013.139368701168,0.470084422000582,0.0006082979998609517,True,True,9370.857277404508,98.23294593750748,0,0.9709618875121154,1.0364735066890718,0,0.0,0,2.4405687683751296,3.968849294528441,True,True,99.99999317172217,0,0.9729698828910579,1.0499999455389029,0,0.0,0,2.751671110689756,1.0187137746870968e-07,True,False,8791.902444737325,115.55983757282438,3,0.9645548746337739,1.0,0,0.0,0,3.0488025303570225,-2.454604394287669
29,0.857729553450769,162.1941397248241,True,8474.319187049634,0.5289931789993716,0.0007191920012701303,True,False,8734.072249190343,101.65182687978913,1,0.9781217823331081,1.0332570672035217,0,0.0,0,2.770793104986325,3.0651845440044707,True,True,99.99999194090424,0,0.980706457696438,1.0499999003784244,0,0.0,0,2.657476913394987,5.26432949087508e-06,True,False,8401.843711530042,149.9321764256524,3,0.9581893369793654,1.0000000000134257,0,0.0,0,4.427025986313851,-0.8552313362188563
30,0.7437621783834848,140.502789695958,True,8508.662172093935,0.5229446880002797,0.0005827950008097105,True,True,8835.06680210978,83.44972706253763,0,0.976937215390531,1.0301910936832428,0,0.0,0,2.1448249756348616,3.8361451365149977,True,True,99.99998368449809,0,0.9869609931166956,1.0499998504268329,0,0.0,0,2.362995617674528,9.216308109420426e-10,True,False,8485.300570082336,138.26713407410224,2,0.9723454820368124,1.0000000000000002,0,0.0,0,2.881093809872283,-0.27456257471374523
31,0.7164767475176828,137.86723549227514,True,5598.0644046321895,0.4748598869991838,0.0006203660013852641,True,True,5900.322988090743,91.70841531470279,0,0.9785230559805737,1.0280273139476777,0,0.0,0,1.942559404834867,5.3993409461686275,True,True,99.99999954615652,0,0.9500000125149219,1.0499999941488656,0,0.0,0,2.1756684037719367,2.2650186686960016e-09,True,False,5521.88028167274,108.58280506715272,1,0.9723596997058156,1.000000000010948,0,0.0,0,1.987581472614977,-1.3609011495355097
32,0.733043763821327,137.73105113553848,True,8454.907997814413,0.4984386519990949,0.0006522830008179881,True,True,8749.176964194305,75.95289735104062,0,0.9747668656941588,1.0259579181671143,0,0.0,0,1.6327965086249776,3.480456577032729,True,True,99.99999308350102,0,0.9835090632045612,1.049999827396404,0,0.0,0,2.680291885617123,4.9731775661732464e-06,True,False,8461.790828185423,110.0621934458063,1,0.9719974980861114,1.0,0,0.0,0,2.8844802523635167,0.08141130799617359
33,0.5312976339293847,103.53881014461183,True,3109.144425559754,0.3921126129989716,0.0006023569985700306,True,True,3159.360709430089,63.61146542060069,0,0.9794795444088423,1.0219253584742545,0,0.0,0,1.5751740506324552,1.615117080855786,True,True,63.94986268917029,0,0.9771526721878081,1.0290240777326272,0,0.0,0,2.0153176824994574,1.2285825968921965e-06,True,True,3111.787239973445,64.25196550532061,0,0.9741545815781708,1.000000000055347,0,0.0,0,2.093612331171002,0.08500256928694748
34,0.7809505151641187,146.0204237376433,True,8773.038225007585,0.4662779149984999,0.0005659459966409486,True,True,9589.655591543264,91.36616292139132,0,0.9832382447811173,1.0368603706359865,0,0.0,0,1.5520402334344396,9.308263027215304,True,True,99.99999644677966,0,0.9500000696594264,1.0499999619839036,0,0.0,0,2.3622094807376754,1.1150157332240763e-06,True,False,8666.791397140372,109.78461630469252,1,0.9693167314268715,1.0000000000689244,0,0.0,0,2.201374238246018,-1.2110597093748972
35,0.846352555909513,156.43323165796966,True,6274.161038528138,0.4669671510000626,0.0006851350008219015,True,True,6559.380226825712,79.31890370288772,0,0.971878707866166,1.034181159734726,0,0.0,0,2.1266306576155785,4.54593349707207,True,True,99.99999262645899,0,0.9790328163330209,1.049999814877396,0,0.0,0,3.097486148036097,2.0004311026476099e-10,True,False,6266.993164779879,107.58450986205264,1,0.9690344140072549,1.0000000000036022,0,3.4945996485336224,0,3.494599648533608,-0.1142443378757095
36,0.5574324237367646,103.5180669369763,True,5653.987861272106,0.24791090000144322,0.0005628149992844556,True,True,5719.047983019924,62.627879335396706,0,0.9838073260638015,1.0262151896953582,0,0.0,0,1.3390740383230622,1.150694392553789,True,True,62.99529803530003,0,0.9793767278837322,1.027657493782333,0,0.0,0,1.600813588795944,-8.261652700260319e-09,True,True,5662.939208185999,64.0191474955688,0,0.9736224185040347,1.0000000000809486,0,0.0,0,2.080659919134831,0.15831916632425333
37,0.7920518197044097,148.0813861688643,True,6222.28650080231,0.3030473719991278,0.000564547000976745,True,True,6385.370409265878,92.67204448076787,0,0.9792734506281005,1.0325595676898953,0,0.0,0,2.27671119218968,2.620996833425483,True,True,95.21763523588459,0,0.9688833582592848,1.0497732016225958,0,3.999070676741212e-05,0,2.455313853348315,3.1692587774912164e-05,True,False,6192.863129921819,96.09590883206742,0,0.9675464830352697,1.0000000000000002,0,2.7505663587481024,0,2.7505663587481024,-0.47283917572928347
38,0.8882336884466284,166.17963712902724,True,5144.4309071881025,0.345787594000285,0.0006248009995033499,True,True,5702.786964595512,94.24150930624472,0,0.9705144768483848,1.0329033255577087,0,0.0,0,2.8286514559699185,10.85360203112079,True,True,99.99999028700803,0,0.9724724205701483,1.0499999612363649,0,0.0,0,2.6634006709692812,4.3425441536265547e-10,True,False,5345.733114617877,130.6021597625328,4,0.9630379848053391,1.0,0,0.0,0,3.804009772189545,3.913012169562175
39,0.5723902185240703,107.39568830931613,True,3150.8937135091255,0.3400514939985442,0.0007356930000241846,True,True,3601.7656375924207,90.68166361866663,0,0.9728366341708936,1.0284600615501405,0,0.0,0,1.8917219165545873,14.309334801065845,True,True,93.90487337192131,0,0.9958653254130398,1.049999731640251,0,0.0,0,1.5842306968866495,1.8347840246414766e-07,True,False,3313.78608062491,113.29036005490498,1,0.9786799400179824,1.0,0,0.0,0,1.851481245595295,5.169719705158011
40,0.6090521664502169,111.78530837504117,True,4048.619444693111,0.4019138240000757,0.0006221870025910903,True,True,4247.117171968458,92.3884706455898,0,0.9853370652663663,1.0171991825103759,0,0.0,0,1.4171268779610244,4.90285791974288,True,True,100.00000107263054,0,1.0000000000251887,1.0499999706562329,0,0.0,0,1.822189590692247,7.812570874744215e-06,True,False,4053.311111041016,110.66174204021047,2,0.9797648712021488,1.0000000000251887,0,0.0,0,1.7774739643267168,0.11589093714052605
41,0.8718446169914569,160.8961422219656,True,8866.994296511979,0.3028286680000747,0.0007004340004641563,True,True,9016.68048441521,99.67761959648963,0,0.9673396293145219,1.0355931520462034,0,0.0,0,2.855416739912073,1.688127767857066,True,True,99.99999943671872,0,0.9829427788833665,1.0499999961631636,0,0.0,0,3.115624530074541,5.534730647521125e-08,True,False,8690.671128218399,111.3868826708575,2,0.9630636717053628,1.0000000000013904,0,3.7951338896015443,0,3.7951338896015443,-1.9885336291790368
42,0.8788003372350047,166.01971864687278,True,5668.866334996229,0.3131986030002736,0.0005951879975327756,True,True,6094.518660029396,93.72044915061525,0,0.9709365673129376,1.034957653284073,0,0.0,0,2.7178500915568407,7.508610696438637,True,True,99.67273843362577,0,0.9677919848737894,1.0499995727248843,0,2.177195005970134e-05,0,3.0475568097745622,1.278137309672036e-05,True,False,5604.4907414816735,102.32665958047298,2,0.9654135328498404,1.0000000000192018,0,3.469414877853154,0,3.469414877853154,-1.1355864361498738
43,0.6136827575546075,112.88135665712518,True,4580.867269097751,0.28903298799923505,0.0006419239980459679,True,True,4916.838200782188,94.48282496892112,0,0.9782470779171237,1.0199407622218133,0,0.0,0,1.1723213971373099,7.334221060622437,True,True,99.99999482805836,0,0.9589855556492024,1.0499999256095716,0,0.0,0,1.5734477844842587,6.607697264089661e-09,True,False,4654.2532783822835,103.92470746921842,1,0.9762251238592297,1.0,0,0.0,0,1.4861890771576753,1.6020112629573224
44,0.8681774149343826,163.52118866750365,True,5517.55411175317,0.24597611900026095,0.0006963230007386301,True,True,6149.02664138586,97.42360178367971,0,0.9758868653059751,1.0289685100317,0,0.0,0,2.2437100875793305,11.444790883976397,True,True,99.99999507919006,0,0.9564952322371252,1.0499999691011586,0,0.0,0,2.4752408927223826,5.979842232228972e-09,True,False,5120.410768127865,121.91365952826526,3,0.9637282707098677,1.0000000000408342,0,0.0,0,2.502953655591341,-7.197815105666867
45,0.7876068039784064,144.93211342558027,True,7159.589195343806,0.2722977160010487,0.0005664820018864702,True,True,7448.872847279374,87.30871726796232,0,0.9793303102999027,1.0254527509212494,0,0.0,0,1.9994457104244816,4.040518173639824,True,True,99.99937798824968,0,0.9807405536470225,1.049899318207605,0,0.0,0,1.943802707737774,1.1419986208510254e-05,True,True,7186.327088535314,99.22596860752377,0,0.9679983676036003,1.0000000000000002,0,0.0,0,2.0455060214756884,0.3734671520882784
46,0.7692679657682624,146.83981339455818,True,7031.9118730229575,0.32878913000058674,0.0006140409968793392,True,True,7514.162518831512,94.60061238041277,0,0.9733424726475282,1.0244731217622758,0,0.0,0,2.2370369315877383,6.858030284386593,True,True,99.99999921601749,0,0.9644956435462815,1.0499999969655325,0,0.0,0,2.789127008804911,1.961154862579566e-10,True,False,6935.624655277599,140.5298042455595,3,0.9727203164413617,1.0,0,0.0,0,2.903275838487218,-1.3692893123582817
47,0.8342587762824446,155.0446003889774,True,5880.704593029639,0.3193778969998675,0.0007589319975522812,True,True,6177.361115444276,89.50131652632714,0,0.9845786121477323,1.0406448602676392,0,0.0,0,3.657302942212766,5.044599952632195,True,True,99.99999493772023,0,0.9691476833190287,1.049999941359029,0,4.179014760552491e-05,0,4.092497255903993,2.4261165041996996e-05,True,False,5505.667366992697,149.8059586573663,2,0.9644801525583243,1.000000000012912,0,4.724557183439202,0,4.724557183439202,-6.377397204110936
48,0.8499338683455632,162.22055814894824,True,7267.393500428551,0.34128186700036167,0.0006366410016198643,True,True,7978.307311780072,97.31664278921136,0,0.9763894004433545,1.03480584025383,0,0.0,0,2.873542728990259,9.782265279196347,True,True,100.00001018584695,0,0.9835216147101676,1.0499999892772611,0,0.0,0,2.747962903176557,2.381135996619933e-05,True,False,7068.085878019427,128.5439017902887,4,0.9663271002451999,1.0000000000340359,0,0.0,0,3.573391535036393,-2.7424679754853045
49,0.8909542254818043,170.6872059940235,True,10297.632544440678,0.2747061819991359,0.0006637360020249616,True,False,10406.409880778956,104.01483969193481,2,0.967470213715438,1.033059546351433,0,0.0,0,2.4913864340608427,1.0563334423656678,True,True,99.99999966531496,0,0.9817869573962823,1.0499999969721927,0,0.0,0,2.273585579560745,5.564207691857377e-12,True,False,9305.129917189543,159.50180080163702,3,0.9640290075396075,1.0000000000078455,0,0.0,0,3.046623936427153,-9.638163169712575
50,0.782926619346682,150.22691165299054,True,10316.671224048127,0.2833882390004874,0.0007329170002776664,True,True,10900.186766846356,87.42506856225279,0,0.980532312657828,1.0287445902824401,0,0.0,0,1.8761762141280656,5.656044766479022,True,True,99.99999846468509,0,0.98263001507637,1.0499999882307987,0,0.0,0,2.3923678746678547,4.0725362213091017e-10,True,False,10261.406126948328,123.32810795261841,2,0.969322927975938,1.0,0,0.0,0,3.193347053948685,-0.5356872954251528
51,0.768339206011561,153.21059525222185,True,7680.132218341983,0.30563133000032394,0.0006125719992269296,True,True,7857.2195633954525,90.47180647522065,0,0.9702214122582841,1.029460373520851,0,0.0,0,2.472977814035289,2.305813513078459,True,True,99.99999331794821,0,0.9759857224390132,1.0499999345683628,0,0.0,0,2.7438649099468364,2.776375707926856e-05,True,False,7665.456902521056,133.8871945781914,2,0.9670568763483853,1.0000000000408535,0,3.7983143959389167,0,3.7983143959389167,-0.19105384106605758
52,0.6726179030831101,126.68967859457275,True,4899.798012776947,0.2820672339985322,0.0006580219996976666,True,True,4983.455414654024,89.07067343441688,0,0.9836194121045007,1.028624138236046,0,0.0,0,2.261063580458895,1.707407091938397,True,True,89.79816478387951,0,0.9676859207589312,1.0462693251577013,0,0.0,0,3.160490532116242,4.207690364817734e-05,True,True,4906.257757924319,90.91421007543346,0,0.9625435061475407,1.0000000000369096,0,0.0,0,3.295417102113632,0.13187910056437663
53,0.6916925861953679,129.33833502809853,True,6986.106545615965,0.39515340400066634,0.0007932260014058556,True,True,7413.674157639608,94.880713546289,0,0.9789989810726855,1.0261375725269317,0,0.0,0,1.9694017137389324,6.120256117253035,True,True,99.99999802320835,0,0.9885657264307022,1.0499999891068756,0,0.0,0,2.370588467125515,1.6081537435671386e-08,True,False,6999.492584730295,136.40999180080934,2,0.9752527950577592,1.0000000000486302,0,0.0,0,2.7001770433286367,0.19160944873301536
54,0.6793885561977572,128.77572717315155,True,6610.701844731763,0.3021972279984766,0.0006629839990637265,True,True,6874.226588216562,86.11558308344325,0,0.9888474401959932,1.024546381831169,0,0.0,0,1.7588531077959715,3.986343557160187,True,True,99.99999500510621,0,0.9802084680186185,1.0499999415870385,0,4.474559659684019e-06,0,2.7622332308147577,7.907591181222474e-06,True,False,6356.191057733267,143.55213897804842,2,0.9733911588325123,1.0,0,0.0,0,3.621078927560063,-3.8499737297896446
55,0.7309712648738527,138.12405784789675,True,4254.54430026979,0.30718976800017117,0.0005823040010000113,True,True,4510.440377402117,72.28355696947801,0,0.9823352975618598,1.0339748322963715,0,0.0,0,2.151966394565278,6.014669051411156,True,True,84.43728448793587,0,0.9722454737318745,1.0498591608006953,0,2.1215766537352465e-05,0,2.6700919102518696,1.5124345317898726e-05,True,False,4188.240353132841,79.22386663111163,0,0.9720490594426875,1.0000000000173597,0,2.9447426921703936,1,2.9447426921703936,-1.5584116420837626
56,0.6610678751358486,122.06946726326035,True,5582.192082377416,0.38726898599998094,0.0007417599990731105,True,True,5599.764718140099,90.39696803204194,0,0.9816306218784754,1.0396443426609039,0,0.0,0,2.6498662614830835,0.3147999689899978,True,True,90.64740743083057,0,0.9736918655101263,1.0421584407290958,0,8.760690377584979e-07,0,2.502677550587137,1.842606050734153e-06,True,False,5532.532841497308,90.67652852676848,0,0.972933782589937,1.0000000000659623,0,2.8045564323413856,0,2.8045564323413856,-0.8895992506974715
57,0.8332823160513976,158.0018949153333,True,6990.397013726182,0.5748573649998434,0.0006045219997758977,True,True,7135.741239676811,99.57213840405637,0,0.9871534332991642,1.031576257944107,0,0.0,0,3.075865897327162,2.079198451685545,True,True,99.9999869957946,0,0.9743920800797979,1.049999886357028,0,0.0,0,3.4825905187826436,7.363470221407768e-09,True,False,7002.159509932259,103.54752783091483,1,0.9614899304484552,1.0000000000377778,0,0.0,0,3.658039564231842,0.1682665047290246
58,0.8027698358190112,151.4637224438593,True,7788.727745059464,0.37167956400116964,0.0005763279987149872,True,True,8154.380293498251,93.57068098166279,0,0.9745711149159844,1.032626801729202,0,0.0,0,2.035749028322755,4.694637773230173,True,True,99.99999112768177,0,0.9500001046370498,1.0499999535194096,0,0.0,0,2.1964618387993937,7.76862555441219e-08,True,False,7623.445483279769,121.8212529635419,2,0.9679599110487982,1.0000000000326914,0,0.0,0,2.2859500323987447,-2.122070012810076
59,0.6306961482854291,120.99017790765329,True,7114.143128934531,0.4521381289996498,0.0006523490010295063,True,True,7504.622779165493,74.61980661747715,0,0.9871466070556799,1.0281424164772033,0,0.0,0,2.555816963944821,5.488780692134433,True,True,99.9999582010607,0,0.975157159402366,1.0451467186859784,0,6.381856110238004e-07,0,2.7376221404662004,8.560164445489823e-07,True,False,7055.874825749378,114.96226837998252,2,0.9725901627066692,1.0,0,3.1508697415418823,0,3.1508697415418823,-0.8190479405554332
60,0.7919297641435528,148.6543799835271,True,11172.329170305547,0.48382809099894075,0.0005994589992042165,True,True,11550.044766001296,94.61284598709395,0,0.9728972936708397,1.0348221629858019,0,0.0,0,2.003079189565341,3.3808242299348166,True,True,99.99999509746469,0,0.9641751558214685,1.049999976424292,0,0.0,0,2.447603459447606,1.0527595706368422e-05,True,False,10269.275435806765,160.2362636633071,2,0.9692670918918378,1.0000000000516676,0,0.0,0,2.7578840465442624,-8.082939910069667
61,0.5040592574122444,98.13686770200646,True,4406.110871684177,0.4281276009987778,0.000606533998507075,True,True,4493.068834039541,86.46645954376784,0,0.9842887813002685,1.021036906540394,0,0.0,0,0.9761855223190281,1.9735786624785203,True,True,92.07070057548933,0,0.9945734408505773,1.0455181054238567,0,0.0,0,0.821918300446228,2.2624479032670313e-06,True,True,4427.2681076461195,90.76391393522591,0,0.9792438255272864,1.000000000032454,0,0.0,0,0.9287888974800325,0.48018165549451025
62,0.8174688757406399,156.5393923337523,True,5337.630754195554,0.3207620950015553,0.0006453290006902535,True,False,5068.267953092755,103.68119493201091,1,0.9794019686984721,1.0395170003175735,0,0.0,0,2.4289062042084026,-5.046463153764509,True,True,100.00000288032194,0,0.9823971806367294,1.049999997562769,0,0.0,0,3.288663371445409,2.430432504137174e-05,True,False,4750.315860939853,109.71835708922812,1,0.9600015752180352,1.000000000031137,0,4.124245315443176,0,4.124245315443176,-11.003266538470186
63,0.8938192431915295,164.50036267204817,True,7653.91270124574,0.3306138009993447,0.0006378799989761319,True,True,8020.576372804405,96.21030448428453,0,0.9749867454063014,1.0415204763412473,0,0.0,0,2.5551345499291074,4.790540345978653,True,True,99.99987248622446,0,0.972166740802574,1.0499990679772457,0,0.0,0,3.087457051082424,1.3021570059298016e-06,True,False,7665.460473914329,102.06076663068482,2,0.9619180097897008,1.0000000000000002,0,0.0,0,3.2425134882374493,0.15087541412694233
64,0.6475774874875769,124.00221957758862,True,4821.792819527738,0.34054750299947045,0.0005773890006821603,True,True,5140.697831059564,97.70884872716192,0,0.978483624461315,1.0241851031780242,0,0.0,0,2.0345442489566494,6.6138265055401675,True,True,99.99999908232915,0,0.9696541263835473,1.0499999886802838,0,0.0,0,2.4371695237498443,1.620826166710517e-10,True,False,4558.813984858174,122.97051105157301,2,0.9730569845539939,1.0000000000000002,0,0.0,0,2.3718926418669213,-5.453963795315702
65,0.6289757503553227,120.77687316301872,True,5096.508915314377,0.26632512799915276,0.0005908870007260703,True,True,5337.001181965839,66.45274929310577,0,0.9803292520625079,1.029225242137909,0,0.0,0,1.8050368265616754,4.718765906494642,True,True,82.22633943910984,0,0.9848024411740993,1.037322602738487,0,0.0,0,1.7931129077891796,1.0954813499236707e-06,True,False,5167.044698354674,113.28710207034251,2,0.9747093259692465,1.000000000012,0,0.0,0,2.4455343097184254,1.3840030659488658
66,0.6250180854261029,120.0592454453391,True,4165.591392793,0.29600959200070065,0.0006236379995243624,True,True,4458.349210243329,88.87634241555142,0,0.9855063125962357,1.035927265882492,0,0.0,0,2.023211133797062,7.028001314865036,True,True,80.31288242066768,0,0.9742035928603104,1.0298283563293145,0,0.0,0,2.204235168790831,9.130445260513782e-09,True,False,4093.4525771013864,74.46366686155429,0,0.9739524562830468,1.000000000053564,0,2.3896873067163114,0,2.3896873067163114,-1.731778480305871
67,0.5698083041822272,108.52700795374024,True,6936.851822032149,0.26732513699971605,0.0006132620001153555,True,True,6986.352753179398,67.52873671653869,0,0.9916293867982128,1.0310101747512816,0,0.0,0,2.39568330785589,0.7135936104655283,True,True,68.17707179511088,0,0.9691524984300476,1.0282048844190446,0,0.0,0,2.6425426130388274,3.1809787958988174e-09,True,False,6936.575178719892,68.20438747179568,0,0.9721026795247806,1.0000000000230185,0,2.8120666821152724,0,2.8120666821152724,-0.003988020772295191
68,0.7202379234030007,135.36071819103614,True,5277.528600836518,0.37311115999909816,0.0005631669991998933,True,True,5473.61935228073,83.31853184321922,0,0.9833081352771924,1.0310356080532075,0,0.0,0,1.7753727868322926,3.715586167967804,True,True,82.99761504631738,0,0.971468034526074,1.0483291770375684,0,8.477176720589341e-06,0,2.409983503476411,6.78269698839397e-06,True,False,5270.118861547433,83.57636796159625,0,0.9715152374896474,1.0,0,2.706578991443351,1,2.7065789914433367,-0.1403949157512401
69,0.6866626809156858,130.093614442197,True,4279.72633117752,0.3142715229987516,0.000598138001805637,True,True,4284.273015376503,73.79694184657596,0,0.9910282947216997,1.0296979606151582,0,0.0,0,3.126453844493227,0.10623822747551621,True,True,74.55987601828942,0,0.9669098004114693,1.0415087210913732,0,0.0,0,3.498270470764254,4.947411649358497e-07,True,False,4284.568576139885,75.01570969522396,0,0.9666289185609974,1.000000000052702,0,3.718817398564113,0,3.718817398564113,0.11314429440533945
70,0.8192529073207373,151.82196673514028,True,7111.512459011062,0.2927977979998104,0.0005984649978927337,True,True,7219.823085326833,86.11215681334306,0,0.9721379058236385,1.0295123219490054,0,0.0,0,2.275270090370043,1.5230322423337876,True,True,99.99997496515289,0,0.9767362259033098,1.049999480887657,0,0.0,0,2.1546390073026203,1.8733857092912965e-08,True,False,7138.780011214126,104.39043637226162,1,0.9679808524390797,1.000000000026125,0,0.0,0,2.21429184731727,0.3834283311404724
71,0.7376368892858334,140.21255673222015,True,5721.180996710899,0.3081954069984931,0.0006071940006222576,True,True,5876.492217990765,93.35851887652163,0,0.9796879502255559,1.02344251871109,0,0.0,0,1.8506115616264367,2.7147133045037486,True,True,99.99992771658128,0,0.9803565396526854,1.049621781247847,0,0.0,0,1.8555392804601922,4.15283896316842e-05,True,False,5784.979351282369,101.23869251688049,1,0.9697125502007783,1.0,0,0.0,0,1.9402672343773872,1.1151676029287265
72,0.7003097668482472,135.7097070012215,True,7902.280979332469,0.5056811809990904,0.0005733849975513294,True,True,8135.832644342018,94.5837551888522,0,0.982616073303654,1.0256160646677017,0,0.0,0,2.0145188777375154,2.9555134609249656,True,True,99.9999976580192,0,0.992934639184242,1.0499999697937825,0,0.0,0,2.0799409319144786,1.613915615113158e-05,True,False,7727.718558975385,145.78125055186445,2,0.9722781779245876,1.0000000000554938,0,3.935689260270678,0,3.935689260270692,-2.208997296161239
73,0.7594706641057967,147.58805305882495,True,4219.595693173464,0.3572580609998113,0.0006089819980843458,True,True,4529.806720054945,90.6552328536519,0,0.9749266280933951,1.0305989623069762,0,0.0,0,2.35869090957263,7.351676547245934,True,True,99.9999977435585,0,0.9784222915337458,1.049999970434208,0,0.0,0,3.323030391143078,1.8135811880524144e-09,True,False,4196.240478528238,111.8161135742888,1,0.9680085076584493,1.0000000000617082,0,0.9614026683155998,0,3.3733496094906457,-0.5534941323148084
74,0.8403869257350054,157.29744993298192,True,5195.571862741178,0.3069508850003331,0.0006429880013456568,True,True,5203.318703536944,94.85194166573935,0,0.9844388466560279,1.0321305036544801,0,0.0,0,4.822780846434284,0.14910538042413984,True,True,96.73658476768948,0,0.9602170814309396,1.0499967575853382,0,0.0,0,5.017866711025789,6.994648234207374e-07,True,False,5167.543807182579,97.98267969276809,0,0.9558929685555756,1.0000000000777716,0,2.691815286831769,0,5.3943653538498495,-0.539459758307721
75,0.8344313779726888,157.70025930474367,True,6613.091644354001,0.275742674999492,0.0006208690028870478,True,True,7163.63010821525,88.24018248622785,0,0.9857151003456426,1.0274416595697402,0,0.0,0,2.487494912527609,8.324981288635474,True,True,99.9999935667647,0,0.9816890530124864,1.0499999478996538,0,0.0,0,2.63077705107645,2.4866099223119426e-06,True,False,6655.282256944408,133.123757942891,2,0.9695259730413482,1.000000000065022,0,0.0,0,3.1375716824711617,0.63798871012678
76,0.848998798903061,165.6469050260541,True,11952.45562926642,0.42316683900025964,0.0006205619974934962,True,True,12101.046619147974,84.07151007721902,0,0.9880107498262116,1.0467943489551546,0,0.0,0,2.193634558833537,1.243184080616764,True,True,97.51443155529336,0,0.9703657224408249,1.0499997535677348,0,0.0,0,2.6113680772408543,2.95381631384642e-07,True,False,12009.849408461841,100.78219995149851,1,0.9608804120092309,1.000000000050049,0,0.0,0,4.099297985857987,0.4801842939268284
77,0.6997075199296647,129.20892630480182,True,7344.741850488418,0.3010273660001985,0.0006185380007082131,True,True,7894.67868856798,89.47965057260751,0,0.9788902335483951,1.0336189806461336,0,0.0,0,1.9190365487830547,7.487490388145672,True,True,99.99999524130729,0,0.9905121597746042,1.0499999620889542,0,0.0,0,2.05344235343091,2.5458549214024816e-08,True,False,7238.446767646869,160.05968605197137,2,0.9732009732627043,1.0000000000660008,0,0.0,0,2.667583134487245,-1.4472269163779619
78,0.520407532841122,92.1565430283351,True,3210.4408124745582,0.26854974900015804,0.0007108619975042529,True,True,3294.2773783164575,58.78191284238484,0,0.964242939582842,1.0154292702674865,0,0.0,0,1.2184552210988926,2.611372486379163,True,True,56.87495120722736,0,0.9830351130508712,1.024618257051597,0,0.0,0,1.1775787688511485,6.758838803228874e-08,True,True,3240.079194949601,57.32810275004616,0,0.9776583485256505,1.0000000000710358,0,0.0,0,1.2517961658514025,0.9231873875324712
79,0.6964611514349243,133.282266471694,True,6032.074569218644,0.3258367190010176,0.0005701339978259057,True,True,6703.404811674577,96.86966804358507,0,0.9723984805101082,1.0335439711809158,0,0.0,0,1.661351204190595,11.129342564147846,True,True,99.99999775875258,0,0.9616131346116792,1.0499999740090846,0,0.0,0,1.8027736437917952,1.152474761838391e-09,True,False,6127.597956451452,107.38829131845937,1,0.9707342235610382,1.0000000000165934,0,0.0,0,1.880919412265456,1.5835909554380823
80,0.7021121774251883,137.92301273742424,True,6051.845100583311,0.34468083799947635,0.0006238659989321604,True,True,6465.550431782553,90.72302040040013,0,0.9749775758984213,1.024134397506714,0,0.0,0,2.1370046802575757,6.836019836874075,True,True,99.9999976045909,0,0.9719092749917554,1.0499999879339292,0,0.0,0,2.286174388231018,5.777167442007782e-09,True,False,6017.86187064867,120.72080048885985,2,0.9724679069312664,1.0000000000039517,0,0.0,0,2.5637683101138293,-0.5615350198521002
81,0.5686090332569981,109.08548562623037,True,5202.221906651124,0.30496450000100594,0.0006813939980929717,True,True,5412.756846551028,81.29591790157983,0,0.9838154131161022,1.031853473186493,0,0.0,0,2.0795946601073894,4.047019596450084,True,True,94.42442267983645,0,0.9739593724177622,1.033985549867257,0,0.0,0,2.3480353762839314,2.089266025041783e-09,True,False,5198.635378149844,98.3614310486292,0,0.974592364816261,1.0,0,1.6642364807864851,0,2.5787508545561195,-0.06894224154647839
82,0.7024424976962779,129.4416561447926,True,7658.920580314506,0.30690566199882596,0.0006254300024011172,True,True,7813.968111412344,89.266548085386,0,0.9755303518785015,1.0259292781352998,0,0.0,0,1.9711481387082017,2.0244177928323035,True,True,99.99999506830666,0,0.9509178329741207,1.0499999472131307,0,0.0,0,1.9856405579042473,1.3051869796120958e-05,True,False,7647.4041501749,106.33983836350214,1,0.9734240347157666,1.0,0,0.0,0,1.9896529049612468,-0.15035319781186277
83,0.5950818177068617,109.77832813847408,True,7331.698955840128,0.3074179160012136,0.0005874960006622132,True,True,7841.861366290403,93.15280425441756,0,0.9849918761530905,1.0257050663232803,0,0.0,0,1.297945568157246,6.958310962311595,True,True,99.99999977760858,0,1.0000000000003473,1.0499999958777742,0,0.0,0,1.8714542762421473,2.1903397383961195e-08,True,False,7240.470359963362,140.92219946324687,2,0.9782165410180026,1.0000000000003473,0,0.0,0,2.476905505644879,-1.244303603303136
84,0.5250318478449909,101.19956226794889,True,5872.158586661174,0.2936253499992745,0.0006513600019388832,True,True,6006.748059429844,91.23034545521587,0,0.9781888795692597,1.0217492401599884,0,0.0,0,1.192950222533483,2.2920122943188543,True,True,95.8582724279293,0,0.9958160802563032,1.0473868693249226,0,0.0,0,1.008891870313704,1.8711946851029197e-05,True,True,5910.78938579542,94.66955083418067,0,0.9788648869353034,1.0000000000000002,0,0.0,0,1.0777730723130077,0.6578825245927058
85,0.849364738145131,163.4119497296752,True,6354.870860085941,0.34939549199953035,0.0006743109988747165,True,False,6523.764562608995,100.9266529943554,1,0.9793433218738463,1.037967282533646,0,0.0,0,2.885517704070452,2.657704716548314,True,True,99.99999942486329,0,0.9735976860200032,1.0499999963714293,0,0.0,0,4.0588113572033535,8.584630891488503e-10,True,False,6168.29683937455,113.78880241672424,1,0.9519423835830152,1.0,0,5.436386970646211,0,5.436386970646197,-2.9359215122731164
86,0.7495803497252905,138.92397690639922,True,5921.306475000701,0.33919059300023946,0.0005914180001127534,True,True,6011.919915265482,76.9661330235382,0,0.981860701098765,1.0285454511642453,0,0.0,0,1.7723445381562897,1.5302947119895687,True,True,99.99995853741257,0,0.98352650603566,1.0499997685033116,0,0.0,0,1.763150488645607,-6.6060364957706435e-09,True,False,5927.931597428365,112.22154227922276,1,0.9723148446810503,1.0000000000000415,0,0.0,0,1.935340805231533,0.11188615323382131
87,0.565619865764884,109.37292556264241,True,3950.557653304868,0.33256461900055,0.000689192002027994,True,True,4084.211406334853,65.37324463295775,0,0.9897606077840413,1.0253429532051086,0,0.0,0,1.598715830642334,3.383163264469799,True,True,63.6164358048253,0,0.9823383546824986,1.0396433625208492,0,0.0,0,1.4366199196128662,1.5238761924306489e-06,True,True,3961.025232960728,65.80327854402144,0,0.9757679096817385,1.0000000000000002,0,0.0,0,1.6362630854600582,0.26496613733060337
88,0.5222901194361198,96.29606640534445,True,2688.0440106496626,0.2747286300000269,0.0005942050011071842,True,True,2728.305615477246,53.717672169437094,0,0.9854876658655706,1.0272472828626633,0,0.0,0,1.8672918939741407,1.4978035786783856,True,True,53.71542882376641,0,0.9724449051789545,1.0193358764383085,0,0.0,0,2.2395488260170566,5.336783742472065e-07,True,False,2688.272318777423,53.477028942729,0,0.9775477110550964,1.0000000000697715,0,2.389183343497564,0,2.389183343497564,0.0084940006035608
89,0.6195450647360395,118.52591241724043,True,4255.478482059365,0.2527418130011938,0.0006361800005834084,True,True,4298.679274556242,71.13493359608708,0,0.9816296834452458,1.0274838626384735,0,0.0,0,2.459093987649922,1.0151893523005777,True,True,71.01947559663942,0,0.9722629557439215,1.037429178742038,0,0.0,0,2.6645307986267,8.65248157774605e-06,True,True,4259.729958339021,71.58405311083452,0,0.968832968682315,1.0000000000000002,0,0.0,0,2.770582888619188,0.09991461289092561
90,0.554503541975016,105.76452454076684,True,3939.488947677072,0.2743005640004412,0.0006273569997574668,True,True,4241.433371695236,72.18484138437466,0,0.967094316369719,1.020973551273346,0,0.0,0,1.5314956808848308,7.664558213136177,True,True,85.47606846890184,0,0.9828178952039615,1.0385205327999116,0,0.0,0,1.6035357731437045,-7.624528217676142e-09,True,True,4036.656365424752,83.68122017298151,0,0.9740355857864964,1.0000000000000002,0,0.0,0,1.709224508274204,2.4664980338934375
91,0.8996161180429525,166.2014930587175,True,6314.273791881295,0.38259812299838813,0.0006245619988476392,True,True,6429.956405000347,97.07567416839683,0,0.9796582640771074,1.0377703100442888,0,0.0,0,2.794289917292076,1.8320822010204265,True,True,99.99999084989803,0,0.9733089604159367,1.0499999231900716,0,0.0,0,3.262096206581276,1.1375769644346393e-06,True,False,6192.731810029434,134.31896145785282,2,0.968139127327516,1.0000000000302838,0,0.0,0,4.035361202675745,-1.9248755345554647
92,0.547851318933409,104.17672592830843,True,5049.848118307189,0.31908759900034056,0.0005560220015468076,True,True,5143.733683329646,88.27852585814631,0,0.9853233602868786,1.0374656081199647,0,0.0,0,2.124250510310276,1.859176119906213,True,True,91.94671257900954,0,0.9762345584022397,1.0285614094794315,0,0.0,0,2.139925064747075,1.02739449478469e-07,True,True,5060.520499420593,95.66486400036982,0,0.977721899395257,1.0,0,0.0,0,2.3310158038313205,0.21134073862270536
93,0.8840181378147574,169.4068369741831,True,8348.770487429394,0.39975488200070686,0.0005958269975963049,True,True,8817.779311124099,94.22611115472255,0,0.9696926824056004,1.0321292400360107,0,0.0,0,3.0125258127472705,5.617699586981181,True,True,100.00000045475626,0,0.9678817480874031,1.049999999131866,0,4.5274333615452633e-07,0,3.489133731091158,2.437759230265983e-07,True,False,8268.588467173127,125.29344211972287,2,0.9687105911414446,1.0000000000000002,0,3.9091315314218207,0,3.9091315490870215,-0.9604048909976332
94,0.6951085597926744,128.2873443378629,True,3943.441279811899,0.2903261550000025,0.0006076889985706657,True,True,3974.6209336274856,75.88231036548513,0,0.9847168799188653,1.0310278177261352,0,0.0,0,2.982021990302627,0.7906723611978848,True,True,76.71054417168783,0,0.9703302790309426,1.0426735431613932,0,0.0,0,3.088336788421401,1.1690159959716934e-06,True,True,3948.351307771801,77.42783560125875,0,0.966532502229981,1.000000000046571,0,0.0,0,3.2190180492262925,0.12451241868103981
95,0.669564896685854,120.53746006363035,True,6710.007897263365,0.29254174800007604,0.0006111139991844539,True,True,6818.1024589177405,84.40412522708188,0,0.9841456790228486,1.0248820647597312,0,0.0,0,1.836561148790608,1.6109454057213006,True,True,99.99998870953833,0,0.979428416846361,1.0499998448293049,0,0.0,0,2.698402921479399,3.358888747583035e-08,True,False,6618.610953703042,142.71572920311812,2,0.9749827337359698,1.0000000000766982,0,0.0,0,3.344582249693147,-1.3620988639146154
96,0.5167945612900283,97.3191392002181,True,2898.283076716144,0.27608602100008284,0.000552084999071667,True,True,3042.1896622376776,65.44817459908116,0,0.9705737531367743,1.017458088696003,0,0.0,0,1.1258401999822212,4.965235688114415,True,True,53.74354987593784,0,0.9840669685015427,1.0237701817874285,0,0.0,0,1.2288523648384029,4.804333476581643e-09,True,True,2939.1692894824027,54.13080845954803,0,0.9787085031801964,1.0000000000791647,0,0.0,0,1.301074914623996,1.4107046077014576
97,0.572901033931894,108.40809443719593,True,3735.906431045403,0.2822609309987456,0.0005388720019254833,True,True,4062.5869740476905,70.06504100212673,0,0.978869138530839,1.0298755168914797,0,0.0,0,1.7591926247648786,8.744371131828274,True,True,69.10159259206723,0,0.9821749368726341,1.0410336347209983,0,0.0,0,1.5656257241085427,2.4134035015638172e-05,True,True,3786.2278590014016,69.79755983396898,0,0.9755881609667378,1.0,0,0.0,0,1.6796983731208996,1.3469914906694855
98,0.5001514698039777,91.3337788375585,True,4168.200636916571,0.29022949200043513,0.0005568720007431693,True,True,4246.295843880031,65.60902056652131,0,0.9661917122726054,1.0285911560058594,0,0.0,0,1.2583239782671853,1.873596195937131,True,True,49.146550729734,0,0.9843871803499457,1.022408345325318,0,0.0,0,1.2252521118971487,9.79885484714255e-07,True,True,4197.196842965378,49.54230267402932,0,0.979917329625685,1.000000000029277,0,0.0,0,1.3127428783499653,0.6956538252913743
99,0.8789044388879275,169.60811306476373,True,7385.447507840578,0.30958572899908177,0.0005938709982729051,True,False,5121.447396297045,111.26346093671147,1,0.9785337090442869,1.0377410262823106,0,0.0,0,4.457135038879187,-30.65488054865152,True,True,99.99999969152361,0,0.988147491638984,1.0499999982080606,0,0.0,0,2.541797564452594,6.178524473864324e-10,True,False,4924.481362505177,121.15410907179695,1,0.9501012871657925,1.0000000000036604,0,5.793565830970067,0,5.793565830970067,-33.321828402305364
100,0.609919676409191,119.38076720218008,True,7012.582161545316,0.2988039669999125,0.0006902360000822227,True,True,7499.279286031093,89.29239171876308,0,0.9807084522328177,1.027374717593193,0,0.0,0,1.8452827392393942,6.940382877027506,True,True,99.9999852794147,0,0.9902436624253621,1.0499998352121072,0,0.0,0,2.093568695803299,3.9031638748250526e-05,True,False,6995.987429267662,104.49967638789468,2,0.9762457283439595,1.0,0,0.0,0,2.279687262176367,-0.23660331168878904
101,0.5061590305706374,94.92101442490177,True,5678.93557435517,0.3055444729998271,0.0006004120004945435,True,False,5973.350978173585,91.4754458336574,0,0.9850861928661753,1.0242176949977875,0,0.3535497223302748,0,1.6558294293899678,5.184341354800512,True,True,99.99999673746048,0,0.9988664434517077,1.049999987982074,0,0.0,0,1.9253319061499496,2.8047203378118742e-08,True,False,5517.130079074948,131.57873028735517,3,0.9819268226283899,1.0000000000785931,0,0.0,0,2.421240861370336,-2.8492222109984624
102,0.6596495149536097,119.38845276578763,True,4128.6613569021565,0.28542052099874127,0.0006003779999446124,True,True,4135.36267868525,90.69801613994254,0,0.9855146803887375,1.0357481986284256,0,0.0,0,2.3123041956525867,0.1623122082402283,True,True,91.00660439723185,0,0.9769641031679915,1.0319609118220696,0,0.0,0,2.147774328525699,-8.800793413341718e-09,True,True,4135.007548529529,90.6135763089644,0,0.9748977203826525,1.0000000000417113,0,0.0,0,2.3035851552674558,0.1537106271225151
103,0.6457668886032017,117.45674224751711,True,5806.938231146851,0.308578079999279,0.0006585369992535561,True,True,5812.010569913138,90.43338362129414,0,0.9910226281270146,1.0314487397670746,0,0.0,0,1.2215633320621038,0.08735020399558954,True,True,94.00916264299721,0,0.9861265258844955,1.0441046864689292,0,0.0,0,1.1467229754480428,5.785350322095509e-07,True,True,5814.866228285773,92.50686868685722,0,0.9780524985769258,1.0,0,0.0,0,1.263697071534537,0.13652686604167324
104,0.8130374344626805,150.25890037327474,True,9989.214366992821,0.3082713759995386,0.0005795770011900458,True,True,10415.21384709365,91.27477383758706,0,0.974042185395852,1.0276404201984408,0,0.0,0,2.367848908220793,4.264612692121784,True,True,100.00037262052872,0,0.9815035650103108,1.0499990518997226,0,0.0,0,2.3098766343193518,1.750935916039913e-05,True,False,9978.44680405736,157.64439780334695,2,0.9686122048468657,1.0000000000599698,0,0.0,0,2.823577957279838,-0.10777439924550443
105,0.5423297095301447,103.7694108629919,True,5445.004050481092,0.270234736999555,0.0005403620016295463,True,True,5529.5247967102205,77.75253182827832,0,0.9892643100465637,1.0310380816459657,0,0.0,0,1.9046046958226412,1.552262607897391,True,True,94.75847761337923,0,0.9761243971368646,1.0292209598756077,0,0.0,0,2.0900528594391403,2.8293549094854954e-07,True,True,5455.240532396185,98.73918595862237,0,0.9774380328740654,1.000000000068796,0,0.0,0,2.279039036914142,0.1879979749326301
106,0.5799453211996326,113.3121677132746,True,3971.018304641288,0.25606646000051114,0.0005981870017421898,True,True,4287.745785679093,75.78007492770556,0,0.9799794872954541,1.0183768630027772,0,0.0,0,1.5587882058552367,7.9759764833833975,True,True,74.878697316943,0,0.9821898070089733,1.0333724840341052,0,0.0,0,1.4399376271626352,1.1873917374377547e-07,True,True,4019.1324187353644,75.94878727763255,0,0.9734349284804522,1.0000000000776155,0,0.0,0,1.5261180321973455,1.2116317572781166
107,0.6572764429388804,124.79010515423205,True,6310.620870994092,0.3597057910010335,0.0006506229983642697,True,True,6736.121348329638,92.366721609093,0,0.9793523239267871,1.0294861555099486,0,0.0,0,2.070891750629457,6.742608787517467,True,True,99.99999930832908,0,0.9924235193473814,1.0499999957171182,0,0.0,0,2.076262648649589,8.760699710430613e-10,True,False,5795.769584507057,133.68156050774394,4,0.9749823912736388,1.0,0,0.0,0,2.7907664089772624,-8.15848863307102
108,0.7225484177812088,135.1936326013314,True,6503.272541072955,0.2988685740001529,0.0005497450001712423,True,True,6743.029357442226,84.36184537449415,0,0.977966617371295,1.0294428557157516,0,0.0,0,1.8229093037080588,3.6867115094749545,True,True,99.99999665912229,0,0.9852570376643449,1.0499999563737326,0,0.0,0,2.234202167019504,1.1996832033784222e-06,True,False,6495.682379021638,108.70691572309386,2,0.9729927491135556,1.0000000000734153,0,0.0,0,2.3978695516282755,-0.11671176435818015
109,0.8596056864865118,165.14334328467828,True,10483.52889471206,0.3327153130012448,0.0005474440004036296,True,True,11005.738361394126,92.64519155910412,0,0.9756360574183155,1.0315808534622193,0,0.0,0,2.485636060127547,4.981250115468336,True,True,99.99999637565222,0,0.9822407290891088,1.0499999807872278,0,0.0,0,2.8269468094567856,1.2070893314408466e-05,True,False,10520.368615038999,135.5471932617139,2,0.9668875907431825,1.0,0,0.0,0,3.213835523409273,0.3514178345804187
110,0.7811018548424231,145.64469454006212,True,5152.847149247296,0.4212073420003435,0.0006188299994391855,True,True,5961.847112958776,93.75243504702024,0,0.9748192763159707,1.0337341636419297,0,0.0,0,2.0766318487806643,15.7000574999441,True,True,99.99999635726546,0,0.965085025714138,1.0499999542371319,0,0.0,0,2.521312899077685,2.6914075601580474e-08,True,False,4789.647923454921,158.32543614299996,2,0.9694890148956229,1.0,0,0.0,0,2.7129736938057647,-7.048515393210153
111,0.5373875325188515,100.27235337634129,True,3846.0026219912975,0.3651799600011145,0.0005957450011919718,True,True,4241.875435465794,64.5906121064229,0,0.9784026787353484,1.0224934056401254,0,0.0,0,1.2057066415098774,10.293098073891588,True,True,99.99999570144062,0,0.9984811558077367,1.0499999543095186,0,0.0,0,1.4972775641000453,1.9641099374880505e-07,True,False,3834.765566632539,119.44826097785067,2,0.9827357125644023,1.0,0,0.0,0,1.9685558679246071,-0.2921747313068445
112,0.6973786362638924,129.23049592438488,True,8056.273022036314,0.343936274999578,0.0005425140006991569,True,True,8298.959686495524,72.00553014111262,0,0.9930087189399757,1.0287038922309875,0,0.0,0,2.0174981987277647,3.01241209539595,True,True,77.19939966129908,0,0.9723453408074701,1.04742192083442,0,1.903646516154822e-05,0,2.364383960050219,1.7815422517129707e-05,True,False,8056.178214448493,82.10815570115062,0,0.9712273260855111,1.0,0,2.9527121028344965,0,2.9527121028345107,-0.0011590017540049952
113,0.8634976933593355,167.1121107830322,True,12919.306542614204,0.3336853799992241,0.0006058379985915963,True,False,13008.214524559207,104.59713856126139,1,0.9666671478266505,1.0326509207487107,0,0.0,0,2.655733938430785,0.6881792611047152,True,True,99.99999957435767,0,0.9873836329256722,1.0499999975643823,0,0.0,0,2.461948476788706,4.8890737901669156e-08,True,False,12582.066056499309,109.97624263082722,1,0.9620955470085154,1.0,0,0.0,0,2.6973092880582215,-2.6103605394844216
114,0.8876898352492546,166.13080117120714,True,5280.16297060582,0.2723563950003154,0.0005792250012746081,True,True,5914.794517838123,90.75169072698236,0,0.9780478475845376,1.0357879102230072,0,0.0,0,1.8724684367204816,12.019200054620786,True,True,99.99191922463179,0,0.9760985484322873,1.0499966069220685,0,0.0,0,2.1798171364193024,3.048989804728758e-05,True,True,5324.659537499526,99.30352768169807,0,0.9663891278693589,1.0000000000000002,0,0.0,0,2.3749885039034098,0.8427427453411447
115,0.6833170248522838,135.32547460406332,True,12861.497548743391,0.34263008200105105,0.0005470530013553798,True,True,13136.118369372545,90.27997967306412,0,0.9869270387356124,1.0353545516729354,0,0.0,0,2.4731073304553775,2.1352185379297426,True,True,99.61123261255653,0,0.9626657734444121,1.0499194106769758,0,2.027348017463737e-06,0,3.892205239515846,1.9738478830690343e-06,True,False,12833.216228128962,100.69854185009011,1,0.959582462440716,1.0000000000000002,0,4.132815966734199,0,4.132815966734199,-0.21988938068122174
116,0.855613653350868,158.18134438889976,True,7896.231983210741,0.2948451030006254,0.0005874220005352981,True,True,8431.353858980576,96.95690805050424,0,0.9807677804992729,1.035278260707855,0,0.0,0,2.4791861942449884,6.77692698460793,True,True,99.99999869312371,0,0.9895923362209493,1.0499999865999787,0,0.0,0,2.655575852105301,3.1740616853434144e-09,True,False,7539.649097661483,130.80665487385434,4,0.9680615702305301,1.000000000002884,0,0.0,0,3.460285530406054,-4.515861312941726
117,0.7202879711829782,137.14237701437457,True,7804.244611807207,0.28926317100012966,0.0005353169981390238,True,True,7982.2931631667725,89.80008590407368,0,0.9786534922304208,1.0227547973394393,0,0.0,0,1.8750704857091876,2.2814322160217158,True,True,99.9999907690599,0,0.9703801971596319,1.0499999296687534,0,0.0,0,1.8584420065558902,-7.123984822545646e-09,True,False,7875.000212209866,124.30577103617546,2,0.9719194317328848,1.0000000000000002,0,0.0,0,1.996526007140119,0.9066297042329724
118,0.5077632840924184,92.28133907041729,True,3702.256462249294,0.3087618219997239,0.0005725339979107957,True,True,4029.387552368348,80.08045801144644,0,0.9879874637636712,1.0346419095993042,0,0.0,0,1.590858095501133,8.835992754849576,True,True,58.27130597235302,0,0.9734993895088467,1.019592148291136,0,0.0,0,1.8653050564995795,5.621510335683685e-07,True,False,3674.421287471659,58.24561132737481,0,0.9779557888030374,1.0,0,2.0098026057684706,1,2.0098026057684706,-0.751842947825572
119,0.630614618762432,115.90328490895781,True,5324.802496930091,0.3078854710001906,0.0006919499974173959,True,True,5867.525704077163,97.84927908565476,0,0.9845865809718761,1.0259462356567384,0,0.0,0,1.7984238473275695,10.192379711532526,True,True,99.99997481226418,0,0.9959704846608222,1.0499994992821904,0,0.0,0,1.8757710340571947,1.5035796224604305e-05,True,False,5397.391268795561,104.91353960422612,1,0.9761502029911397,1.0,0,0.0,0,2.050089154872552,1.3632352269980366
120,0.6880630437504716,131.68949085350744,True,3746.6735526772736,0.3668358430004446,0.0005977129985694773,True,True,3976.400210735049,87.78893500346402,0,0.9814447079635136,1.0224508345127106,0,0.0,0,1.8346914117262259,6.131530701612767,True,True,92.02634802397651,0,0.9812785176101859,1.0488656032713748,0,0.0,0,1.8752874728673703,4.4792117069304074e-05,True,True,3843.2747307984905,92.30127736171606,0,0.9672434981637242,1.0000000000000002,0,0.0,0,2.0915619500207754,2.5783644677637776
121,0.7378486511871214,136.90670342646877,True,4056.393637882438,0.339980877999551,0.0006099960010033101,True,True,4287.546317479254,97.42277413670105,0,0.9786517432644243,1.0250123947858811,0,0.0,0,1.7800902315862288,5.698477649637027,True,True,99.99999628627756,0,0.9500002164163934,1.0499999451724726,0,0.0,0,2.3890732481334567,1.221960650067632e-07,True,False,3972.1354941652767,113.73299665718189,1,0.9728548527335805,1.0000000000503773,0,0.0,0,2.0040065933946494,-2.0771686967577736
122,0.6142953867573256,115.70244332038902,True,6940.340945661119,0.28935062699929404,0.0006632229997194372,True,True,7150.544196262062,62.951124477549456,0,0.9877284667688734,1.0343243926763535,0,0.0,0,1.9518981192964162,3.0287182578506555,True,True,99.99992164681892,0,0.9785308357657373,1.0432219886052763,0,0.0,0,2.5737106044570766,1.717035473852431e-06,True,False,6917.025894522525,101.66397367677777,1,0.9753970178834483,1.000000000017648,0,2.872025777374546,0,2.872025777374546,-0.335933530547678
123,0.7523287287018023,143.27477573646917,True,7129.2213744696055,0.3601533199998812,0.0005598489988187794,True,True,7714.502545319115,89.7779500688,0,0.9730919726124636,1.027473059296608,0,0.0,0,1.7321639826671458,8.209608597515704,True,True,99.9999938913644,0,0.9682370833915361,1.0499999380072278,0,0.0,0,1.8401415834685224,5.816936764720216e-10,True,False,7166.952332863536,111.82553819206602,1,0.9704488724031058,1.0000000000000002,0,0.0,0,1.97887899112078,0.529243748423049
124,0.7875716124780492,155.26493020522622,True,12630.955920293494,0.28848985100012214,0.0005855939998582471,True,True,13099.654139396096,94.2723379068683,0,0.9758123156789282,1.0347594678401948,0,0.0,0,1.8656061698372923,3.7107105913947094,True,True,99.99999886466904,0,0.9500000312901014,1.0499999923324237,0,0.0,0,2.134437480358258,1.9944004562064422e-10,True,False,11804.131766859506,143.1728905390949,2,0.9697639612944456,1.0,0,0.0,0,2.578179665251554,-6.546014083399907
125,0.734758932907503,138.41640961289153,True,10696.010165438898,0.3037711409997428,0.0005847070024174172,True,True,10950.16660917133,93.70614062505123,0,0.9760774158483226,1.0305495709180832,0,0.0,0,2.352689114164747,2.376179900936078,True,True,99.99999495232824,0,0.9814872568339202,1.0499999822087822,0,0.0,0,2.413675956053254,1.9001074504889944e-10,True,False,10484.011422441494,128.98675305315723,4,0.9750366562381526,1.00000000005013,0,0.0,0,3.356428276811016,-1.9820357282615255
126,0.5432618495378966,105.222183697676,True,2857.309407396538,0.35461779400066007,0.000601118998019956,True,True,2974.77975724558,75.3967497088678,0,0.9685514302034262,1.022718544304371,0,0.0,0,1.611982483812156,4.111222459123143,True,True,82.74165972560148,0,0.9817296667911825,1.0396376138200645,0,0.0,0,1.611173487997192,-1.2658138011413315e-07,True,True,2889.7495928903204,80.73974482069846,0,0.972662261469486,1.000000000001969,0,0.0,0,1.7171110348103866,1.1353401823380258
127,0.5969740540613093,110.8435071007574,True,4477.294133328845,0.36621010999988357,0.0005605849983112421,True,True,4485.579403005924,93.40419720573084,0,0.9919638614230727,1.0353944420814514,0,0.0,0,2.321369408204518,0.18505082384682023,True,True,93.74201021413265,0,0.975123118102472,1.0305107366580428,0,0.0,0,2.3295713215492526,6.000604983799297e-11,True,False,4441.690169097412,97.42607766800128,0,0.9765552492635449,1.0000000000001825,0,2.5738167171955126,1,2.5738167171955126,-0.7952116427583665
128,0.5942929715139887,110.53628809808032,True,8914.336879609882,0.28310706399861374,0.0005604409998340998,True,True,9138.600737686695,58.702410128082995,0,0.9884919208843364,1.0305588752031327,0,0.0,0,2.067018718899135,2.515766833045508,True,True,58.74435922534301,0,0.9744928241452692,1.0340278767226703,0,0.0,0,2.2579702913354254,7.936264949891246e-07,True,False,8925.475795135024,58.72072712936447,0,0.9782816176522309,1.0000000000739617,0,2.4675610571071473,1,2.4675610571071473,0.1249558605482046
129,0.7268203331960857,138.5534189519737,True,7641.586230661784,0.2885038020012871,0.0006152870009827893,True,True,7889.248261493959,95.22100613530013,0,0.9815932001332972,1.0354834705591203,0,0.0,0,2.7255183212855343,3.2409854098821107,True,True,99.31499144389878,0,0.9655861074407283,1.0498330628749861,0,1.0270639251075409e-05,0,3.2631762083131264,8.41635490979633e-06,True,False,7621.596025877852,100.6066228524265,1,0.9620600225922313,1.0000000000154754,0,3.55666364320075,0,3.55666364320075,-0.2615891873751573
130,0.5993909464031153,113.57540754088771,True,2770.536744484482,0.29926376399998844,0.0005806189983559307,True,True,2903.0755909430704,71.32615695363452,0,0.9876609743464981,1.020716693997383,0,0.0,0,1.435157686473957,4.783870590925427,True,True,71.00427605049885,0,0.9827557348165609,1.0330357205131324,0,0.0,0,1.4400306805627991,1.5869923437644945e-06,True,True,2807.485613902597,72.01915565191335,0,0.9740726446607076,1.0000000000472367,0,0.0,0,1.5287228651051947,1.3336373916084587
131,0.6020205267989618,115.50307824372338,True,4433.199682700387,0.2705192679986794,0.0005393589999584947,True,True,4605.95066229265,85.31985272900138,0,0.9896477865327599,1.0331437021493912,0,0.0,0,1.5301202307368982,3.8967561968086826,True,True,76.23385017865925,0,0.9727718092221599,1.029716430404322,0,0.0,0,2.1861190481867965,8.16393211062921e-08,True,False,4437.856102313173,76.78920466833851,0,0.9726765851262006,1.0000000000467968,0,2.3671913277296,0,2.3671913277296,0.10503526953664664
132,0.644750662572345,124.18022839591133,True,4712.115543980097,0.36053137099952437,0.000541208002687199,True,True,4948.481673501384,92.63786018152209,0,0.9805823489335094,1.036461216211319,0,0.0,0,2.4449703330715664,5.016136411287801,True,True,99.99703116419792,0,0.973642947089628,1.0379319229857247,0,3.5828990974096087e-07,0,2.440638399702408,2.8336471420079013e-07,True,False,4683.4461489596315,102.3222685283771,1,0.9719510091687836,1.0,0,2.73751194761806,0,2.737511962610114,-0.6084184795905048
133,0.5970114682800423,108.49801864981282,True,5331.490560274873,0.289608170000065,0.0005793799973616842,True,True,5550.373950276697,61.16197628174227,0,0.9820772601573454,1.027225536108017,0,0.0,0,1.0221112083259811,4.105490838625331,True,True,99.99995378314047,0,0.9907173079745171,1.0498731031683162,0,0.0,0,1.3882089083165,8.40506315228443e-06,True,False,5360.844614101814,112.35910163398275,1,0.9790290936284333,1.0000000000274263,0,0.0,0,1.6766897607837734,0.5505871965344471
134,0.523511503780314,100.86001174706631,True,6711.783611940003,0.279451637999955,0.0006000949979352299,True,True,6967.021593750469,89.36251108214192,0,0.9822386675570789,1.0286056101322174,0,0.0,0,1.131656446584003,3.802833891269061,True,True,99.99999529064625,0,0.9945531467822817,1.0499999694405147,0,0.0,0,1.699877808774147,1.3353010554328342e-09,True,False,6612.4276051834995,137.66366084187712,4,0.9803560852560622,1.0000000000376732,0,0.0,0,2.4763474858610124,-1.4803219592994152
135,0.7005202577390726,131.19339070579477,True,5043.851592583516,0.29822380500081636,0.0005727580028178636,True,False,5214.117068236533,96.42776628997667,0,0.9860296682104523,1.0287362098693849,0,2.5086464848134824,0,2.8429120957759153,3.375703518239964,True,True,99.99999909758198,0,0.9776633545180544,1.0499999902498367,0,0.0,0,3.3167423446253963,2.4218443218082293e-10,True,False,4192.556641767995,137.0107509537397,2,0.9716665004095157,1.000000000064663,0,3.7207099333099336,0,3.7207099333099336,-16.877874679285025
136,0.5001666975871233,92.46444348526586,True,3220.8707363875787,0.2997934039995016,0.0005606679987977259,True,True,3250.826421625562,81.99405777798174,0,0.990870748158288,1.034772688150406,0,0.0,0,1.4169978677615802,0.9300492745553717,True,True,99.99997688972937,0,0.9920832631789477,1.0499997629583142,0,0.0,0,1.4084054483584936,-9.838862960777713e-09,True,False,3212.977880147489,139.06668566483967,3,0.9811337355365429,1.0000000000069469,0,0.0,0,2.4702537117012753,-0.24505350267681245
137,0.7627431778006231,141.58202650480726,True,6886.798874666683,0.3066252970002097,0.0005599139985861257,True,True,7250.184667521459,74.87697568023722,0,0.9804605675116248,1.0295268833637237,0,0.0,0,2.0766265326804785,5.276575834792098,True,True,99.99961407621477,0,0.984439501820147,1.0499883189677606,0,0.0,0,2.3386595021524386,1.892857469617448e-05,True,False,7035.256802421547,143.14812656696566,2,0.9694817222706702,1.0,0,0.0,0,3.2492783457122414,2.1557077842771757
138,0.714203866134355,134.00666316047548,True,8999.563280283091,0.32470208699851355,0.0006716909992974252,True,True,9084.679846405,80.83435076369278,0,0.9851812393610327,1.0368723690509796,0,0.0,0,2.2834413532594056,0.945785524718095,True,True,99.99996990286782,0,0.9848459920573157,1.0499996924838453,0,0.0,0,2.206869596362054,7.3844447551198125e-09,True,False,8946.751198071805,144.8924861934768,2,0.9704189872127962,1.0,0,0.0,0,3.248180742607815,-0.5868293816692597
139,0.7597361611406999,143.16784557063394,True,5884.913226042484,0.29160255099850474,0.0005932859967288096,True,True,5980.133481164445,83.79463157917394,0,0.9831693572511108,1.033912292122841,0,0.0,0,2.530947734374223,1.6180723580709053,True,True,87.73503749972713,0,0.968002667449671,1.0484792546354027,0,0.0,0,3.1875210750538088,3.175656693116206e-05,True,True,5906.914370162445,89.8592087913968,0,0.9609946566669834,1.0000000000636666,0,0.0,0,4.1776901648242415,0.3738886047768203
140,0.5670538092184556,104.02158846295826,True,4825.578067348699,0.29499161900093895,0.0005934139990131371,True,True,5071.92398530675,91.25838430205624,0,0.9811046219791753,1.0212450325489044,0,0.0,0,1.6603223058603618,5.105004614651075,True,True,99.99999938584064,0,0.9999536761338829,1.049999943811661,0,0.0,0,1.6346595675201883,1.2828206821560104e-06,True,False,4894.940262399682,112.76941138788989,3,0.9831004268622191,1.0000000000745808,0,0.0,0,1.9568297749892736,1.43738753940414
141,0.5247683497740774,102.17025628354382,True,5531.655122145466,0.3110021760003292,0.0006767410013708286,True,True,5823.876867208307,88.25673182568686,0,0.980112127583782,1.0263334035873413,0,0.0,0,1.4123342044189968,5.282719252871818,True,True,86.09460758340181,0,0.9938945842723168,1.0499996281015398,0,0.0,0,1.305207780008672,1.1174207267745433e-06,True,True,5606.657014666399,91.6180654810497,0,0.9788072953428655,1.0000000000000002,0,0.0,0,1.4822735611592606,1.3558682440381642
142,0.8451188502193281,158.649320929092,True,6321.276466623644,0.3650723080008902,0.0006123250022938009,True,True,6872.093154237634,87.65486807044638,0,0.9849107054990137,1.0377991855144502,0,0.0,0,3.4375096921666,8.713696346423193,True,True,91.21438985893944,0,0.9618806172327984,1.0499840533654072,0,2.575123247083866e-06,0,4.780233363066486,2.166814402164348e-06,True,False,6217.035738479585,92.48399569170272,0,0.9574392551961908,1.0000000000366016,0,5.295743128640822,0,5.295743128640822,-1.6490434168292434
143,0.5330961901632479,100.36056811398133,True,4516.763851254485,0.2771161780001421,0.0006154399998195004,True,True,4702.709541847173,59.96900017753099,0,0.9854187754527602,1.0262667506933212,0,0.0,0,1.3524077890556754,4.116790204316514,True,True,60.72416198297495,0,0.9777740084353955,1.0278918588709087,0,0.0,0,1.8261497892285803,2.525919853461068e-08,True,True,4519.894146360169,61.03355881097777,0,0.9746282627218081,1.0000000000596043,0,0.0,0,1.8960274231125425,0.06930396076613227
144,0.5984264703349821,116.79173143009233,True,3945.4984854901636,0.28548668900111807,0.0006712889990012627,True,True,4012.8525661845083,85.70649874300793,0,0.980947426771382,1.0268910765647887,0,0.0,0,2.3599727169083025,1.707114450868504,True,True,85.36197372610236,0,0.9705852934543268,1.0418649773671973,0,0.0,0,2.5993475438273492,2.3452208697523323e-06,True,True,3950.297108715198,86.2607569842936,0,0.9657464440798539,1.0000000000711884,0,0.0,0,2.7123064648683197,0.12162508453302924
145,0.6632975964146717,125.00361998270557,True,4657.417132491523,0.2777330040007655,0.0005811680020997301,True,False,4991.541448473318,95.5114099378649,0,0.9875143565166803,1.0289953887462615,0,1.0340416098748761,0,2.6287314271981046,7.174043309141042,True,True,100.00001474675426,0,0.981971940862543,1.0499999440467735,0,2.071884449605932e-05,0,2.967971683012806,1.6151133072499002e-05,True,False,4044.662941691521,143.53865010981048,2,0.9738135632887203,1.0000000000603566,0,0.0,0,3.465166007281624,-13.156509715789845
146,0.6417811994066103,124.34313198126468,True,4570.252560365727,0.27699137899980997,0.0006404510022548493,True,True,4737.514245123636,90.3621776884158,0,0.9841491660240467,1.030368196964264,0,0.0,0,3.2352162024733957,3.6597910915703724,True,True,90.84829697669922,0,0.9645334087906713,1.0425923679401785,0,0.0,0,3.38318678932481,2.387037139494097e-07,True,False,4530.18050997373,91.50108593130028,0,0.9635604708557699,1.000000000044818,0,3.592283161460429,0,3.592283161460429,-0.8768014250634916
147,0.7043168696438291,129.49286459872746,True,10701.324204765433,0.287195086999418,0.0007553979994554538,True,True,10832.856675961604,87.76497490868616,0,0.9855481844560965,1.0334608107805252,0,0.0,0,2.190066823725715,1.2291238475317938,True,True,94.19173272824449,0,0.9737380122751533,1.035773414525189,0,0.0,0,2.390295956404202,5.225426177574793e-07,True,False,10713.170509078751,90.54539709111825,0,0.9716294059700992,1.000000000058208,0,2.1436946252793803,0,2.6508300265519154,0.11069994766558122
148,0.7978354567071846,148.1251176245623,True,6615.019393664746,0.27284087099906174,0.0006287380019784905,True,True,6723.325869653402,93.59117648227682,0,0.9738852659487972,1.0338668346405029,0,0.0,0,2.776230339757035,1.6372816240223598,True,True,99.99990607561625,0,0.9760478981800286,1.0499995540425209,0,0.0,0,3.1850272100292045,3.118892655005035e-07,True,False,6574.665328343707,140.17835868297306,2,0.9701550978853289,1.0000000000746454,0,4.0734296215534584,0,4.0734296215534584,-0.6100366818880442
149,0.8686990558836751,161.00116062093574,True,6911.893650849763,0.29528280299928156,0.0006574210019607563,True,True,7153.000304607001,93.2515640572324,0,0.9702692194558157,1.0290388286113739,0,0.0,0,2.2463467971699913,3.4882865184984073,True,True,99.99999880112071,0,0.9551994495461603,1.0499999953296666,0,0.0,0,2.605566641519573,8.923540879678386e-09,True,False,6695.34939815319,120.47828351991264,2,0.9678148333183868,1.0,0,0.0,0,2.5925942017961745,-3.132922221285739
150,0.8961917310416411,169.1384983228508,True,6213.92094567937,0.3032239650001429,0.0007316970004467294,True,True,6354.668586200992,99.42212898094458,0,0.981088473192926,1.0451711773872376,0,0.0,0,3.136782522516313,2.265037576547008,True,True,99.99998213536455,0,0.974079201940608,1.0499998313651577,0,0.0,0,3.368318710552046,6.09778583213773e-08,True,False,6224.000170490447,103.7798925545926,1,0.9587414955754457,1.0000000000264377,0,0.0,0,3.556774112416747,0.16220400443535862
151,0.5408132255183548,101.78101534860997,True,6175.357774003644,0.25868583000010403,0.0007099959984770976,True,True,6209.496902946723,63.770706905485795,0,0.969336780474621,1.026996773481369,0,0.0,0,1.9057768966417825,0.5528290457470362,True,True,62.474753289124905,0,0.9769170471870255,1.030163533390668,0,0.0,0,1.8966724719759327,6.846031478227372e-07,True,True,6182.450405922564,62.88136209748375,0,0.9734027732229253,1.0000000000000002,0,0.0,0,1.972751208370056,0.11485446679749295
152,0.6920823926629406,132.2689584349979,True,8597.728816194167,0.3222928939994745,0.0007594929993501864,True,True,8786.176980270842,92.18708698979019,0,0.9827312018881003,1.0329520672559738,0,0.0,0,1.9599451129844851,2.191837938403121,True,True,99.99995313221018,0,0.9779333725606199,1.0499997278463975,0,0.0,0,1.6924441907937933,1.3425371038052254e-06,True,False,8581.60564600587,120.30998164070638,2,0.9732010763031859,1.0,0,0.0,0,1.8686439572175004,-0.18752690764901495
153,0.7604737546468034,146.12138778407984,True,8572.195831684247,0.36264995300007286,0.0007220749976113439,True,True,8762.284155228357,94.45378117796086,0,0.9726404317549409,1.0327488422393798,0,0.0,0,2.4757687478278854,2.217499516291265,True,True,99.99999395894648,0,0.979272868886865,1.0499999135090639,0,0.0,0,3.4339252685373935,8.851462262057589e-07,True,False,8553.782974150543,111.0944506868863,1,0.9688174071979586,1.0,0,0.0,0,3.360381350338912,-0.21479656066838448
154,0.8468799717902955,164.5708919795816,True,6441.1464507690425,0.30196909900041646,0.000827722000394715,True,True,7143.509892555255,94.18696561249642,0,0.9758844354742781,1.0370534807443619,0,0.0,0,2.935726975877884,10.904325568990199,True,True,99.99999612965415,0,0.9740854018199148,1.0499999838888523,0,5.1289046751890055e-06,0,3.1585734794352334,1.9259594141088173e-06,True,False,5621.587114611459,128.48157945220643,4,0.9657874684905222,1.0000000000499925,0,4.475394511294667,0,4.475394511294667,-12.723809870682976
155,0.6809226217348294,126.96127749248632,True,7504.128112759065,0.26310704199931934,0.001221604001329979,True,True,7823.524699429976,93.74789028038802,0,0.9837636990267452,1.0236330389976502,0,0.0,0,1.6818458962330283,4.256285177779442,True,True,99.99998093536246,0,0.9894402485825293,1.0499998172366893,0,0.0,0,2.1338813171492177,6.466574239895949e-06,True,False,7471.684557592697,104.8584656897875,2,0.9751020592704218,1.000000000016526,0,0.0,0,2.3540566904612206,-0.4323363289757323
156,0.6229137001708962,117.86273651052818,True,5475.570310395754,0.2673314780004148,0.000988174000667641,True,True,5490.713211896321,85.60240165606385,0,0.9863188251577887,1.029960885643959,0,0.0,0,2.11872328250314,0.27655386278391386,True,True,92.47757198064865,0,0.9772336041261465,1.0291758248697076,0,0.0,0,2.0299150712728107,-5.422216364501421e-09,True,True,5482.811103805504,89.15902572423606,0,0.9756344381225618,1.0000000000000002,0,0.0,0,2.1681536787875757,0.13223815423779703
157,0.6656044787483518,123.90076665150974,True,7148.463262801307,0.30626500799917267,0.0008403339998039883,True,True,7425.622935789152,92.18108506480974,0,0.9775262281074639,1.0299295753240585,0,0.0,0,1.9783126662606776,3.8771923832790356,True,True,99.999998113571,0,0.9699079448903608,1.0499999904058275,0,0.0,0,2.547334900831487,2.141067258369802e-09,True,False,6992.983448227685,141.17635365816548,2,0.9764404929536543,1.0,0,0.0,0,2.751576467521957,-2.175010330303761
158,0.7737425993621332,150.16212026697076,True,7272.0789235254515,0.2657606789998681,0.0008649420014990028,True,True,7698.092050980855,96.12003795949826,0,0.9814224397503372,1.0327146738767623,0,0.0,0,2.4030618121854843,5.858202751405587,True,True,99.9999870444814,0,0.9743797389791296,1.0499998619740816,0,0.0,0,1.986001921532079,1.6491166163652613e-09,True,False,7345.144007591883,102.907143788684,1,0.9652911601083736,1.0,0,0.0,0,2.1488549201966407,1.0047344776635032
159,0.6276464042947328,120.40622247839713,True,5484.922620197249,0.33873954100090486,0.0007907330000307411,True,True,5625.344204717543,89.3571753242216,0,0.9868799499520268,1.038620126247406,0,0.0,0,2.365143044485464,2.560138235111557,True,True,98.37725419337904,0,0.9736032169738561,1.0356590891650992,0,0.0,0,2.281888335618703,2.959047032709243e-07,True,False,5387.943101118907,101.18080964651064,1,0.973017048796755,1.0000000000116966,0,2.557297070128442,0,2.557297070128442,-1.7681106890743512
160,0.6470156170741176,123.06194796941709,True,3365.3688715387902,0.25057648999973026,0.0009454200007894542,True,True,3467.000491731488,72.85099857568646,0,0.9856004813845053,1.0292542099952697,0,0.0,0,2.608552140367479,3.019976588884015,True,True,76.9339222167072,0,0.9708863803530636,1.040793220736034,0,0.0,0,2.873863128713012,4.995261373124332e-05,True,True,3368.9025729029945,77.64694822633092,0,0.9670188436988914,1.0000000000000002,0,0.0,0,2.994622217350198,0.10505190824674615
161,0.8424081068467757,161.41196347140755,True,12694.385224424146,0.28629014199941594,0.000880494000739418,True,True,13374.5755313199,93.78464241441534,0,0.974041417022653,1.029916414618492,0,0.0,0,2.233325021415965,5.358220741544084,True,True,99.9999978750442,0,0.9856850076198512,1.049999973567397,0,0.0,0,2.3920731064847303,2.1497585780214328e-05,True,False,12723.582341557923,106.42331709641712,2,0.9633566249041348,1.0000000000000893,0,0.0,0,2.6352319684299346,0.2300217921591399
162,0.586524753154952,109.3804603997924,True,3308.8502379548445,0.2664759260005667,0.0008017310028662905,True,True,3407.222513791665,80.07619574403996,0,0.9803756199209542,1.0304222106933594,0,0.0,0,1.7667523561018328,2.9730051051792237,True,True,91.89437369610921,0,0.9815984667827523,1.043532273458202,0,0.0,0,1.7681895142646056,3.1287396212019233e-07,True,True,3315.277318443931,94.38036780860271,0,0.9715383338423143,1.0000000000000002,0,0.0,0,1.9198528841249356,0.19423940038152404
163,0.8096190212688872,164.27547556928198,True,6542.2403154817,0.26682322600026964,0.0009951190004358068,True,True,7263.860861371634,92.70994620284485,0,0.9835259941145167,1.0331397235393525,0,0.0,0,2.351775605079098,11.030209147032448,True,True,100.00001979646429,0,0.9821475601177414,1.0499999741408157,0,0.0,0,2.8624442403479975,3.0890035144617364e-05,True,False,6129.527215394887,139.20167176657057,2,0.9648854557456347,1.0000000000252742,0,0.0,0,3.4668519708776557,-6.308407927129385
164,0.5641863799561335,109.96865932106903,True,3352.485740014754,0.24361858799966285,0.0009715589985717088,True,True,3380.6423287278544,69.83190481274147,0,0.9842286845002903,1.0309924215078354,0,0.0,0,2.779200625718417,0.8398750221573494,True,True,66.84844453653824,0,0.975464771681526,1.031605855781957,0,0.0,0,2.246733214874155,3.006489906137213e-06,True,True,3355.2788028055743,67.19079734722816,0,0.9726575987355522,1.0000000000213658,0,0.0,0,2.3394035608710624,0.08331619829430274
165,0.860134293412256,156.9292327088829,True,6016.646847386386,0.303209980000247,0.0010813709996000398,True,True,6651.727087115683,97.57393139977475,0,0.9712471356331618,1.028545093536377,0,0.0,0,2.461076283193961,10.55538522871626,True,True,99.9999355360225,0,0.9783285193926365,1.0499998743432448,0,0.0,0,2.3250279875097704,1.933895896431148e-07,True,False,6168.82144687148,105.43132842403855,1,0.966067313807033,1.0,0,0.0,0,2.6487335363009095,2.5292262496851743
166,0.8871936954883468,175.64320298120938,True,8403.195141778422,0.3378595319991291,0.0009071400018001441,True,False,8643.979421411843,101.0474271260641,1,0.9794056458160229,1.0399288952350616,0,0.0,0,3.8356966674163857,2.8653895996862433,True,True,99.99999971159926,0,0.9737166849629345,1.0499999979666852,0,0.0,0,4.663647281009702,5.065258074438461e-12,True,False,8110.092837547179,111.89571968079943,1,0.9511986851380179,1.0,0,5.760061626210103,0,5.760061626210103,-3.487986406189786
167,0.8381730602561548,154.0398385244417,True,5770.228091407961,0.30284073599978,0.0009597329990356229,True,True,6235.829025587353,88.55218214903452,0,0.986073866320624,1.03152793943882,0,0.0,0,3.7450855243855585,8.069025929819057,True,True,94.91574191366058,0,0.9611809883641024,1.0499702840560676,0,3.3376284136465983e-06,0,4.798746195310201,4.277314516195958e-06,True,False,5729.9477645214865,95.9774902417331,0,0.9575054708239551,1.0000000000769418,0,5.09534509864433,0,5.095345098644344,-0.6980674101698902
168,0.8080758958540813,154.04199643194553,True,5304.267069125396,0.3029809509989718,0.0007746570008748677,True,True,6044.578872538258,93.44329285212734,0,0.9756387927620692,1.0361258566379545,0,0.0,0,2.8427230001348107,13.956916599461389,True,True,99.99999743336578,0,0.9690129346179398,1.0499999876376158,0,1.182216308848183e-05,0,3.4372995203559924,5.420355518856564e-06,True,False,4783.375334161443,123.85154047804548,2,0.9662042475597248,1.0000000000598368,0,3.8606794316364414,0,3.8606794316364414,-9.8202347072598
169,0.6863364709507029,133.17887746971334,True,6325.692643968571,0.2884376029996929,0.0007320749973587226,True,True,6413.300904970542,94.69926450492979,0,0.9897548905020792,1.0282033175230028,0,0.0,0,2.334474987965251,1.3849591877729115,True,True,95.37842707797903,0,0.9732310774692183,1.04999968848559,0,0.0,0,2.2807666680680825,7.187355766005355e-09,True,True,6340.946702797765,96.51154197655953,0,0.9664531539993988,1.0,0,0.0,0,2.4565295891455605,0.2411444903110317
170,0.6471795953791989,128.96190016466315,True,3898.7050112517886,0.2844845060008083,0.0006469760010077152,True,True,4044.1316047549876,79.11073583437671,0,0.985509958302312,1.0388371646404266,0,0.0,0,2.3863026090338906,3.730160986724079,True,True,81.27773219058929,0,0.9714152273564411,1.0484452274388818,0,6.23170792550809e-05,0,2.4485251752867043,3.411891863773817e-05,True,False,3800.2009212653,81.8346624871435,0,0.9722191573110027,1.0,0,2.7305758210413558,1,2.7305758210413558,-2.5265515886620253
171,0.6230014403586998,120.25925984516964,True,5092.747120026345,0.2907928010008618,0.0006800010014558211,True,True,5457.336786953709,94.12739630523312,0,0.9831579751411907,1.0274056643247604,0,0.0,0,2.1854983470380773,7.158998821296182,True,True,99.99999852725252,0,0.9892870670105793,1.049999979239716,0,0.0,0,2.3110860675822096,7.21357677558531e-07,True,False,4811.735139751435,142.79757535843422,2,0.9737024684653093,1.0000000000505564,0,0.0,0,2.805649756182291,-5.517885316945325
172,0.7152693535747142,134.88778651089618,True,7025.562121836972,0.28785923899886257,0.0006198209994181525,True,True,7231.721269625738,85.68671183562324,0,0.986079639064549,1.0319887459278108,0,0.0,0,2.5180614304059645,2.934446099521717,True,True,88.86205943637914,0,0.9667648352015872,1.0487581010864069,0,0.0,0,3.5389968626184896,3.0226067526091315e-05,True,True,7033.848876712205,89.9125633493491,0,0.9620488952084043,1.0000000000586435,0,0.0,0,3.6969837363345732,0.11798174704598212
173,0.8415446310924632,156.6337243816135,True,8176.484826577779,0.28027947900045547,0.0005633389991999138,True,True,8627.006409362612,92.86826052021414,0,0.9737871259747659,1.03124438226223,0,0.0,0,1.9260708763728758,5.509974592045908,True,True,99.99999031478475,0,0.9835349744673602,1.0499998966430235,0,0.0,0,2.098828509064589,7.5771601545667685e-06,True,False,8184.051691719444,105.84137283234676,1,0.9632783945444432,1.0000000000000002,0,0.0,0,2.323643515332492,0.09255181683662018
174,0.5803898523853129,110.5332682201573,True,4771.664293343257,0.2915021049993811,0.0006727759973728098,True,True,4785.907513928975,93.77958807701559,0,0.9647568537127225,1.0285768777132034,0,0.0,0,1.8473796875483544,0.2984958629717084,True,True,93.4878455291219,0,0.9837380990527486,1.0382078855942398,0,0.0,0,1.6776737923682816,-1.5710853734291929e-09,True,True,4784.988843731505,98.03611792363462,0,0.9753106794066492,1.0000000000000002,0,0.0,0,1.836433904067448,0.279243247092222
175,0.5812054461592479,112.76596691717299,True,5079.031496744829,0.32976692599913804,0.0006193539993546437,True,True,5245.225181192859,86.11707032333585,0,0.9880474832021835,1.02336278706789,0,0.0,0,1.1597445265095416,3.2722106596895597,True,True,90.54802844261698,0,0.9905760914450722,1.0471623250524762,0,0.0,0,0.9866507995892562,5.5776393648890715e-05,True,True,5096.600191571039,89.15232156681851,0,0.978770516166003,1.0,0,0.0,0,1.0983407898441868,0.34596236580256046
176,0.7060226297345249,134.55830508960605,True,5975.288331255863,0.2858461340001668,0.0006638340018980671,True,True,6084.2474271713145,92.21777721572496,0,0.9838058483905321,1.021841388940811,0,0.0,0,2.0654695045057565,1.8235063783243863,True,True,98.89866417574935,0,0.9809112042801107,1.0478153167994941,0,0.0,0,1.7614177795886974,1.0977993257272226e-05,True,True,6024.786660712093,95.65605438461299,0,0.9673214633857603,1.0000000000000002,0,0.0,0,1.9539354314923685,0.8283950181614033
177,0.5184215774720289,96.68065638464276,True,2761.548801570211,0.28237710400026117,0.0006278299988480285,True,True,2856.673548730058,60.92756409157018,0,0.9619443278465606,1.0275761634111404,0,0.0,0,1.9556308802137892,3.444615825076839,True,True,60.735645641047206,0,0.9848801442890952,1.0256471450580598,0,0.0,0,1.3660145128071406,-4.331608102963236e-09,True,True,2771.586241651796,58.00793096992041,0,0.9790046806123324,1.0,0,0.0,0,1.4627297433428907,0.36347139532076533
178,0.6497137934816982,123.52730422418819,True,6105.653641531543,0.3507388509988232,0.0009730050005600788,True,True,6387.317072913185,83.37854989277332,0,0.9850913822314347,1.0384351938962937,0,0.0,0,2.2480378254765014,4.613160061338116,True,True,86.74391610715,0,0.9724405922001708,1.0356015800215095,0,0.0,0,2.3748412544159834,2.2527944937193767e-06,True,False,6062.563579848399,85.52593567192443,0,0.9703182333838849,1.0,0,2.5800825675119228,0,2.5800825675119228,-0.7057381180770171
179,0.8451762529398912,154.56333653467954,True,6118.608703998492,0.33025092400021094,0.0007200440013548359,True,True,6468.705083863087,93.9741595868955,0,0.976565004441655,1.037632167339325,0,0.0,0,2.287233113341614,5.721832481413885,True,True,99.99973648452114,0,0.9798027632568493,1.049996174574325,0,0.0,0,2.100223161643129,2.479188745758838e-06,True,True,6236.432725891469,98.45557366054905,0,0.9652553776228504,1.0,0,0.0,0,2.3107708296135456,1.925669416135687
180,0.7541472896911707,139.87869149068658,True,8084.348910441512,0.30805604299894185,0.0006511149986181408,True,True,8441.009386072205,94.63580317616007,0,0.9789903681525556,1.0271799743175507,0,0.0,0,1.8448572395400618,4.411740290090596,True,True,99.99999855726601,0,0.950000077008058,1.0499999785368992,0,0.0,0,2.3757470753150756,2.893914465078389e-08,True,False,7791.411836438049,112.69097159937789,1,0.9734521194040652,1.0000000000026175,0,0.0,0,1.9883513605102792,-3.623508522378912
181,0.8109126354011758,148.439255938251,True,4230.926549555332,0.32492226000067603,0.0006295700004557148,True,True,4551.551640995531,93.96873580815165,0,0.9787337243039178,1.0393824458122254,0,0.0,0,2.4109795117199155,7.578131497378361,True,True,97.09391707821507,0,0.9694650275281623,1.049971147800525,0,3.3696473167310614e-06,0,2.5419428168713694,1.890401425893337e-06,True,False,4161.665325815722,97.96271955485734,0,0.9680411841054422,1.0000000000000002,0,2.835475912413415,0,2.835475912413415,-1.637020738984664
182,0.6701877272639606,126.55167807447955,True,4625.1323902225695,0.29531849399973,0.0008684819986228831,True,True,4988.5217278693,93.82331869228769,0,0.9866121260518169,1.0273553878068924,0,0.0,0,1.6800964231845228,7.856841859838453,True,True,99.99999874211487,0,0.9970170087301067,1.049999985209488,0,0.0,0,1.7484135023637748,1.2272812654562109e-09,True,False,4380.7184428266455,144.17586068014302,2,0.9758553238725688,1.0,0,0.0,0,2.885768449641347,-5.284474620852931
183,0.5002075820587696,96.21057624309115,True,5228.27287017321,0.2951232209998125,0.0010652070013748016,True,True,5485.2602649752225,90.5311750017184,0,0.9878757866192768,1.0190625220537186,0,0.0,0,1.2651909818135465,4.915340193160849,True,True,99.99999744465757,0,1.0000000000514069,1.0499999693193847,0,0.0,0,1.520262445179938,5.4577828158301033e-08,True,False,5204.8431162657225,118.67801005244824,2,0.9839393180998338,1.0000000000514069,0,0.0,0,1.9271123674807882,-0.44813558221993194
184,0.5407694601054173,100.01029007109591,True,2708.5024961632116,0.2990597970001545,0.0009687900019343942,True,True,2903.1614963416737,64.23895790976447,0,0.9940223012962981,1.0303767800331116,0,0.0,0,1.3922182897292856,7.186960340078822,True,True,93.17634383888645,0,0.9764851481924397,1.0298799826306742,0,0.0,0,1.9662045351399797,1.0620443757658732e-09,True,True,2713.801913372618,97.36801674852218,0,0.9771678430288591,1.0000000000025298,0,0.0,0,2.1564532112053882,0.1956585694764954
185,0.599041660674178,115.93014364171195,True,4284.426565441072,0.3124655810006516,0.0007133079998311587,True,True,4773.959063653664,94.3956169277391,0,0.9775408057408457,1.0293004781007766,0,0.0,0,1.2049345889271308,11.425858070474927,True,True,99.99999480530191,0,0.961536660810074,1.049999971855069,0,0.0,0,1.5529621245028125,6.041699924789952e-09,True,False,4317.5589298514715,124.27606627219588,1,0.9755143417560702,1.000000000000649,0,0.0,0,1.7625412315710065,0.7733208672195455
186,0.8611839261211061,162.66313281081545,True,8884.830535093688,0.3034746150005958,0.0007064830024319235,True,True,9195.988666251586,93.41832214347731,0,0.9731167397884596,1.034606736898422,0,0.0,0,2.6537260651738848,3.5021279245262744,True,True,99.99999682052308,0,0.9647189221633166,1.0499999834372964,0,0.0,0,2.9470440279962418,6.356654948901484e-10,True,False,8546.095560479278,130.37169964488987,4,0.9649376084533813,1.0000000000000002,0,4.2768371903965345,0,4.27683719039652,-3.8125091212728863
187,0.6823488169432598,130.49425560107866,True,4321.82691430443,0.3410390749995713,0.0007324539983528666,True,True,4357.548464426116,88.06025183791152,0,0.9831007254017592,1.020153084397316,0,0.0,0,2.0421754812686856,0.8265416295610495,True,True,93.06943563866957,0,0.9829984968072167,1.0444154926953595,0,0.0,0,1.8719630982630235,3.4074804909369376e-06,True,True,4355.824873027206,89.55470811696496,0,0.970149580671177,1.0000000000101275,0,0.0,0,2.0695365202814173,0.7866605447370355
188,0.8336852101290779,159.85309842426253,True,5728.453296668644,0.32629257400003553,0.000600700997893,True,False,6235.601363879776,102.16407623099349,1,0.97217327249337,1.035314166545868,0,0.0,0,2.6819941541214405,8.853144619887612,True,True,99.99999606584649,0,0.9741852750641441,1.0499999856362645,0,5.13132576429598e-06,0,3.165510405817173,3.008942547376521e-06,True,False,5401.8150394885915,127.30193316247087,5,0.9615087713683927,1.0000000000000002,0,4.2116146175400075,0,4.211614617539993,-5.702029461119918
189,0.6261176393437763,117.59958810336292,True,4560.901936717541,0.3142075180003303,0.0005657879992213566,True,True,4686.770440329801,84.76294210905908,0,0.9835636291682588,1.0226886034011842,0,0.0,0,1.632674695430353,2.7597284806258715,True,True,91.23118730235265,0,0.9862891814328971,1.0356589757385664,0,0.0,0,1.5062582065264394,1.303402927786322e-07,True,True,4608.111164225956,88.67789544363013,0,0.9760945387142402,1.0,0,0.0,0,1.6150410955761743,1.0350854758481596
190,0.5402652653986652,104.68750455214143,True,6460.031917393916,0.32423242299955746,0.0008173890018952079,True,True,6567.68853791743,88.36409992781459,0,0.9846193152303077,1.0223460271954536,0,0.0,0,1.0904594323426267,1.6665044209497364,True,True,98.75368340877864,0,0.9953696989267987,1.0441621154491767,0,0.0,0,0.837692814923841,1.4765410856285732e-06,True,True,6487.646517667968,99.12063444562588,0,0.9783796332684567,1.0000000000000002,0,0.0,0,1.178163630776595,0.4274699633056628
191,0.5146559473319159,92.98322248220953,True,3659.523357061655,0.2530438680005318,0.0007848050008760765,True,True,3753.683678159348,76.52977054481838,0,0.9910875600954112,1.0292706310749054,0,0.0,0,1.24196182224631,2.573026480564775,True,True,86.66210761123645,0,0.9843763846463567,1.0251449854965156,0,0.0,0,1.2901412194585333,4.900305204664325e-06,True,True,3664.028851304557,83.91056421240025,0,0.9809207716206135,1.0,0,0.0,0,1.4043032753508697,0.12312187549791125
192,0.8322808062747256,151.19616261312245,True,7949.583596872931,0.34188861199982057,0.0006469010004366282,True,True,8256.68714605432,94.23199858184344,0,0.973389080974121,1.029326033592224,0,0.0,0,2.0291034946344837,3.8631400778851184,True,True,99.99999706984983,0,0.9659777330766058,1.049999961019521,0,0.0,0,2.2838901842524137,9.378937488968942e-09,True,False,7727.685529746081,113.90675176177874,1,0.9695951219092501,1.0,0,0.0,0,2.149565934148711,-2.791316849468212
193,0.7461233319517703,145.89610062079046,True,9380.862423595261,0.3168230869996478,0.0007290229987120256,True,True,9732.077627564557,93.16389587019773,0,0.9742104750024868,1.029114243388176,0,0.0,0,1.5240205164338647,3.743964302374363,True,True,99.99999654933677,0,0.9500000973713134,1.0499999794612127,0,0.0,0,1.7906557118778892,9.622045747911244e-06,True,False,9043.447660114605,120.26483749676574,2,0.9705909921696446,1.0,0,0.0,0,1.7815598991761306,-3.5968323388615406
194,0.5143212372252096,102.28566914675908,True,4203.933945120919,0.3409536039998784,0.0007447069983754773,True,True,4395.207570671392,80.30788535644298,0,0.9749826236328868,1.0178952142596245,0,0.0,0,1.1466868573944708,4.549872212325097,True,True,99.9999974456158,0,0.9880446534227688,1.0499999836193372,0,0.0,0,1.2888442910309408,-7.182628754620141e-08,True,False,4202.114477502361,125.85783860656186,2,0.978452150978599,1.0000000000795701,0,0.0,0,1.62003736483787,-0.04328019090052814
195,0.6162357495274084,119.7608235670643,True,3979.8288727185663,0.33800404199973855,0.000883008000528207,True,True,4117.068192667462,95.39001394402332,0,0.9804987465141534,1.0241614803671837,0,0.0,0,1.7110533927718734,3.4483724114290895,True,True,90.72088261345074,0,0.9764373941246242,1.0328589121340288,0,0.0,0,2.116742920389939,2.234649155163292e-08,True,True,3985.80836329163,88.46839236190631,0,0.9740699236413579,1.0000000000798945,0,0.0,0,2.273280202883285,0.15024493904099717
196,0.6769042544100606,131.29480279853942,True,5069.533335162845,0.2798108870010765,0.0007108110003173351,True,True,5143.802657873125,90.42158896443696,0,0.9821418603961113,1.0296489685773849,0,0.0,0,2.819186034658742,1.4650828515692247,True,True,93.75255507600949,0,0.9663767599495593,1.0478308063858726,0,0.0,0,3.266152255543375,6.883696774047935e-05,True,True,5078.4804565877785,94.90916547631734,0,0.9613777262641556,1.0000000000234353,0,0.0,0,3.4113780112840004,0.17655702616263497
197,0.5168898842464822,97.73760126216126,True,2667.920614633375,0.3102595710006426,0.0007167510011640843,True,True,3075.1664871389985,56.611264489924686,0,0.9886538814512567,1.0379492312669754,0,0.0,0,1.5999728205420922,15.264542366637757,True,True,56.10063977380234,0,0.973254161441141,1.0234627584217397,0,0.0,0,1.8529729479814137,7.593211310835007e-10,True,False,2606.7438873488645,56.213727894662135,0,0.978159584301909,1.0000000000075706,0,2.1210988154202397,1,2.1210988154202397,-2.293049010872603
198,0.6703564226569573,124.91747382707547,True,3521.81999470504,0.3200770269995701,0.0006864649985800497,True,True,3970.6418537205273,77.83471818270982,0,0.9770319666549062,1.030528834462166,0,0.0,0,1.762714643221841,12.744036238312026,True,True,99.99998235861689,0,0.992912283168747,1.0499998419282632,0,0.0,0,1.971290533933626,3.963032862538274e-06,True,False,3536.000708556683,113.07635134117395,1,0.9769762603865206,1.0,0,0.0,0,1.9614750650577122,0.4026569786597251
199,0.6372737328275604,119.06935500057983,True,4045.4680105156795,0.27631662099884124,0.0007863709979574196,True,False,4119.447724496202,72.79278524954627,0,0.9708673063430663,1.019551482796669,0,0.6384475770844951,0,1.4906686108809026,1.8287061259365616,True,True,98.53200769731978,0,0.9832836010879917,1.0429031931029287,0,0.0,0,1.7223345237704848,1.7843609970042016e-07,True,False,4109.399346605427,102.14276665519297,1,0.9728776185396432,1.000000000062225,0,0.0,0,1.8924421630570691,1.5803200830217468
200,0.6288118001048779,114.74418304421306,True,3374.414516003307,0.3780353219990502,0.000745016001019394,True,True,3799.5139724369433,71.40904259004878,0,0.9764020513548282,1.0361174732446672,0,0.0,0,1.7360125048927273,12.598137643430137,True,True,70.43764720526191,0,0.9819346374729612,1.04767173181963,0,0.0,0,1.7025510300148028,0.0003665982662119949,True,True,3514.783645396457,71.30251313146199,0,0.9744088420310741,1.0000000000085791,0,0.0,0,1.8439922775550315,4.160188793145805
201,0.7628318545007999,145.94377307188398,True,5701.703506262847,0.2957301839996944,0.0006690769987471867,True,True,5963.785468441591,90.1073378978529,0,0.9740008552965859,1.029378917813301,0,0.0,0,1.9792356677913574,4.596555432035463,True,True,99.99999734951345,0,0.9500003900298067,1.0499999867423337,0,0.0,0,1.9636040231232812,9.547319731013966e-10,True,False,5669.075243895621,119.15079104660646,2,0.9672352409394488,1.0000000000679024,0,0.0,0,2.6568283068407936,-0.572254630169088
202,0.8468047069176534,161.1644617088022,True,12901.663425701043,0.3253471339994576,0.0008078259998001158,True,False,13114.514370037754,102.80305868495996,1,0.9718980285083471,1.0275063812732697,0,0.0,0,1.823976157037464,1.6497945833336152,True,True,99.9999997231439,0,0.9832048468795882,1.0499999979602996,0,0.0,0,1.8548716952949462,1.5584896461313993e-10,True,False,12272.612106807515,114.68444199141781,2,0.966120334742082,1.0000000000695672,0,0.0,0,2.2118256614168104,-4.875738097626118
203,0.5178007104225107,97.03507650504582,True,5884.931532309074,0.27012830799867515,0.000896625999303069,True,True,5911.275243039159,93.06489315448574,0,0.9885089084326149,1.034366035461426,0,0.0,0,1.9620901103767494,0.4476468607519986,True,True,94.89084783599041,0,0.9775403584314801,1.0282687148121978,0,0.0,0,1.8708447137749573,8.994690431682431e-09,True,True,5898.358281126481,98.86339476032508,0,0.9783939097964766,1.0,0,0.0,0,2.0491762444199537,0.22815472489750652
204,0.5031541666410726,92.09237269664688,True,3936.2887917553726,0.2990242069990927,0.000865814999997383,True,True,4002.786998384862,86.44597140130521,0,0.9876877864231476,1.0276700258255005,0,0.0,0,1.9577379227406624,1.689363092694564,True,True,99.99998828028922,0,0.9912140249342257,1.0499997568821418,0,0.0,0,1.7390626794214938,8.594758654037253e-08,True,False,3857.7916135452233,137.88627397426998,2,0.9841468528606593,1.0000000000000002,0,0.0,0,2.2988855306962535,-1.9941924753814873
205,0.7013620371754609,132.67814816164403,True,4628.139736694895,0.3410964270005934,0.0009215339996444527,True,True,5101.260130225054,93.19964513835956,0,0.9732839822147186,1.0285519123077393,0,0.0,0,1.9146837254685067,10.222690426480185,True,True,99.99997833673537,0,0.9889984587264494,1.0499997941027677,0,0.0,0,2.193743053342274,8.345144074223127e-08,True,False,4651.326533849619,110.31422299881936,1,0.9732793966029082,1.000000000000006,0,0.0,0,2.199471074794019,0.5009961313934289
206,0.6130504101101015,112.3484733788084,True,3236.3109455715226,0.45286265399954573,0.0010254749977320898,True,True,3731.4344779123994,91.14877846098209,0,0.985912049829901,1.0210906296968463,0,0.0,0,1.6099431661007912,15.299009913811911,True,True,99.9999969115699,0,0.9739755375138186,1.0499999442895056,0,0.0,0,2.1949478273950405,1.7122206310766674e-09,True,False,3357.0047833428694,103.7521555212197,1,0.9775904731157818,1.0,0,0.0,0,2.0826631742758224,3.7293646951316655
207,0.562921279005465,101.8158338944211,True,3818.6484339142444,0.41988424100054544,0.0009565930013195612,True,True,4044.9550768905106,55.76937898198656,0,0.9901076212767314,1.0319287598133087,0,0.0,0,1.8840593879349967,5.926354315620945,True,True,99.99999725612936,0,0.9950917527718612,1.049999945504424,0,0.0,0,1.7864193950345992,-1.6599931450172483e-07,True,False,3765.539540270196,141.24169535040085,2,0.9829684047382604,1.0000000000012366,0,0.0,0,2.602096042221703,-1.3907774128444625
208,0.8071199594897682,150.81557066583449,True,4429.62625466822,0.3621897929988336,0.0010786630009533837,True,True,4949.09212550249,89.3374552839481,0,0.9781457622165791,1.0328996062278748,0,0.0,0,2.567961471620407,11.727081270225366,True,True,99.99999881076705,0,0.9850799709589745,1.049999993660604,0,0.0,0,2.5778592041400827,3.619396238230047e-10,True,False,4260.64106180047,133.54921580523927,2,0.9674220331679615,1.0000000000473586,0,0.0,0,3.1951071235391737,-3.8148860228160713
209,0.5419270710472625,100.36415135100289,True,2566.3969357210376,0.44475349399908737,0.0009587589993316215,True,True,2692.245503132414,82.69127688592455,0,0.9864644207999447,1.0205615401268004,0,0.0,0,1.2393560848442746,4.903706373375043,True,True,99.99999972058627,0,1.0000000000166056,1.0499999529575614,0,0.0,0,1.8596631224926767,9.997892221209126e-08,True,False,2580.6011518880046,103.58244666524865,1,0.9803023338224277,1.0000000000166056,0,0.0,0,2.0234982820283705,0.553469284089269
210,0.6505892057251815,121.27507083478689,True,2688.2209929269247,0.311986111000806,0.0010759969991340768,True,True,3525.619522437803,67.48924400258787,0,0.9791462686384761,1.0245557248592376,0,0.0,0,1.5613496870735162,31.150658538178266,True,True,99.99999345299635,0,0.9895439020232303,1.0499999240846394,0,0.0,0,2.0744554270066544,3.6156520290319217e-07,True,False,2927.5756458326946,142.03278139462395,2,0.9760292654248744,1.0,0,0.0,0,2.7905817079291637,8.903831348711261
211,0.6108486773821729,119.55155735885799,True,7339.1153903676895,0.2786723080007505,0.0009888460008369293,True,True,7570.300679193949,95.32617543620574,0,0.9769145725905491,1.0247142642736435,0,0.0,0,1.6487066141967546,3.150043487025206,True,True,99.9999936414794,0,0.9539485140727159,1.0499999692400956,0,0.0,0,1.652672642656583,4.957964588094024e-07,True,False,7278.447588432401,123.44078011538801,2,0.9751752979024026,1.0,0,0.0,0,1.785956466335577,-0.8266359448255469
212,0.60872050720232,114.13926929957792,True,2925.630993342697,0.27853775800031144,0.0009199050000461284,True,True,3019.7181464727364,70.67624896652617,0,0.9892905041571435,1.028554117679596,0,0.0,0,2.154295320505895,3.2159619132119457,True,True,71.77423513360867,0,0.9725790580451931,1.0408612847110834,0,0.0,0,2.291761124172652,8.390513526746998e-07,True,False,2901.82808158193,71.99608183647094,0,0.9748426886054269,1.0,0,2.5122082289977357,1,2.5122082289977357,-0.813598415764087
213,0.6088600624490216,114.80146515025456,True,5413.1055870855425,0.35352001700084656,0.0009319240016338881,True,True,5512.673824073356,84.26689624657627,0,0.9894330617971208,1.0322402387857437,0,0.0,0,1.708481422705944,1.8393921037225758,True,True,91.2292593065452,0,0.9787290729165354,1.0291178863477857,0,0.0,0,1.8972109310074643,-4.5857263254780654e-09,True,True,5419.9815554995175,87.97740041389513,0,0.9770214192364027,1.0,0,0.0,0,2.035307192308423,0.12702446044714122
214,0.577559940823462,108.0030637985185,True,4271.564911691902,0.30553120500007935,0.000762562998716021,True,True,4876.181304373615,89.06623894609899,0,0.9819667735451774,1.0226461738348007,0,0.0,0,1.5286042006272567,14.154446964054484,True,True,99.99999846057773,0,0.9933942858745111,1.0499999906815198,0,0.0,0,2.0094900265714273,-5.580435433343892e-08,True,False,4093.640777203829,149.31386527648002,1,0.9787086700061186,1.0,0,0.0,0,2.362244703055751,-4.165315064872318
215,0.7143990645011674,134.49465750137375,True,3310.1112149591418,0.2790194009994593,0.0006050069969205651,True,True,3366.2427196036074,84.32321606189251,0,0.9849292922243675,1.0279430419206619,0,0.0,0,2.1068045661627934,1.6957654724214402,True,True,92.95868045789076,0,0.9829246063927047,1.0447419594783403,0,0.0,0,2.0491532312159393,6.489061530463065e-06,True,True,3314.773616521044,90.84390315276497,0,0.9711912812983565,1.0,0,0.0,0,2.1925820162400385,0.14085981880398443
216,0.8434321091871395,163.31706573167284,True,4414.190102563899,0.3532464660002006,0.0006472450004366692,True,True,4463.228573974255,95.60495264542462,0,0.968618241514316,1.0363484263420106,0,0.0,0,2.8172437049444454,1.1109284468955707,True,True,99.99998751081169,0,0.9500036714203738,1.0499999435944212,0,0.0,0,2.7772913114291384,4.960327504601591e-07,True,False,4323.857076148167,155.44759515503233,2,0.9659574971674321,1.000000000068239,0,0.0,0,2.9234467658383494,-2.04642307805268
217,0.708881994950868,129.61742287230535,True,6058.366694816447,0.512901016001706,0.000620487000560388,True,True,6402.038751484257,95.57941474615642,0,0.9773688062663884,1.0298365294933318,0,0.0,0,1.7641964574941937,5.6726850479466275,True,True,99.99999993687223,0,0.950000000918502,1.0499999998298966,0,0.0,0,1.8363922395416523,7.776931031161646e-08,True,False,5864.339660920791,122.34317733424476,2,0.9721202663558288,1.0000000000058837,0,0.0,0,1.9234076935499616,-3.2026293406935835
218,0.709332849300029,131.27105744372253,True,6198.859288232391,0.3061990139995032,0.0005395070002123248,True,True,6421.189559556766,66.44557838483519,0,0.9827450837602353,1.0299122840166093,0,0.0,0,1.502136035907455,3.586654798915579,True,True,100.00004776886968,0,0.9939890687463745,1.0499998818039873,0,0.0,0,2.0483759321078594,2.200238792679728e-05,True,False,6318.564307700037,140.261447730057,3,0.9747763463386548,1.000000000018956,0,0.0,0,2.7493198356767437,1.9311038392163689
219,0.6250034962580019,116.97422331520328,True,4689.930900263051,0.30901794899909873,0.0005601869997917674,True,True,4794.329464210701,84.33126993690175,0,0.9861062132282084,1.036558699607849,0,0.0,0,2.2282881443279905,2.2260167071186707,True,True,87.99685216005807,0,0.9732888999044343,1.0396569922910093,0,6.353559456329094e-09,0,2.439278696690991,1.69876782008335e-06,True,False,4638.470985315383,92.21410183178085,0,0.9729585027368128,1.0,0,2.7441873586663945,0,2.7441873586663945,-1.0972408175124562
220,0.5303940553496356,99.54918420556983,True,4906.240199319734,0.2903029740009515,0.0007611319997522514,True,True,5113.976733390884,83.46268434664697,0,0.9810707525974908,1.023038311302662,0,0.0,0,1.0223803451894327,4.234133732421852,True,True,91.69725061854412,0,0.9956270792812919,1.04197075711349,0,0.0,0,0.8127244323337806,4.638305959911618e-06,True,True,4919.334494997554,90.3939770021866,0,0.9803102702036753,1.0000000000671059,0,0.0,0,0.9103644574719993,0.266895286810896
221,0.6129960204884868,115.71026463389441,True,5693.145530211351,0.3010088539995195,0.0006427899970731232,True,True,5766.11095399742,91.25049310547807,0,0.9726574998170161,1.033702191710472,0,0.0,0,2.0894099109436155,1.2816375871625836,True,True,96.37800213284581,0,0.9828136252647194,1.0438643848981173,0,0.0,0,1.7055636007465012,1.2004795995074771e-06,True,True,5718.790937809494,99.95923519051165,0,0.9722947047577949,1.0000000000469642,0,0.0,0,1.9084837557799403,0.4504623343101033
222,0.5454132235656518,104.52470671386709,True,3343.372366242845,0.2569148619986663,0.0006888610005262308,True,True,3642.477109867883,71.52062107016312,0,0.9912171191063354,1.0330531626939774,0,0.0,0,1.935637525307044,8.946204530746167,True,True,82.8429901808982,0,0.9731115617668794,1.0304306175688676,0,4.842754663059168e-06,0,2.1576702010654714,5.1196888626148704e-06,True,False,3287.688491416399,78.27833001214746,0,0.9744587774956296,1.0000000000881386,0,2.329947009212077,0,2.329947009212077,-1.6654952068530733
223,0.868011579589973,169.43465656428623,True,8359.404077176614,0.30347324300055334,0.000863378998474218,True,True,8633.048684798243,97.11730308589503,0,0.964479075883725,1.0385386466979982,0,0.0,0,3.0477564410713285,3.2734944310512613,True,True,99.99984761148707,0,0.9690703056649772,1.0499998145168752,0,0.0,0,3.2555202932425686,2.2371957280184695e-07,True,False,8304.96072975661,103.51395391644247,1,0.9648330998386113,1.0,0,3.75483303992948,0,3.75483303992948,-0.6512824160375884
224,0.7209631094713341,134.9978174824862,True,5155.610791570868,0.2458984889999556,0.0006495480010926258,True,True,5435.883183425975,83.33957620984117,0,0.9926301114514593,1.0260573357343676,0,0.0,0,2.0525532621813625,5.43626885624588,True,True,81.49854473597546,0,0.9792108819550495,1.049990212434521,0,0.0,0,1.9055520882914152,8.682237927178763e-06,True,True,5222.823534631258,84.00490217400002,0,0.9700962322000631,1.0,0,0.0,0,2.1385469899944383,1.3036902752287887
225,0.7118940844374533,133.57299752134543,True,7136.398022571506,0.2644706369992491,0.0007135070009098854,True,True,7255.209746340434,76.94074535086382,0,0.9836989162010229,1.0353337764739994,0,0.0,0,2.357764244926557,1.6648696358906847,True,True,99.99999643709513,0,0.987190713069201,1.04999996029942,0,0.0,0,2.1963202261267725,7.122873292850425e-11,True,False,7071.307603089398,141.68891011749994,2,0.9727623460498702,1.0000000000748805,0,0.0,0,3.1660121890296296,-0.9120906551344025
226,0.5553040728397871,105.48014488023195,True,2817.812049804394,0.28285875899928214,0.000559177999093663,True,True,3102.3321191526165,94.36175866301393,0,0.9888831533767791,1.0394756644964218,0,0.0,0,2.1631248952329827,10.097199184909167,True,True,86.26247877514781,0,0.9735660070886015,1.0307447821668547,0,0.0,0,2.189930791481359,8.373345626086642e-07,True,False,2769.4334442459935,81.63222886198686,0,0.974929490239795,1.0000000000559806,0,2.3653019030087705,0,2.3653019030087705,-1.716884643613311
227,0.6996476520378347,138.65933013118914,True,8255.852983059438,0.364294286000586,0.0006062290012778249,True,True,8382.635086212693,96.79189067497703,0,0.9876298174734423,1.0277054369449616,0,0.0,0,1.9333503955839149,1.5356634122742467,True,True,99.88893307207837,0,0.9754621884630732,1.0499999836894938,0,0.0,0,1.747251301307898,1.2500533273560858e-07,True,False,8349.171591612278,101.17797651401581,1,0.9662956943777959,1.0000000000000002,0,0.0,0,2.2332533573164994,1.1303328581702465
228,0.5992017254448632,114.46022406607763,True,7197.7605453897095,0.2790167080001993,0.0007142590002331417,True,True,7219.590150247815,75.02618949015718,0,0.9820810493099891,1.025214523077011,0,0.0,0,1.6507935402473066,0.3032833344152039,True,True,73.41212995598637,0,0.9828243079277778,1.032989724350667,0,0.0,0,1.4448438329201991,4.6085369385173675e-08,True,True,7204.63289936622,74.46174026341721,0,0.9740304476471896,1.0000000000056402,0,0.0,0,1.5322178431791258,0.09547910427770642
229,0.7408913723393309,140.31207756262134,True,6062.787409626057,0.34326696999960404,0.0006069610026315786,True,True,6409.690348149401,96.3227660479605,0,0.9788005241154643,1.0276950389146804,0,0.0,0,1.8462371665971204,5.721877414483985,True,True,99.99995021610395,0,0.9924904042784682,1.0499997759899506,0,0.0,0,1.9482622520825146,3.6272520220769654e-05,True,False,6147.3881044187165,117.73352144345199,2,0.9726294797659576,1.0000000000631133,0,0.0,0,2.5077226850210934,1.3954460034492824
230,0.649046870506326,118.54744003756423,True,8866.70321007649,0.31307856700004777,0.0006418019984266721,True,True,9260.051968463442,94.42887358356593,0,0.9854752758016656,1.0283821493387222,0,0.0,0,1.1563572520713876,4.436245930631723,True,True,99.99999881322921,0,0.950000070765175,1.0499999843956223,0,0.0,0,1.8974086196263613,2.1071790754574097e-08,True,False,8847.32382312803,106.16613473393686,1,0.9747640762890355,1.00000000003668,0,0.0,0,1.7314271049043697,-0.2185635926343705
231,0.6537665910444805,126.23319028452529,True,4778.282245747743,0.32431211400034954,0.0006929000010131858,True,True,5133.623510138912,83.20904098212498,0,0.9837085115423561,1.0217890545725823,0,0.0,0,2.064941721607781,7.436590751477531,True,True,89.4738897224834,0,0.9825941269313012,1.043219226874783,0,0.0,0,1.7652461104415806,6.072825676041207e-07,True,True,4804.677231177849,84.85148899324675,0,0.9704749786187264,1.0000000000487157,0,0.0,0,1.8880746600540732,0.5523954687181138
232,0.5878102020351101,112.336236048556,True,3276.5007261952383,0.3428387849999126,0.0006728849984938279,True,True,3603.782893615329,87.29176194784009,0,0.9934345497345378,1.0295328736305236,0,0.0,0,1.9211116875392946,9.988771302654984,True,True,96.42811520917685,0,0.9755590248953085,1.0282130026573448,0,0.0,0,2.4033340041319633,-8.742532183369894e-08,True,False,3281.854238243392,92.46524848223194,0,0.9750516647140467,1.0000000000706835,0,2.608495599196061,0,2.6084956368851664,0.1633910573002924
233,0.8886726721253677,169.83495323702647,True,10832.961985589585,0.34379373699994176,0.0007343750003201421,True,False,11080.300187949726,104.75324244353669,1,0.9730347456027445,1.0359792530536653,0,0.0,0,2.692943649677545,2.2832001340669406,True,True,99.99999940010525,0,0.9768080596984251,1.0499999962541564,0,0.0,0,3.4208728994288435,1.969814767160019e-09,True,False,10155.09437416774,118.7622070770682,1,0.9534177561664421,1.0000000000037585,0,4.85309717087307,0,4.85309717087307,-6.257453982793752
234,0.796719091143255,159.74252861775528,True,6059.813396625028,0.2930804530005844,0.0006841120011813473,True,True,6292.050195632789,96.61232695119013,0,0.9804199655234822,1.0329127371311186,0,0.0,0,2.7918231416082335,3.8324271771986136,True,True,99.99999179405323,0,0.9730339656419946,1.0499999161725362,0,2.0592212379710872e-05,0,3.41591418446518,1.80623482598392e-05,True,False,5841.607333175212,133.88626666470282,2,0.9663934699321907,1.0,0,0.0,0,3.7354802107902856,-3.600853591298422
235,0.8697292410044388,159.07008071104633,True,6802.29158629673,0.30236715499995626,0.0009076280002773274,True,True,7191.962471647914,94.94577167508912,0,0.9751804599723229,1.028213906288147,0,0.0,0,1.9511283404783626,5.7285766021343845,True,True,99.99999429567929,0,0.9692270754528391,1.049999917609039,0,0.0,0,2.373838267519119,5.00401716627552e-05,True,False,6623.82054050881,116.09440689543133,1,0.9699448809151549,1.000000000044832,0,0.0,0,2.2293489831398006,-2.623641297239824
236,0.8243083679754544,153.70961801229586,True,4176.739652168773,0.298702243999287,0.0008393229982175399,True,True,4842.366845228131,87.58887548348775,0,0.9850594312418893,1.0336885035037995,0,0.0,0,2.894121241186923,15.936556001576509,True,True,91.29940687674625,0,0.9615060333823495,1.049883878019146,0,2.7542957667492374e-05,0,4.856863838222353,2.6033727125392072e-05,True,False,4160.285344578017,92.323294920543,0,0.9579512378760333,1.0000000000599878,0,5.164410148612006,0,5.164410148612006,-0.39392506796247884
237,0.6406543927437085,123.41555238572694,True,5493.76950090069,0.3058989660003135,0.0007904760022938717,True,True,5589.669964503014,82.54462384081768,0,0.9888243193701065,1.0249969705939292,0,0.0,0,1.0224113201887945,1.7456319754576632,True,True,99.99993900753793,0,0.988894758894388,1.049747195332815,0,0.0,0,0.9287246813701273,9.543735908979793e-06,True,True,5521.579265505502,94.11652099269517,0,0.9768593116579238,1.0000000000007336,0,0.0,0,1.4406046362225169,0.5062151145073608
238,0.5259471038006354,98.70362029568544,True,2248.582019688917,0.26618023099945276,0.0006532080005854368,True,True,2294.2268420201667,62.448686447018176,0,0.9703280626387467,1.0290179550647736,0,0.0,0,1.7782391880772508,2.0299382321555703,True,True,71.08030783976422,0,0.9849543151142455,1.029380151872368,0,0.0,0,1.4668044569281875,1.642292563398035e-07,True,True,2288.993166820839,60.624037402087,0,0.9769648896563221,1.0000000000767093,0,0.0,0,1.5930089708838437,1.797183760132939
239,0.8907757235875375,168.2475074686257,True,7539.720880673718,0.27914469400093367,0.0006594900005438831,True,False,5857.837803165067,108.74260860516276,1,0.9744667909836645,1.0405698239803312,0,0.0,0,2.9525900120335677,-22.306967381336907,True,True,99.99999975296323,0,0.9765970826411028,1.0499999984435975,0,0.0,0,2.8875387419228673,2.2050634780209793e-10,True,False,5513.740464356311,113.27597176294732,2,0.96294856432262,1.0000000000000002,0,3.293066951244626,0,3.2930669512446116,-26.870761509200793
240,0.7776322947804433,144.12694383888822,True,14280.605447373857,0.2918567880005867,0.0006272380014706869,True,True,14608.116544124538,83.7079961251339,0,0.979805429881894,1.0385676145553588,0,0.0,0,2.777417786033851,2.293416299657808,True,True,89.52869388258766,0,0.967808736143953,1.0490366926776176,0,7.95774292328133e-06,0,3.3611291782115416,1.804660583140251e-05,True,False,14294.934167073374,92.9204193576773,0,0.9648001070676245,1.0000000000000002,0,3.6322052978194392,0,3.6322052978194392,0.10035498496721985
241,0.5656311814602758,102.61568977392528,True,3031.5969882652457,0.32510465900122654,0.0006583750000572763,True,True,3597.9955941102053,91.52970559094116,0,0.9830036324850345,1.026040181517601,0,0.0,0,1.4892466682323118,18.68318020077252,True,True,99.9999986815612,0,1.000000000058511,1.0499999662640225,0,0.0,0,1.6657035081855014,3.4028343173077043e-06,True,False,3174.0938342676,112.4217194492019,2,0.981630039966065,1.000000000058511,0,0.0,0,1.9258748824911862,4.700392386029145
242,0.7721360551428749,147.79723821022893,True,5097.170080041939,0.3516233230002399,0.000695451999490615,True,True,5181.9301513255905,99.98462456974185,0,0.9857404752810112,1.0325949668884278,0,0.0,0,2.571065762269029,1.6628849033437485,True,True,99.99999898015164,0,0.9757314488630885,1.0499999916290437,0,0.0,0,4.3262801710014,9.16879959228739e-09,True,False,5089.0977627816355,104.89485398045922,1,0.9562830093586318,1.0,0,0.0,0,4.632663760763592,-0.15836859800503789
243,0.5062548020328724,93.32610683120089,True,4212.616886846562,0.2494802820001496,0.0008068479983194266,True,True,4341.537120841083,90.34096542760706,0,0.9863153951482364,1.0401506781578065,0,0.0,0,1.7804217080728932,3.0603371982132863,True,True,95.13473118887717,0,0.9774259754161814,1.0299708313878417,0,0.0,0,1.726066346666741,1.0966590205111996e-06,True,True,4222.373064173,99.75785164222863,0,0.9772800583649033,1.0,0,0.0,0,1.9118692509873796,0.23159532170930852
244,0.8941985575335167,172.288924072584,True,10906.342318874998,0.3706942520002485,0.0007076270012476016,True,True,11287.197560485982,96.19654350809597,0,0.9663467173119894,1.0382712066173554,0,0.0,0,2.840993284474962,3.4920528957627224,True,True,99.99999894189338,0,0.9762593910046723,1.0499999918366643,0,0.0,0,3.2685514437536085,1.0251316374496541e-08,True,False,10905.835027092817,106.01237100221763,1,0.9640815035447148,1.0,0,3.767070654347549,0,3.767070654347549,-0.004651336345019342
245,0.5311742237515003,101.98923545665835,True,2502.2326419247825,0.3033187919991178,0.0005625609992421232,True,True,3011.0979372019324,58.88490670527416,0,0.9632023867522763,1.015934172272682,0,0.0,0,1.0031127966520614,20.336450215961268,True,True,73.05899892313734,0,0.984139112632349,1.0313829655626732,0,0.0,0,1.415503048820412,7.818273872467163e-09,True,True,2635.090556489782,70.87527059119964,0,0.9773359656634018,1.0000000000000002,0,0.0,0,1.4995349362140757,5.309574839085325
246,0.7285211902063395,142.45222516659132,True,4888.80171892496,0.34195032699972217,0.0005584560021816287,True,True,4899.766821763243,91.68897971311407,0,0.9841260843164512,1.0237669140100478,0,0.0,0,2.2438264886554578,0.2242907890290549,True,True,99.97974935010544,0,0.9785988434062146,1.047206082147771,0,0.0,0,2.1675724092773976,5.941335896111284e-07,True,True,4897.733960159182,97.43441100913303,0,0.9672685148594962,1.0000000000147475,0,0.0,0,2.3120586618894947,0.18270878728271417
247,0.5915992695524557,106.40397960514201,True,3751.550395483742,0.31476794500122196,0.0005728190008085221,True,True,3947.9508233621928,61.08381157691836,0,0.9941033133672416,1.0347498655319214,0,0.0,0,1.8984905187949863,5.235180000720984,True,True,61.56248428163587,0,0.9737805974930195,1.0326290320680624,0,0.0,0,2.123215502024422,-3.003359889087325e-07,True,False,3720.0312862030596,61.569920918149265,0,0.9774889479540056,1.0,0,2.3261922759581637,1,2.3261922759581637,-0.8401625229723383
248,0.6057852633009709,115.53775001869171,True,8321.268731242855,0.3915534830011893,0.0005813940006191842,True,True,8508.255388538919,87.51429468548258,0,0.9812473851432902,1.0376444160938263,0,0.0,0,2.2533913573955004,2.247093112421386,True,True,86.9715901688701,0,0.9748993261917739,1.0337688765386208,0,0.0,0,2.3506935523923715,-9.052748600247993e-09,True,False,8291.551839127571,92.10076961663097,0,0.9757584110829692,1.0000000000251714,0,2.6341565284909905,1,2.6341565284909905,-0.35711973529136515
249,0.6945287456044711,128.10030028136845,True,5752.722941317503,0.26080428199929884,0.0006379870028467849,True,True,6099.768558464271,90.22294370273686,0,0.9851232381171254,1.0309025794267654,0,0.0,0,2.831364161786013,6.032720503988745,True,True,99.99999536312481,0,0.9780889911508119,1.0499999494080132,0,0.0,0,3.142186692515594,1.299586306516914e-06,True,False,5292.323550518511,144.8630993599036,2,0.9725610803978224,1.0000000000000002,0,0.0,0,3.640951308048784,-8.003154796730707
250,0.7864370456184795,147.94253937669473,True,7767.229463929995,0.26149405800060777,0.0005744769987359177,True,True,8127.433074267782,95.15221275425863,0,0.9755091206930478,1.0265867233276367,0,0.0,0,1.874961608690569,4.637478699533397,True,True,99.9999970346805,0,0.9500001342563322,1.0499999564211762,0,0.0,0,2.3527846400665737,1.963533674836354e-08,True,False,7437.307911077245,115.54528587956683,1,0.971523870686588,1.0,0,0.0,0,1.9803313623122278,-4.24760917550489
251,0.5261615285237303,97.27605826219427,True,4915.969129812852,0.26999418000013975,0.0005601609991572332,True,True,4973.594591681804,61.6185681576971,0,0.9801516801676223,1.02949156165123,0,0.0,0,1.2038945709794717,1.1722095868764306,True,True,66.11292691788786,0,0.978572634771645,1.037587266946569,0,0.0,0,1.552546423325552,-8.87486284750256e-09,True,True,4924.49147842614,61.73801984638379,0,0.980359313712713,1.000000000017706,0,0.0,0,1.678372718311337,0.17336049009263685
252,0.7154698142991893,132.32445982674693,True,6252.995530572178,0.3103836030004459,0.0006504309967567679,True,True,6597.585739169149,94.78404904528257,0,0.9809592036441601,1.0250113219022754,0,0.0,0,1.7946380334109904,5.510802096398358,True,True,99.99999463444198,0,0.9906755810548934,1.0499999787739946,0,0.0,0,2.0840315209638334,2.872204647850216e-09,True,False,6315.155966917454,127.25281271576185,2,0.9748920333313705,1.0000000000664633,0,0.0,0,2.593082226844416,0.9940905318538166
253,0.5836064073383087,110.81249574416613,True,5074.95323083643,0.2811766560007527,0.0005650819985021371,True,True,5178.112189233889,92.41142215663182,0,0.9842233548178877,1.0376863181591034,0,0.0,0,1.832000606073521,2.0327080657176184,True,True,97.021601736109,0,0.9744516742628067,1.032884584096707,0,0.0,0,2.1229078258848375,4.877675275112181e-07,True,False,5085.939080075693,97.8618298651812,0,0.9739884122677103,1.0000000000711455,0,2.565266107289929,0,2.565266107289929,0.21647241949088566
254,0.7829974389235231,146.00380629666316,True,5651.168471074202,0.2932161360004102,0.0005788220005342737,True,True,6091.267909199755,94.25161075821887,0,0.9837206802378035,1.028787651658058,0,0.0,0,2.2565994681602604,7.7877600084186875,True,True,99.99995653081851,0,0.978863098640421,1.0499997822276577,0,0.0,0,2.277570055312623,1.2005583733035166e-09,True,True,5756.489701514292,97.73001290967692,0,0.9667954706215496,1.0000000000000002,0,0.0,0,2.4939842043000056,1.8637071438994004
255,0.8477927574172973,165.60291305047846,True,7609.553674991058,0.33459994199984067,0.0006468609972216655,True,False,5405.860704378263,112.18290534238649,1,0.9766545512691894,1.0433944165706635,0,0.0,0,4.253704054961503,-28.95955616760176,True,True,99.99999998168076,0,0.985058677230009,1.0499999999059297,0,0.0,0,2.9388003611946942,-8.24688767602461e-13,True,False,5262.929078478504,121.05753038005074,1,0.9498784129155365,1.0000000000462739,1,5.542464829907601,0,5.542464829907601,-30.83787429248082
256,0.5499137142915643,101.98292421642759,True,2869.7101771444873,0.29656069000157004,0.0005259819990897086,True,True,3305.63736149514,61.834773926450815,0,0.9899184607289846,1.0370220065116882,0,0.0,0,1.6561812544831298,15.190634505217725,True,True,63.82697638926079,0,0.9728759852829088,1.02963390754551,0,0.0,0,2.0510135705110883,5.567018339105588e-10,True,False,2827.6864196650786,63.7854162469951,0,0.9769320950051122,1.0000000000000002,0,2.242679592987571,1,2.242679592987571,-1.4643902997020681
257,0.6410262631280178,121.15982359427528,True,3018.3729459863125,0.32408044099975086,0.0005406309974205215,True,True,3388.4822177796614,85.43068553583387,0,0.9785576092086089,1.0255902737379075,0,0.0,0,1.316252013667281,12.261880106556383,True,True,99.99999885002396,0,0.9611468246053982,1.0499999855739044,0,0.0,0,1.7549532126734562,3.6083013095690207e-10,True,False,3058.321669253456,108.1394399082114,1,0.9752483165565003,1.0000000000731544,0,0.0,0,1.8558322565267815,1.3235184648504361
258,0.721577137593052,135.38509371219894,True,4028.3685689794784,0.3167238759997417,0.0006804099975852296,True,True,4050.0633026011474,88.29461671263222,0,0.9756772543343664,1.034143963456154,0,0.0,0,2.4587709454287676,0.5385695847591349,True,True,89.46012776145386,0,0.9758442573913999,1.048025636959774,0,0.0,0,2.4864979472967548,2.0598513873623292e-05,True,True,4037.883363244363,93.8794835907001,0,0.9677758830808489,1.000000000046687,0,0.0,0,2.6612949400245896,0.23621537716594768
259,0.5531053308167961,105.11631018575736,True,6448.4080790728585,0.2825337060003221,0.0006526520010083914,True,True,6622.074049386691,95.357249144069,0,0.9762284837078706,1.036477553844452,0,0.0,0,1.8850640057306407,2.6931603613775743,True,True,99.99999867229687,0,0.9867535405182654,1.0499999925192296,0,0.0,0,1.9479535015132257,1.7558286329823848e-10,True,False,6112.051905894953,137.45955149748983,4,0.980537163178106,1.0000000000477314,0,0.0,0,2.6381636649083475,-5.216111775846768
260,0.8469094145170247,165.37907623824233,True,9937.422804409469,0.2871070069995767,0.0005958340007055085,True,True,10847.080103510676,91.31703096019827,0,0.9737976528351998,1.0434785634279253,0,0.0,0,2.4530610612711996,9.153855284189524,True,True,99.99997344633022,0,0.9703470120028204,1.0499997673281978,0,0.0,0,2.639893364206756,3.127554864780753e-08,True,False,9738.35861450339,106.07269560525168,2,0.9650287175651266,1.0000000000675395,0,3.124699430147075,0,3.124699430147075,-2.0031771896836745
261,0.6085634468917475,116.12531923824841,True,4606.814187014419,0.3294211649990757,0.0005970820020593237,True,False,4608.335716870821,71.32285157161895,0,0.9890330559093794,1.0301247358322143,0,0.22276815932318073,0,2.680444753041172,0.033027875479310444,True,True,72.0299159502116,0,0.972406348590718,1.0295247720036578,0,0.0,0,2.4642824300302664,6.50310400434272e-08,True,False,4512.3205638763,75.60863435946969,0,0.969406771438222,1.0000000000545937,0,3.1657985281370316,0,3.1657985281370316,-2.0511706434799635
262,0.6771381372296201,127.62933981115806,True,8978.694699765276,0.3174426059995312,0.000576867998461239,True,True,8987.522561662294,90.11522036444629,0,0.9853927775713853,1.0302039206027984,0,0.0,0,1.499738234310442,0.0983386898736182,True,True,94.48030520108142,0,0.9822541134403041,1.0496437530262113,0,0.0,0,1.389872996344863,1.8568392698972955e-05,True,True,8990.925269303021,92.49733116956715,0,0.9757325704937567,1.000000000070535,0,0.0,0,1.542085103613303,0.13623627283347156
263,0.6495869138008514,120.58304111896935,True,5963.415811701221,0.27735990600012883,0.0006398749974323437,True,True,6028.601572953773,72.60767226763474,0,0.9864592322873595,1.0271539568901062,0,0.0,0,1.9179087249334685,1.0931324340223427,True,True,72.3753765199626,0,0.9770551958547785,1.0459305813196258,0,0.0,0,1.7273374674025632,3.767309455548519e-05,True,False,5988.711791142362,73.59619347521726,0,0.974494694403873,1.0000000000192146,0,2.7100492024154192,1,2.7100492024154192,0.42422390745514005
264,0.6212424464281208,120.90141438455638,True,2953.214561272703,0.27936776200112945,0.0005326080026861746,True,True,2998.738622403569,79.25517758360833,0,0.9856447924046854,1.033000722527504,0,0.0,0,2.0444795574980787,1.541538701078925,True,True,71.5542732514256,0,0.9728635479430624,1.0444478965837767,0,1.2179934174127993e-05,0,2.393544720078694,2.948763338007951e-05,True,False,2952.760113184199,71.97610831639352,0,0.9745297740543534,1.0000000000000002,0,2.6934235444455226,1,2.6934235444455226,-0.015358768555983613
265,0.5011775271599471,95.487450569215,True,2949.0288958079927,0.4909081080004398,0.0005812210001749918,True,False,3015.8159247786148,83.17117209721678,0,0.9861251035347587,1.0375050008296967,0,0.0,1,1.6565958373668082,2.2647134304078507,True,True,99.99995383639416,0,0.9943328625962491,1.0499996966338945,0,0.0,0,1.765391861136564,8.123622440849076e-07,True,False,2919.18970466465,138.4594826093607,3,0.981241598198885,1.0,0,0.0,0,2.5236862815729353,-1.0118302832286168
266,0.5083076401403598,97.31482554501068,True,4311.249586655378,0.28587639900069917,0.0006594149999727961,True,True,4558.724193388011,84.62465145326478,0,0.9901712082919562,1.0362028032541275,0,0.0,0,1.8690746498864002,5.740206034373495,True,True,58.49390651882958,0,0.9747665777651068,1.0204013147180047,0,0.0,0,1.9137948348296305,4.82034242492897e-08,True,False,4248.720487989624,55.169366030397484,0,0.9788131515845175,1.0000000000553724,0,2.0553909216192494,1,2.0553909216192494,-1.4503706027893037
267,0.8812644067670841,171.28992862245775,True,11612.370492600157,0.3288848309985042,0.0005594710019067861,True,True,12338.274891057445,85.17659638496217,0,0.9671531508028177,1.0371904760599138,0,0.0,0,2.5712323075865697,6.251130197067417,True,True,95.27348613269261,0,0.9697039585127669,1.049999960377364,0,0.0,0,3.1021668574923353,8.004425847455711e-12,True,False,11597.136264205026,97.76020661423883,0,0.9666596408590261,1.0000000000000002,0,3.500932239322637,0,3.500932239322651,-0.13118965162118004
268,0.6330202187000887,123.52632402528234,True,4220.155946158685,0.2862461880013143,0.0005448230003821664,True,True,4225.247315283981,87.179201772632,0,0.9864633378327987,1.0355136007070542,0,0.0,0,2.3768453017910076,0.12064410153377222,True,True,92.81263979755418,0,0.9742900424667517,1.0346201417296328,0,0.0,0,2.2541686219074393,2.349469893179212e-09,True,True,4227.025615536096,88.9266454564777,0,0.9719363688910609,1.0000000000000002,0,0.0,0,2.4196931518420257,0.16278236075556826
269,0.5021692289628104,98.0862229756674,True,4445.007638995347,0.3186545610005851,0.0005752760007453617,True,True,4590.718975284291,58.785736071375624,0,0.9707459578548292,1.029520469903946,0,0.0,0,1.2219078975680446,3.278089732116724,True,True,76.87323911272499,0,0.9839700835889954,1.0328282796122403,0,0.0,0,1.3432438181286557,5.917954206413771e-08,True,True,4536.072481574384,97.66152005798313,0,0.9773059482536877,1.0000000000324327,0,0.0,0,1.5521457875466638,2.0486994097505327
270,0.7782449696573666,149.7905730637142,True,5699.08223269567,0.2963071049998689,0.0006310980024863966,True,False,5488.845173789271,106.24731205236006,1,0.981473599389939,1.0321657538414004,0,0.0,0,2.9501114981513297,-3.6889634210643534,True,True,99.99999961693943,0,0.9758447125913481,1.0499999974690144,0,0.0,0,4.217188244206113,1.0709827818570784e-10,True,False,4991.491513888323,111.64438859964557,1,0.9537877853345189,1.0000000000068652,0,4.918689140221744,0,4.918689140221744,-12.415871361577286
271,0.725999750471133,136.2049315676691,True,7677.36138440978,0.28764468699955614,0.0005971220016363077,True,False,7886.646137672819,100.31272707288565,1,0.9746540941127193,1.027793037891388,0,0.0,0,2.2131744516916285,2.7260056721510364,True,True,100.00000277510956,0,0.9656454864522834,1.0499999834425076,0,0.0,0,2.635053677878261,7.0187947430674e-06,True,False,7517.795244149729,139.5826639674214,2,0.9743085695505248,1.0000000000159657,0,0.0,0,2.7698181759955673,-2.078391319776339
272,0.6831756585166228,132.757531658365,True,5059.535981075561,0.329942944999857,0.0006196880021889228,True,True,5191.474518772525,80.6228895468259,0,0.9777208402592348,1.0354510694742203,0,0.0,0,2.165147649063016,2.6077201234735266,True,True,99.99999237395782,0,0.9847990198237557,1.0499999047270996,0,0.0,0,2.132033372350719,4.544511105664433e-09,True,False,4996.845374023345,145.87672387993976,2,0.970146129624351,1.0,0,1.6696223915212869,0,3.912090733156276,-1.2390584247175653
273,0.7683753078035138,143.59106276959196,True,6230.092981432176,0.33732546099963656,0.0005950129998382181,True,True,6621.018456179428,93.98179241357369,0,0.9787549297415671,1.0237734973430634,0,0.0,0,1.3982853968856546,6.274793593794755,True,True,99.9999995137714,0,0.9500000328151739,1.049999992675302,0,0.0,0,2.301652539659443,8.142425416582808e-09,True,False,5937.221568791919,115.32097174161251,1,0.9731878089637068,1.000000000000437,0,0.0,0,1.9029135537129775,-4.700915588734892
274,0.5509925002787315,104.70406053611494,True,5780.436670788051,0.36781833399982133,0.000595934998273151,True,True,6026.898653063288,90.49747655392586,0,0.978541195578094,1.0346646338701249,0,0.0,0,1.7175877975869156,4.263743851739846,True,True,100.00000698430446,0,0.9937024130431955,1.0499999056548812,0,0.0,0,1.7792907072923612,1.710463810368848e-05,True,False,5778.684164636568,111.35240086976259,1,0.9797058918621301,1.0000000000470661,0,0.0,0,1.754922794694508,-0.030300785705696855
275,0.7381764024130236,136.8497551781038,True,6830.945079530963,0.3803318030004448,0.0005416410022007767,True,True,6878.655934062338,84.89742741195656,0,0.9869985791969563,1.0246767714619636,0,0.0,0,2.0928992906547705,0.6984581220964071,True,True,86.26260568302413,0,0.9764150710183175,1.0499377518907138,0,0.0,0,2.232478110678244,6.341246867674278e-06,True,False,6860.753459598813,86.24706885485429,0,0.9701943001831337,1.0,0,2.8884318573090724,0,2.888431857309058,0.4363790775376904
276,0.7546084169084517,146.40766921476373,True,5247.918590341158,0.2563057070001378,0.0005929819999437314,True,True,5349.1551802507065,82.96159485982884,0,0.9897640019139486,1.0251389145851135,0,0.0,0,2.1854145050476745,1.9290809398828075,True,True,81.43269374092279,0,0.9795125384257015,1.049999095699301,0,0.0,0,2.0127388070521874,1.3754114595546708e-07,True,True,5370.90906344492,84.74204529123986,0,0.9692914755802295,1.0,0,0.0,0,2.2622999416707046,2.3436049621146418
277,0.5143748174351838,94.19066614855203,True,2588.270108294478,0.25326330800089636,0.0006100249993323814,True,True,2689.5833205742706,59.24412771436819,0,0.9878018356789726,1.0330406874418259,0,0.0,0,2.1056072935509462,3.9143216541868946,True,True,59.3851943049695,0,0.9713333245307401,1.0203948347976544,0,0.0,0,2.161702417048147,1.87316186871448e-07,True,False,2569.93582111641,59.21850433407406,0,0.9760572377350918,1.000000000070358,0,2.305219306746338,0,2.305219306746338,-0.7083604723250363
278,0.5209926592976077,96.10156932950511,True,2336.697718281078,0.2444223439997586,0.0005739320004067849,True,True,2453.287471510793,60.11288111966054,0,0.991421767745857,1.03192380964756,0,0.0,0,1.797381167149922,4.989509466194094,True,True,53.095196362562426,0,0.9750700208495883,1.0184855273113365,0,0.0,0,1.9031602943780115,2.5282844768045416e-08,True,False,2304.4031628331645,50.947428095413485,0,0.9796640041127737,1.0,0,2.0451341845719355,1,2.0451341845719355,-1.3820595883087183
279,0.6170675995779974,120.19287622193185,True,5113.558439160791,0.2632451810004568,0.0006582550013263244,True,True,5621.393023446709,93.95671552992555,0,0.9734938066902535,1.0355675220489502,0,0.0,0,1.669969214746871,9.931138763178858,True,True,99.99999739384155,0,0.9915117131099539,1.049999975180866,0,0.0,0,1.9212875536081953,7.717499481908784e-10,True,False,5175.40738989893,114.54441288163513,1,0.9762943847630905,1.000000000039565,0,0.0,0,1.9743524276411222,1.20950902417438
280,0.5993958367840071,115.67396722391035,True,5677.49841805364,0.2611245730004157,0.0005659330017806496,True,True,5981.006201317997,72.9029449043972,0,0.9851845328934554,1.0238876819610596,0,0.0,0,1.4241324242866824,5.345801282985955,True,True,99.99999818774376,0,0.9931611646634799,1.0499999823072046,0,0.0,0,1.5843643913750896,1.58206467238487e-10,True,False,5597.500478003313,125.0564835125322,2,0.9806287962265184,1.0,0,0.0,0,2.161015334075657,-1.409035003639796
281,0.5128677518549328,98.14205433225783,True,6700.684618172608,0.3309455329999764,0.0006159799995657522,True,True,7004.754935730964,89.83479874291555,0,0.9874719358710146,1.0215531110763552,0,0.0,0,1.564173511850413,4.537899324518857,True,True,99.00485499333959,0,0.9995482468844676,1.0499998030977316,0,0.0,0,1.8329780781147775,6.378292967606366e-08,True,False,6786.39943359238,104.66438970383072,1,0.9807814835556546,1.0,0,0.0,0,2.0092563321905317,1.2791949574208192
282,0.5406684543043636,101.04345015656986,True,2814.760740456936,0.2838213069990161,0.0005512979987543076,True,True,2826.797204006375,62.87867180273793,0,0.962779171715705,1.029657232761383,0,0.0,0,2.082918707589343,0.42762007914489913,True,True,60.87667949590041,0,0.9776150234812865,1.0280551322590896,0,0.0,0,1.8451245660219797,6.564546839181575e-07,True,True,2818.4935705124512,61.17554706442394,0,0.9746309478101165,1.0000000000000002,0,0.0,0,1.918875188168883,0.13261690430718842
283,0.8172490308723013,151.18266693900765,True,6903.181835204205,0.2969467760012776,0.0005861460012965836,True,True,6910.1793226441005,88.6069450636407,0,0.9854336281393372,1.0347706854343415,0,0.0,0,2.580975661127269,0.10136849557240071,True,True,99.19623317565761,0,0.9781133076290299,1.0490356851843636,0,0.0,0,2.4487201060143207,2.375236158594561e-06,True,True,6911.3035346086845,96.33455119577658,0,0.9671243867452066,1.000000000005923,0,0.0,0,2.6022237133546184,0.11765391319755335
284,0.6305040778663148,118.4801998707074,True,4062.0102277924557,0.26801673699992534,0.0005887239967705682,True,True,4308.719650675541,78.81822039588245,0,0.978163468604155,1.0222869396209717,0,0.0,0,1.466774503852605,6.073643700800141,True,True,95.9113297142761,0,0.9816836203098107,1.0441692658760147,0,0.0,0,1.7015735819008029,6.0469078984953025e-05,True,True,4161.345651911126,99.86865443953886,0,0.9709029017433497,1.0,0,0.0,0,1.890578315899134,2.445536443172515
285,0.5131411633699676,95.68199551953798,True,2464.689821307601,0.2640808889991604,0.0006574479994014837,True,True,2679.8785617912054,87.87739437163762,0,0.9913089198359561,1.0281755536794663,0,0.0,0,1.9196457029530336,8.730864982540703,True,True,56.78720510149638,0,0.9743172660800272,1.0202632385511807,0,0.0,0,1.9507617260404686,1.984645415562797e-09,True,False,2440.242134187076,54.522807938866066,0,0.9776564814386031,1.0,0,2.1253475245940194,1,2.1253475245940194,-0.991917395071024
286,0.8893353487274707,167.64406485038148,True,6525.466836520769,0.2739658540012897,0.0005658240006596316,True,True,6960.157602136476,95.6809789393354,0,0.9771420777412962,1.0337575823068619,0,0.0,0,2.7515863667443057,6.6614553886492684,True,True,99.99999119629705,0,0.981079476355657,1.0499999319372322,0,0.0,0,2.9035079077359,4.261401011789185e-06,True,False,6099.9374939716545,127.12629373473645,4,0.963514162386076,1.000000000058749,0,0.0,0,3.793327273341589,-6.521051953321992
287,0.5370389336590579,100.3545186300339,True,4958.749399484407,0.3008119030000671,0.000613286996667739,True,True,5095.7797216131285,56.387499841465626,0,0.9635556776101285,1.0237886518239976,0,0.0,0,1.5843515955990881,2.763404866155796,True,True,65.50427602916645,0,0.9844560741731523,1.0286033431700643,0,0.0,0,1.3780885581989537,1.513058220520161e-09,True,True,4981.601685114345,63.12615632802429,0,0.9784810157074206,1.0000000000000002,0,0.0,0,1.4537213026836753,0.4608477635044116
288,0.7747769447392501,149.0271284614747,True,8437.53327284268,0.2850018689987337,0.0007177179977588821,True,True,8779.713914038977,92.84365359768121,0,0.9759600558490206,1.0318512320518491,0,0.0,0,1.9192396947246095,4.055458917074167,True,True,99.9999939790589,0,0.9791849839714593,1.0499999537107632,0,0.0,0,2.410895927137659,6.184518279168956e-07,True,False,8290.899800582518,109.70359357871693,2,0.971467564187364,1.0,0,0.0,0,2.566421649695343,-1.7378707288408575
289,0.6514247693777093,127.07057948029106,True,5230.01527588474,0.2558732809993671,0.000617583002167521,True,True,5229.971044838718,83.41141809961536,0,0.9872123835925719,1.0303815484046936,0,0.0,0,3.0951052807108965,-0.0008196997386421235,True,True,83.61739164498478,0,0.969591177125028,1.0422073872504114,0,0.0,0,3.0961489481745446,2.60159083687003e-05,True,True,5235.26687965031,84.36611781656364,0,0.9655858896117074,1.0,0,0.0,0,3.2210646079400647,0.10043882265556389
290,0.7156610749927165,139.28212961959952,True,6393.169384094736,0.30774639700030093,0.0006104149979364593,True,True,6527.219735603408,91.84770725473649,0,0.99080849498903,1.0258035898208617,0,0.0,0,1.965261805630604,2.0967746350732814,True,True,96.92623043287536,0,0.9732596332477037,1.049999286080299,0,0.0,0,2.558384827874306,3.852019857996354e-08,True,True,6407.028886429062,97.92266195902683,0,0.967141636773839,1.0,0,0.0,0,2.7388764448855056,0.21678613485209086
291,0.6448198177758874,122.73083441180691,True,5305.2002386684435,0.2704416830001719,0.0006918300023244228,True,True,5734.226079172231,91.71686335793854,0,0.977735914990677,1.0316288441419603,0,0.0,0,1.8493309833537808,8.086892505975156,True,True,99.99999754962033,0,0.9819994814493612,1.0499999570654563,0,0.0,0,2.2993083983520677,4.1970610508920027e-10,True,False,5144.7638836427905,117.97841332481505,2,0.9735472603184706,1.0000000000000002,0,0.0,0,2.3401756062019388,-3.0241338269321987
292,0.6721672742706124,130.3717558040234,True,7431.846527557945,0.268785227999615,0.000593146000028355,True,True,7627.203602025061,93.30624039387338,0,0.9768632212011878,1.026555582880974,0,0.0,0,1.8667701408485868,2.628687401856789,True,True,99.99999084974961,0,0.9811491758840892,1.0499998911948594,0,0.0,0,2.1100564650132583,3.8532184064270386e-05,True,False,7163.868766121291,144.5124959503471,2,0.9710692363035001,1.0,0,0.0,0,2.538497921503847,-3.605766077755775
293,0.502896498101713,97.17753005978506,True,4674.69114893313,0.33042189099978714,0.0005856600000697654,True,True,5143.273216333287,99.97672017726856,0,0.9762955836127353,1.02223599255085,0,0.0,0,1.6509246761064844,10.023810294234439,True,True,99.99999968253962,0,0.9999999999985428,1.0499999758553697,0,0.0,0,1.7696213361975168,2.0455897200522292e-06,True,False,4176.284064685989,138.611989054304,2,0.9822172821970053,1.0000000000000002,0,0.0,0,2.2032640457692594,-10.661816640683337
294,0.6268963058096841,115.87157400319389,True,3643.15405423985,0.31111979900015285,0.0006025530019542202,True,True,3874.81283218596,94.23319181913045,0,0.9810671089862586,1.0257769495248794,0,0.0,0,2.165173500270484,6.3587430449274684,True,True,99.99999573262764,0,0.9911840068689461,1.0499999514851481,0,0.0,0,2.164177624263033,6.992301572717063e-07,True,False,3703.4745634237383,103.57493387523331,1,0.9748797408113189,1.0000000000046003,0,0.0,0,2.173210214500145,1.6557228758827527
295,0.8643881833615505,163.9986013282087,True,11058.756457529325,0.3077021800017974,0.0005967150027572643,True,False,11472.384803984522,101.28230807715677,1,0.9717212484595509,1.0331260800361635,0,0.0,0,2.17288351231133,3.7402790092524576,True,True,99.99999884165261,0,0.9824081975790323,1.0499999924407568,0,0.0,0,2.21432585388186,8.82457099720993e-11,True,False,10671.744039378691,127.5948820615771,2,0.9651298682775361,1.0000000000050782,0,0.0,0,2.368830020055327,-3.4996016019298506
296,0.6918154883779193,131.99097193424933,True,4986.6599173203085,0.28992938400006096,0.0005981739996059332,True,True,5384.815906517972,86.88689505570981,0,0.9764472537416029,1.0319294691085816,0,0.0,0,2.1482966881019365,7.984422373707156,True,True,99.9999966597563,0,0.9865879575691078,1.0499999789811592,0,0.0,0,2.3438273814528827,1.7485211298251228e-08,True,False,4927.688991192677,139.06868173497534,2,0.9751724622842073,1.0000000000000002,0,0.0,0,2.7721070396818845,-1.1825736313236228
297,0.8744167119296651,167.38293184389383,True,7414.806102613652,0.2749292610005796,0.0006502710020868108,True,True,8016.516052099015,93.77872261146022,0,0.9748719144227663,1.0348853558301927,0,0.0,0,3.246121890383563,8.11497888372112,True,True,99.99999820631086,0,0.9699030077914761,1.0499999914323153,0,0.0,0,3.8659596094774997,1.3222669277446359e-10,True,False,6870.752818693431,130.65523690526027,4,0.9637249799705834,1.0000000000000002,0,4.633668985750745,0,4.633668985750745,-7.337390572079312
298,0.5789956349388596,111.48336779057762,True,5495.488826214452,0.3986553550003009,0.000572864999412559,True,True,5760.214381399378,90.86661049209184,0,0.9810864722589282,1.0274550408124923,0,0.0,0,1.4408601380950898,4.8171450818379515,True,True,99.9999989651586,0,0.9758450159506667,1.0499999933298894,0,0.0,0,2.302033503873801,1.988294364715829e-06,True,False,5333.6553252802205,147.9735694733818,2,0.9748071170564849,1.0000000000702125,0,0.0,0,1.8569068646603313,-2.9448407594514547
299,0.8967976826258377,172.45568399906742,True,9636.650867545395,0.3290346820012928,0.0005733850011893082,True,False,8964.645629131073,105.41853201928242,1,0.9810925228722794,1.0486771285533905,0,0.0,0,2.4895166222703153,-6.973389022764309,True,True,100.0000056487125,0,0.9746765307244786,1.0499999948601542,0,0.0,0,3.2743149555299738,4.556404077511306e-05,True,False,8240.399213880384,113.67122546111787,2,0.9635688166309537,1.0000000000675136,0,3.236309081999508,0,3.236309081999508,-14.48893311792045
300,0.5890266984360767,111.61670910708777,True,3177.892421287728,0.2847895890008658,0.0005300269986037165,True,True,3276.341527341516,65.32336601303298,0,0.9858896748373295,1.0321069061756134,0,0.0,0,2.2343654301457576,3.0979574705848583,True,True,67.37571385061817,0,0.9694737039755666,1.0282612284859285,0,2.4305253205625377e-05,0,2.7913899438460135,1.9827561924980615e-05,True,False,3145.3395209565424,67.38229928407303,0,0.9721903212886698,1.0,0,2.963386744708771,0,2.963386744708771,-1.0243353887308082
301,0.5296226755648548,98.84185749847424,True,6575.316099786323,0.2727804660007678,0.0006334300014714245,True,True,7051.537436430893,82.2459633402261,0,0.9802468259622688,1.0316769242286683,0,0.0,0,1.359869769375507,7.242569710251311,True,True,89.70099683503689,0,0.9954381573284677,1.0499814783168373,0,0.0,0,1.2516073830498726,7.311197555490055e-06,True,True,6649.261367489536,95.38793401431492,0,0.9802056250835193,1.0000000000134759,0,0.0,0,1.4239889546198867,1.1245961824747837
302,0.6662826876957471,121.92523947766803,True,8063.261103365099,0.315204716000153,0.0005287149979267269,True,True,8189.0003988738645,87.37420957706323,0,0.9850805491670271,1.0205832093954084,0,0.0,0,1.8256607825966142,1.5594099477793315,True,True,91.44774860024,0,0.9860285204048207,1.0391226789678107,0,0.0,0,1.7211117673785026,3.0837899119899566e-09,True,True,8132.304495601828,89.26210185587306,0,0.9751681930628859,1.000000000044871,0,0.0,0,1.8403052847206567,0.856271322513642
303,0.7970868323596999,153.56144386551745,True,8389.58581548457,0.32263690600120754,0.0005940139999438543,True,True,8753.447687670654,89.85430243146698,0,0.9719567422569805,1.0314813613891602,0,0.0,0,2.1268056895251277,4.3370659952931625,True,True,99.99999598289364,0,0.9658846131884363,1.0499999836954772,0,0.0,0,2.7013925301897643,1.5573702964245597e-08,True,False,8026.446690402294,158.06205355105857,2,0.9676316524491723,1.0000000000000002,0,0.0,0,2.8936742568772615,-4.328451151450399
304,0.8733914763904806,161.46330870610518,True,8462.497351671553,0.3533592910007428,0.0006051700001989957,True,True,8898.492576595798,87.28208198305893,0,0.9822360898804205,1.0403644621372221,0,0.0,0,3.438701861107802,5.152090036574955,True,True,84.60479162491087,0,0.9622609484315295,1.049991875926062,0,0.0,0,4.9870709122547225,2.899105013008331e-06,True,False,8423.795924386428,87.71157795041924,0,0.9573649001714943,1.0,0,5.584814622762622,0,5.584814622762622,-0.45732579240087284
305,0.5919320089842847,112.85877979650452,True,6222.657664439919,0.299785729001087,0.0005745559974457137,True,True,6309.626743434416,82.97697234001933,0,0.9878316428159033,1.0322871387004853,0,0.0,0,2.1457270012979706,1.3976195361409798,True,True,91.79035999624983,0,0.9711342033978156,1.0378099480881533,0,0.0,0,2.432383685348313,3.025365325669445e-09,True,False,6219.77710560935,95.89009368461218,0,0.9706877277953632,1.0000000000000002,0,2.6896554388716254,0,2.6896554388716254,-0.04629145290861486
306,0.6541712509001547,120.28495987206598,True,4915.650359212841,0.3436214960001962,0.0005446130016935058,True,True,5134.454983961194,88.23740073791544,0,0.981555424639439,1.0302899599075317,0,0.0,0,2.0634952515625713,4.451183685572645,True,True,92.98415482632927,0,0.9762721209036758,1.0328188575719233,0,0.0,0,2.1370624673305656,4.052470086580742e-08,True,True,4922.404435430853,89.61233459095284,0,0.9743149040559669,1.0,0,0.0,0,2.2914882440195896,0.13739948367448027
307,0.6510576397349283,121.79302360940252,True,6644.122857478739,0.29147645799821476,0.0006369239999912679,True,True,6906.832414227781,96.15685645356483,0,0.9766742897001888,1.02691830098629,0,0.0,0,2.0733234790053245,3.954016994922648,True,True,99.99999153886048,0,0.9884740951403087,1.0499999609909525,0,0.0,0,2.3878167608654053,2.75378345318753e-06,True,False,6661.1100412863825,139.4126941339632,2,0.9754881693231576,1.0000000000458396,0,0.0,0,2.6789064748507485,0.2556750921766618
308,0.6980131820331485,134.2349352438019,True,7126.298644632826,0.3048451600006956,0.0006106770015321672,True,True,7683.314958895482,80.18312983275246,0,0.993768582180872,1.0268306761980057,0,0.0,0,2.036166372682743,7.816353366018561,True,True,81.71600829774961,0,0.9804812795238392,1.0499731358514508,0,0.0,0,1.8145883449205655,4.811980749831568e-06,True,True,7191.974891452452,82.83319939547779,0,0.9718589105509232,1.0000000000000002,0,0.0,0,2.0043017921687465,0.9216087645377781
309,0.7307040005599037,136.06200827639398,True,5010.4778011519775,0.3426090539996949,0.000576787002501078,True,True,5552.739560374318,95.01376260710238,0,0.9745599260563098,1.0261581063270568,0,0.0,0,2.0397553708346834,10.822555866790847,True,True,99.99999951369301,0,0.9607886173101304,1.0499999958507353,0,0.0,0,2.604569604059094,8.749194461131052e-12,True,False,3861.3776145600855,160.83363535707204,2,0.970199021754019,1.0,0,0.0,0,2.741219252488605,-22.93394427029215
310,0.7919348275741914,150.586051645182,True,6550.042607949193,0.3583660840013181,0.0006888319985591806,True,True,6822.264971230288,97.22776448576859,0,0.9733539570642501,1.0280263155698777,0,0.0,0,2.280696745782791,4.1560405495979165,True,True,99.99999498186472,0,0.9829189933700611,1.0499999795748396,0,0.0,0,2.5179102997626615,9.310868756527695e-07,True,False,6501.612314847864,140.49187566119383,3,0.9712121570748957,1.000000000066384,0,0.0,0,2.9460401170314867,-0.7393880538562394
311,0.7472371124367508,142.81502655245782,True,5180.501526544125,0.31804036399989855,0.0005673829982697498,True,True,5285.791149508545,81.15969415575957,0,0.9808202450362015,1.0307109594345092,0,0.0,0,2.229997855747797,2.032435340509117,True,True,83.07278832650167,0,0.9715945658513194,1.0494203820734962,0,1.8799348225684298e-05,0,2.4096790971515247,1.3638009096072068e-05,True,False,5146.013803361659,83.70153540674625,0,0.9711884579195134,1.000000000037121,0,2.70151609744093,0,2.70151609744093,-0.6657081595658192
312,0.8749146200101882,164.14920083597846,True,12092.416711174636,0.2920549580012448,0.0006280850029725116,True,True,12728.035486487772,93.61844333343522,0,0.9670475471403839,1.0317936956882476,0,0.0,0,2.7428860997240747,5.256341974887594,True,True,99.99999604251406,0,0.9500000790733373,1.0499999893277867,0,0.0,0,3.116020922199567,4.29430367253742e-10,True,False,11979.737407133545,131.01669852637497,4,0.9668272463795268,1.0,0,0.0,0,3.7379338786122958,-0.931817904402173
313,0.695057078705533,131.60256277418418,True,4526.504793575302,0.2510283610008628,0.0006653099990217015,True,True,4675.61725432257,79.20716696081253,0,0.9859135063980308,1.0331399470567704,0,0.0,0,2.0997564407189486,3.2942080077270885,True,True,75.48836303409968,0,0.9732194816582367,1.0339010740041206,0,0.0,0,2.2344411997499094,4.840610011327125e-07,True,False,4523.884666042676,136.2024507233625,2,0.9712272031366509,1.0,0,3.703735506897516,0,3.703735506897516,-0.057883637679631894
314,0.8156733219949073,151.7702339184097,True,10888.809071918888,0.31465208400004485,0.0005402290007623378,True,True,11615.436070329975,86.42596526947796,0,0.9722492791921107,1.0279041051864624,0,0.0,0,1.688198719942534,6.6731621647514014,True,True,99.9999757091838,0,0.9782796690152161,1.049999603012272,0,0.0,0,3.261810132068547,7.65161304518819e-06,True,False,10884.020924796832,112.39502655465405,1,0.9670053037572054,1.0000000000477125,0,3.605687619971107,0,3.6056876199710928,-0.04396545377250091
315,0.8068676685261429,153.43812117038067,True,7357.428519630957,0.27108146699902136,0.0005812810013594572,True,True,7597.169626979495,90.49377632985103,0,0.9816931848186885,1.0360290348529817,0,0.0,0,2.6587756477181017,3.258519474878431,True,True,99.9999912710759,0,0.9766085632366804,1.0499999131134052,0,0.0,0,3.111297725244924,2.8086958723746596e-05,True,False,7014.867775674767,150.92297226331564,2,0.9646021366624832,1.0000000000000002,0,4.6383630187387865,0,4.638363018738801,-4.6559578904391
316,0.6823830784858689,124.60205459009356,True,7064.1876474441215,0.27492336700015585,0.0006485370031441562,True,True,7602.196125557495,93.65108340674483,0,0.977899467354663,1.0287769138813019,0,0.0,0,1.9629959858596067,7.6160008483458785,True,True,99.99999548436308,0,0.9945796445717787,1.0499999683643455,0,0.0,0,2.1180126344406176,1.487000774669546e-06,True,False,7069.907009298447,140.64286943326687,2,0.9770496239907978,1.0000000000226077,0,0.0,0,2.714498784230358,0.08096425617978152
317,0.6500659462449679,124.54432053005006,True,8764.192861919033,0.2609531029993377,0.0005645769997499883,True,True,9117.904226950697,87.9592606146564,0,0.9794826328611288,1.0294512808322909,0,0.0,0,1.5248294197947843,4.035869255039583,True,True,99.99999785061169,0,0.9902681966766554,1.0499999652375267,0,0.0,0,2.074275600753168,1.479504863443781e-09,True,False,8718.114438901226,107.58232124910991,2,0.9744429236577707,1.0000000000772202,0,0.0,0,2.261207904998841,-0.5257577464895328
318,0.724714612071394,133.08251139309345,True,4022.3985879387924,0.29451217299902055,0.0005371910010580905,True,True,4429.343015934127,87.87571844961708,0,0.9826770870044597,1.0235341906547546,0,0.0,0,2.212867802134923,10.116961331902612,True,True,99.99999460382081,0,0.9896236540678219,1.0499999389923345,0,0.0,0,2.096185705126885,1.8459042234733196e-06,True,False,3885.760868985115,145.95631839501058,2,0.9733255202290227,1.0000000000501554,0,0.0,0,3.1679865169604398,-3.3969196298935413
319,0.6527000484711694,124.81985106222587,True,8511.410879525316,0.24373756100067112,0.000556465001864126,True,True,8873.934270498345,94.53712648853806,0,0.9755476448647392,1.0300531893968583,0,0.0,0,2.056684792825564,4.2592778484369225,True,True,99.99998973261675,0,0.9884423578248059,1.0499999663785873,0,0.0,0,2.158758407931643,1.4054736099735571e-05,True,False,8110.516193404595,133.4633022641362,4,0.9731475361775048,1.0,0,0.0,0,2.8029449706089906,-4.710071595456006
320,0.6070223120641107,112.20276470971025,True,4360.524184382864,0.252990895000039,0.0005971579994366039,True,True,4360.969824168649,71.45400006068702,0,0.9764562530764026,1.02967569231987,0,0.0,0,2.3254059867114023,0.010220593275478132,True,True,70.76296621416527,0,0.973972974737613,1.034259233778732,0,0.0,0,2.316267399639571,7.258885317485439e-07,True,True,4365.150859020058,71.22030541738985,0,0.9707288682236442,1.0000000000000002,0,0.0,0,2.4110958884663063,0.10610436102828742
321,0.8629065791949009,166.73093123230393,True,6272.474297557858,0.27514575500026694,0.000573242999962531,True,True,6867.467551607654,95.51938759838941,0,0.9754856076120604,1.0320362508296965,0,0.0,0,2.1159454294098907,9.485803540497644,True,True,99.99996379141439,0,0.9729823121238945,1.0499994536735024,0,0.0,0,2.1673852873300916,1.9438675790020182e-05,True,False,6325.806953195227,120.30346915256524,1,0.9685948660054787,1.0000000000000002,0,0.0,0,2.229387587726194,0.8502846366582718
322,0.8767075887063684,169.35065404269352,True,4724.123179071865,0.2894713550012966,0.0005848199980391655,True,True,5752.405457288437,92.80191492589705,0,0.9836223624932784,1.0346353620290756,0,0.0,0,2.5031878847392193,21.766668747543605,True,True,100.00001055006096,0,0.9829189367585459,1.0499999783461171,0,0.0,0,2.8240914506907018,3.416654026644472e-05,True,False,4606.367214643346,135.54285005000523,2,0.9657116360450173,1.000000000045314,0,0.0,0,3.4252911473810173,-2.492618971365265
323,0.5025826599644113,95.82485998482365,True,6849.905569544817,0.2864370469997084,0.0005679659989255015,True,True,7049.274228632799,87.16341189490042,0,0.9811289969943682,1.0213123649358749,0,0.0,0,0.9353393501479133,2.9105315808408068,True,True,93.29090241722369,0,0.994238107154715,1.043977312462441,0,0.0,0,0.909106553465719,8.187215555014725e-08,True,True,6865.07937165086,92.07726048364758,0,0.9805376465375972,1.0000000000000002,0,0.0,0,0.9826529340463566,0.22151849500079404
324,0.7986993273728458,150.62720970214718,True,5281.866303935919,0.2954388010002731,0.0005982500006211922,True,True,5622.48924775739,89.53054607302813,0,0.9826574769347973,1.028719064593315,0,0.0,0,4.159381864867015,6.448913120535704,True,True,91.29278498403129,0,0.9624885467009987,1.0499928480479042,0,8.497243300098489e-07,0,4.6842908848409195,4.4930644087753703e-07,True,False,5153.988607822533,92.22951955786124,0,0.9591695137903022,1.0000000000000002,0,4.971762321869079,0,4.971762321869079,-2.4210698567075077
325,0.6410941660690058,123.06079831672118,True,5671.887572885175,0.27928023200001917,0.0005703149981854949,True,True,6215.943204300477,78.90186134070748,0,0.9818137859258506,1.0303705841302873,0,0.0,0,1.6417855000311476,9.59217238839921,True,True,99.99999082830672,0,0.9937037792610351,1.049999916899607,0,0.0,0,2.061300731105291,2.5776490927123865e-05,True,False,5811.911412145996,106.29034569011344,2,0.9751072091001813,1.0000000000630123,0,0.0,0,2.275898636870764,2.4687608061386612
326,0.81154847919039,156.6613967072533,True,5260.226431819329,0.31102868400012085,0.0006487130012828857,True,True,5474.783460816542,96.83407412526694,0,0.9832724133120175,1.0343883723020555,0,0.0,0,4.143682389886976,4.0788568635295475,True,True,98.83684188266082,0,0.9590835608847184,1.049993094140233,0,2.187827021771227e-07,0,4.793987290939384,1.4220515894795997e-06,True,False,5226.67692629583,100.15203102497654,1,0.954957212829714,1.000000000058153,0,1.8036009483677589,0,5.142204241114484,-0.6377944301886974
327,0.6307903519722221,118.95353637149499,True,4964.610106506839,0.32312700799957383,0.0006548349992954172,True,True,4970.487957519264,89.15363469029467,0,0.9889704362924024,1.0331538319587708,0,0.0,0,2.19409427912386,0.11839500953576826,True,True,90.86932655244236,0,0.9765556346441376,1.0322358925328248,0,0.0,0,2.0690771314262406,-8.116151078108958e-09,True,True,4971.917045445898,89.95668361921744,0,0.9743940178479832,1.0,0,0.0,0,2.2244896334433832,0.1471805112339893
328,0.7876288449911486,148.42656873654772,True,5782.233089742738,0.30078248599966173,0.0005950810009380803,True,True,6161.433695969708,91.32849169782016,0,0.9767944506546703,1.0325015157461166,0,0.0,0,2.546694922942663,6.55803124718327,True,True,99.99999715669092,0,0.9846100941894698,1.0499999873039396,0,0.0,0,2.5067071264132323,7.560469127033247e-07,True,False,5764.425955118299,139.1390542870235,2,0.9682427531759367,1.0000000000503015,0,0.0,0,3.2810685290716037,-0.30796217942620924
329,0.5500993187174755,105.61944003342421,True,4638.79406424858,0.2722256449997076,0.0006083320004108828,True,True,4828.134502129009,64.95693051383661,0,0.9724023347368482,1.033690169453621,0,0.0,0,1.4816384794814752,4.081673834592621,True,True,63.88914534369764,0,0.9827508115183029,1.0387369845109635,0,0.0,0,1.4679177610270813,1.1765705787368233e-07,True,True,4702.822607965225,64.46078314520103,0,0.9767443249922559,1.0000000000252087,0,0.0,0,1.5770292093739613,1.3802843662174802
330,0.504306917476499,92.7679513743365,True,4230.720817197354,0.23482553800022288,0.0005523330000869464,True,True,4536.221560731394,52.11109858103774,0,0.9711549255958818,1.0217203885316848,0,0.0,0,1.1798015345522685,7.221018717418681,True,True,51.44992225443771,0,0.984420304412491,1.0230584571033183,0,0.0,0,1.2683142326497574,8.786112070259782e-06,True,True,4320.818310877564,52.68141839263224,0,0.9792323127812026,1.000000000060181,0,0.0,0,1.3517058949840646,2.1296104660442725
331,0.7065175798256775,133.3741892477518,True,6605.997363345289,0.2652466130002722,0.0005614670008071698,True,True,6736.568654370175,88.59319727616969,0,0.9772207862979998,1.0260119289159777,0,0.0,0,1.747436772250154,1.9766161096405142,True,True,97.65430340696278,0,0.9823909642320552,1.0444942191159607,0,0.0,0,1.8322935565386445,5.814624070155526e-05,True,True,6709.572246392296,94.5122386605987,0,0.9694836080253928,1.0000000000201184,0,0.0,0,2.0355877980167634,1.5679507380030575
332,0.5599920083138804,108.36731088040231,True,5803.054814231367,0.28900629400050093,0.0006583169997611549,True,True,6170.33051228518,88.88682591948502,0,0.9820844470135557,1.018006320297718,0,0.0,0,1.6716205319651039,6.329016456721409,True,True,99.37031423148477,0,0.9954366844011181,1.049999805012104,0,0.0,0,1.736994758960023,9.661256452811828e-06,True,False,5876.2709270957885,105.94792096985712,2,0.9794406510473673,1.00000000004921,0,0.0,0,1.9998486394746067,1.2616920385874906
333,0.6659658761324174,120.42011934440785,True,2790.9343818391067,0.2616239469989523,0.0005377289999159984,True,False,2697.498419385642,82.67553085338729,0,0.9832816112187959,1.020098328590393,0,1.3621162401475466,0,1.7005246064083508,-3.3478371657683903,True,True,79.27991873855001,0,0.9843166343761669,1.0368808041883466,0,0.0,0,1.5922867739852222,8.877130925388795e-07,True,True,2938.9384461285667,75.14719722686466,0,0.9743404675779016,1.0000000000000002,0,0.0,0,1.6969575948507867,5.303030101383934
334,0.76345759575917,143.662101514437,True,5620.967815407233,0.3099657090006076,0.0005447389994515106,True,True,5846.072176619684,94.12535616745761,0,0.9738465383085738,1.0285160064697265,0,0.0,0,2.2521755023605863,4.004726185449993,True,True,99.99999714951024,0,0.9707871769762151,1.049999984289869,0,0.0,0,2.7828211693447997,1.4996185966268816e-07,True,False,5588.978669978394,135.7097553939022,2,0.9722203421326737,1.0000000000000002,0,0.0,0,2.9141127354317575,-0.5691037219572678
335,0.8666741677940724,164.66490965039904,True,8168.545034247266,0.3523395129996061,0.0006559440007549711,True,True,8442.594614694919,92.29558869890575,0,0.9694481971841014,1.029624989628792,0,0.0,0,2.2117604414129914,3.3549376630310492,True,True,99.99999873573373,0,0.9500000493427118,1.0499999951184624,0,0.0,0,2.6452661383004,1.5905016728554945e-07,True,False,7826.978804930593,130.77013888781443,2,0.9668722202779393,1.0000000000133031,0,0.0,0,2.2319488175548656,-4.181481713521897
336,0.5877713717635888,111.85041977072876,True,4385.61186448938,0.27730279800016433,0.0005653779990097973,True,True,4396.664724460436,72.96087937156949,0,0.9782148212164566,1.0265696883201598,0,0.0,0,1.952027731611011,0.2520254972774283,True,True,72.70557991701429,0,0.9764398203270173,1.035189571697023,0,0.0,0,2.016761815656423,3.163334960214914e-09,True,True,4395.246199725936,73.59610532996305,0,0.9707382988216671,1.0000000000000002,0,0.0,0,2.4373645183192423,0.21968052972498428
337,0.8328017600191068,160.97348083541408,True,13387.282814877102,0.2858022919990617,0.0005536309981835075,True,True,13660.472395547218,90.47830704126015,0,0.9699503125429613,1.034141197800636,0,0.0,0,2.1582827676093075,2.040664896505062,True,True,99.9999894791078,0,0.9721574434538708,1.0499998799493286,0,0.0,0,1.8487484791045858,2.407939449573144e-09,True,False,13302.569596505658,140.58994660491965,2,0.9657356579243475,1.000000000018356,0,0.0,0,2.63766900797134,-0.6327887385555598
338,0.5797316837264153,109.96693315379868,True,4077.3433009909595,0.2490149940003903,0.0005692519989679568,True,True,4087.8545031224635,94.8398918769361,0,0.9739406378118689,1.0286835074424743,0,0.0,0,1.835540680907343,0.25782471564808385,True,True,95.9910221429827,0,0.9836911304810626,1.0403696672076035,0,0.0,0,1.6455652127788198,2.9273064176943574e-05,True,True,4088.757734895166,99.51215192300555,0,0.9744575613627422,1.0000000000000002,0,0.0,0,1.8448147238792671,0.27997718038870256
339,0.7983765440885943,143.3347976116648,True,4737.67911738844,0.2735189509985503,0.0005701700029021595,True,True,5061.646790245256,93.70218536667994,0,0.9846724422741199,1.0309075266122818,0,0.0,0,2.4275235912622293,6.83810930450469,True,True,99.9999825400255,0,0.9749736405122017,1.049999838629015,0,0.0,0,2.95486890907182,7.283991021334887e-08,True,False,4555.5518951986005,147.36054722207234,2,0.969749774345098,1.000000000000049,0,4.140954911718779,0,4.140954911718779,-3.8442286689093925
340,0.7444264449030008,143.41019381367468,True,4650.276757676016,0.3410628670008009,0.0005751270000473596,True,True,4796.458292182432,89.5936406059932,0,0.9798464330978381,1.0339826524257658,0,0.0,0,2.126688262292646,3.1435018461318998,True,True,96.71649188266655,0,0.9728454031942906,1.0443276518155225,0,0.0,0,2.557542979197933,2.5464042707452498e-08,True,False,4648.530364551242,93.25830440779728,0,0.9696139557731105,1.0000000000663836,0,2.851971207556659,0,2.851971207556659,-0.03755458077172456
341,0.529308271367873,99.44973044177273,True,3760.536143356924,0.25995875599983265,0.000601612999162171,True,True,4049.7577776229955,95.04344844125504,0,0.987027548931371,1.0163104847073554,0,0.0,0,1.488367364697794,7.6909697037491735,True,True,97.57144834215521,0,0.9987849156497519,1.0499984249696683,0,0.0,0,1.8764495311694844,1.5116471328574704e-06,True,False,3782.904526809341,103.14126600152187,1,0.9798060159126288,1.0000000000000002,0,0.0,0,2.0631405118215156,0.5948205198372833
342,0.5866267705672668,109.00887611693892,True,4977.639917804468,0.24909750199913105,0.0006088929985708091,True,True,5027.298219803937,66.568633822546,0,0.9908667121883912,1.031292086839676,0,0.0,0,2.079096361787151,0.9976274485812243,True,True,67.54579358290036,0,0.9705558943335851,1.0258686470190024,0,0.0,0,2.281928094381641,2.2295012364364906e-09,True,False,4974.555411717383,68.68494174227548,0,0.9719330349682939,1.0000000000210956,0,2.8872824783572923,0,2.8872824783572923,-0.06196723803068906
343,0.7229907501113004,133.37832811564016,True,3227.293965194705,0.3337963279991527,0.0006140090008557308,True,True,3305.691885007627,90.3042428205978,0,0.9842331079511691,1.0334449589252472,0,0.0,0,2.4273889992510362,2.42923200419108,True,True,97.73374505876149,0,0.9747673439966629,1.032921127554234,0,2.2499572295942016e-05,0,2.4903156478315225,1.627674125570014e-05,True,False,3183.4864659286995,94.43282885176706,0,0.9736960260668822,1.0,0,2.708696145361756,0,2.708696145361756,-1.357390481641715
344,0.5968307867466078,116.25000524305841,True,5296.786909838906,0.3100027560012677,0.0005859069970028941,True,True,5324.139455179954,91.80284713835012,0,0.9820740914696015,1.032687258720398,0,0.0,0,2.1961981447810217,0.516405803121158,True,True,99.99999379322405,0,0.9872999529443025,1.0494685373048025,0,0.0,0,1.8903412286169043,6.942724259044634e-06,True,False,5302.829209960123,112.05930203670891,1,0.9783060306729128,1.00000000006194,0,0.0,0,2.0801454507567883,0.11408177041827187
345,0.5198128030420164,100.77696948813333,True,2936.169815218967,0.30805540999972436,0.0005729719996452332,True,True,3339.0897566339795,90.22120336176835,0,0.9760766248261648,1.024710229039192,0,0.0,0,1.7223020031114515,13.722647773971824,True,True,99.99999346836893,0,0.9985594516394704,1.0499999623193763,0,0.0,0,2.0631578496096807,8.995660119938139e-06,True,False,2943.9215351428215,132.9150062583846,3,0.9815143930409236,1.0,0,0.0,0,2.4366105748227653,0.2640169076342054
346,0.6399240541112841,117.54957601115346,True,6489.65843799081,0.2663523319988599,0.0006185130005178507,True,True,7022.7534926855615,99.03286879489335,0,0.9833974938957091,1.025929829478264,0,0.0,0,1.7061867383319935,8.214531780651951,True,True,99.99999427431638,0,0.994341413216548,1.049999881070684,0,0.0,0,1.7828660967049927,2.1325620000608467e-09,True,False,6507.994832316767,108.14502261373191,2,0.974605620995776,1.0000000000000002,0,0.0,0,2.0594343967002686,0.28254791280542835
347,0.6082626812843362,110.8580652864967,True,4265.793932169155,0.2659850849995564,0.00057881499742507,True,True,4736.088642443023,93.61193085051475,0,0.986320447027826,1.0261378526687621,0,0.0,0,0.8897511057816416,11.024858618033006,True,True,99.99980085671373,0,0.9936958702826216,1.0494343481779758,0,0.0,0,0.8482895231281589,6.418132432565744e-05,True,False,4318.77109937355,100.1390976034916,1,0.9771541032777434,1.0000000000000002,0,0.0,0,0.9370278099764562,1.2419713631582103
348,0.6734869970443412,124.53884395702174,True,4246.048383430993,0.27727406499980134,0.0007034270020085387,True,True,4265.777903817219,80.62999926252846,0,0.984918891240016,1.0207158282399178,0,0.0,0,2.5381028591016985,0.4647679751089729,True,True,76.25464962999281,0,0.9720344227958528,1.0475173013908856,0,0.0,0,2.7061991655812534,0.00011141479234925638,True,False,4253.626563814927,76.58011065515015,0,0.9731132544989162,1.0000000000309694,0,2.96576852902993,1,2.96576852902993,0.17858768597002347
349,0.6452027307877484,123.05655237042828,True,7488.367827001179,0.33808064599907084,0.0005429720004030969,True,True,7767.279638042194,70.38552918338652,0,0.9816332462374471,1.0285632312297819,0,0.0,0,1.5383214430194698,3.7246008421058834,True,True,99.99999080443361,0,0.9946545626268057,1.0499999096548398,0,0.0,0,1.9136403909505617,1.3319532074935898e-09,True,False,7553.039608810144,106.84375613070696,2,0.9747955427690334,1.0000000000000002,0,0.0,0,2.2166916059172053,0.8636298777469003
350,0.6980519071119539,133.98071144425333,True,4227.378281058166,0.3080718179990072,0.0006466650011134334,True,True,4343.528177050368,92.88332069488796,0,0.980109080743394,1.033344852924347,0,0.0,0,2.72034282026587,2.74756360996212,True,True,99.99999763499844,0,0.9799608490952497,1.0499999728192642,0,0.0,0,2.9868347459297695,2.6047015262418575e-07,True,False,3925.3464612923426,145.47502081560737,2,0.970337538512545,1.0,0,2.909991619010043,0,3.9292801747567125,-7.144660105171973
351,0.8648116906404819,161.5886094696633,True,11180.935735330204,0.2901095590004843,0.0006945860004634596,True,True,11450.614525870555,87.84952452116933,0,0.9768833304974893,1.0324922025203704,0,0.0,0,2.3672503540000776,2.4119518881928474,True,True,99.99998900292498,0,0.9789883876125386,1.0499999617134004,0,0.0,0,2.776267151411446,3.9801298219886645e-10,True,False,11174.96098064765,136.79786343030415,3,0.9703112038308279,1.000000000054539,0,0.0,0,3.291293372427873,-0.05343698219458961
352,0.7399225920431853,145.6727733900865,True,5403.641055403924,0.3295014720006293,0.0005522980027308222,True,True,6272.824305400077,90.51420653859441,0,0.9790453730965011,1.0274668633937836,0,0.0,0,1.956530314858128,16.085140458201828,True,True,99.9999946307604,0,0.9596112028874835,1.0499999737467358,0,0.0,0,2.0654015802410584,5.775114514439436e-08,True,False,5484.603516478201,115.1467130584496,1,0.9681138167775677,1.0000000000772413,0,0.0,0,2.191366982577307,1.4982946389588798
353,0.5606217698565852,103.38007773647266,True,6259.260750945073,0.2435728479995305,0.0006110409995017108,True,True,6473.452157579371,87.88217812510068,0,0.9708370822855067,1.020632541179657,0,0.0,0,1.1952960246512276,3.4219930576826565,True,True,99.9999900154873,0,0.9577537255501779,1.0499999446038668,0,0.0,0,1.293304058383768,9.535143893756575e-07,True,False,6213.785146505651,125.38154217065885,2,0.9777570985056332,1.0000000000764888,0,0.0,0,1.5812501014302711,-0.7265322056317898
354,0.5620573562726608,110.19860532655458,True,5901.082066804954,0.2614258029989287,0.0006624509987886995,True,True,5971.815720289492,65.59635678720271,0,0.9890165405567839,1.0344624370336533,0,0.0,0,1.8931373832714087,1.1986564301815603,True,True,66.89302297869983,0,0.9750658562583007,1.04067775039744,0,0.0,0,2.087579083236122,7.729560417093497e-07,True,True,5910.249380651959,66.62675971182259,0,0.9772669436393686,1.000000000067731,0,0.0,0,2.241574611831055,0.1553504836376263
355,0.6479074725220937,120.43679926688147,True,4518.905671740148,0.27068970300024375,0.0005792909978481475,True,True,4623.408610715251,77.2764564151702,0,0.9882992876975049,1.030986139178276,0,0.0,0,2.3715955149798873,2.312600197000553,True,True,78.1441939311808,0,0.9716498711665807,1.0471206229010508,0,2.7633802758941783e-05,0,2.517527294848165,2.773909764970973e-05,True,False,4466.1954218165965,78.50518809031608,0,0.9729688675196422,1.0,0,2.763320501767197,1,2.763320501767197,-1.1664109603098893
356,0.8191057205939809,150.02882942055317,True,8569.67599552423,0.29627188199992815,0.0005991809994156938,True,True,9041.9518169428,95.05817164797857,0,0.9716011536012692,1.0271374970674516,0,0.0,0,2.114729362979631,5.511018037277593,True,True,99.99999564247868,0,0.9500000578466814,1.0499999777370557,0,0.0,0,2.2853833715100222,6.286596426130802e-06,True,False,8463.335079069413,111.63526443496895,1,0.9697969617122463,1.0000000000145632,0,0.0,0,2.301936586821455,-1.2408915395942195
357,0.8003084726791098,145.26587665932587,True,11044.646682105622,0.29295538000042143,0.0006654259996139444,True,True,11274.712929874055,76.29543430958056,0,0.9721597458957963,1.0235661715269089,0,0.0,0,1.4280874601058429,2.083056690017677,True,True,92.59342277016069,0,0.978795659237602,1.0499992127510345,0,0.0,0,2.2423780317198805,3.398741792070473e-08,True,False,11105.197708033123,111.02190332068369,1,0.9712631299793735,1.0000000000669673,0,0.0,0,3.304438097098995,0.5482387209359572
358,0.6255847019649529,117.94852449935574,True,5018.859340692465,0.2790780760005873,0.0005661949981004,True,True,5239.597609506314,67.87996376707059,0,0.9871394689350348,1.0299167454242706,0,0.0,0,1.6842607544902108,4.398237040319465,True,True,67.71952534695106,0,0.9821359097120852,1.0494649202762494,0,0.0,0,1.7593601600897557,5.8434067801888036e-05,True,True,5098.390960623688,68.5810371425879,0,0.9746151661767714,1.0,0,0.0,0,1.909666076408726,1.5847146478801477
359,0.8708641847785072,162.91466403815903,True,6041.113494058562,0.2983064789987111,0.0005747569994127844,True,True,6060.424936600766,92.96706474959889,0,0.9803366942851416,1.03339381814003,0,0.0,0,2.7109582609267875,0.31966949585681764,True,True,99.99429717203165,0,0.9722841164087801,1.049999489759629,0,0.0,0,2.6756872584617497,2.5494646376927157e-06,True,True,6052.112369329667,98.60814760013145,0,0.9694343512464738,1.0000000000568614,0,0.0,0,2.9004593641287784,0.1820695734054223
360,0.794225942876158,149.17527241582667,True,11314.23500349599,0.2777253309996013,0.0005583849997492507,True,True,11612.164040871654,95.41658081178917,0,0.9742448017798617,1.0289714902639389,0,0.0,0,1.8625647306582778,2.633223046662416,True,True,99.99999423423588,0,0.9783911951747599,1.049999915856201,0,0.0,0,1.9877648966368042,5.41668166493406e-08,True,False,11161.381791008664,116.55661665965991,1,0.9720328830512304,1.0,0,0.0,0,2.0561510569788197,-1.3509813645759687
361,0.6028088384906723,114.1811501202615,True,7840.503696731216,0.26058144899980107,0.0005749560004915111,True,True,7996.770501717974,81.5660704641623,0,0.9861892305537111,1.0324269831180573,0,0.0,0,1.9221115494316194,1.9930752640148808,True,True,71.93896984864668,0,0.9750977634785671,1.0242528878733055,0,0.0,0,2.1661238173331867,4.186276999369312e-06,True,False,7847.950779697917,69.43775286830642,0,0.9765623897845032,1.000000000001435,0,2.339156380296629,0,2.339156380296629,0.09498639107541015
362,0.899328706214795,167.23343949954693,True,8487.904252474911,0.34112629199989897,0.00064618599935784,True,True,8577.236427508593,97.22339941981241,0,0.9719105820636627,1.0286198496818542,0,0.0,0,2.837014173718785,1.0524644574698094,True,True,99.99999136584496,0,0.9546731759806515,1.0499999149632104,0,0.0,0,2.723749943055793,4.753106359348797e-09,True,False,8441.292808719294,116.49422819053561,1,0.9673930434022588,1.0000000000000002,0,0.0,0,2.6848302456438944,-0.5491513802220664
363,0.8032556771739423,149.3916532184862,True,8700.715624004713,0.3724662109998462,0.0005370119979488663,True,True,8907.001309500843,93.50150660067943,0,0.9773002016644774,1.03090640604496,0,0.0,0,2.144066208184455,2.3709048293046644,True,True,99.99997659689845,0,0.9765651408468422,1.0499994289297194,0,0.0,0,2.059481341176479,1.5914032855674288e-08,True,False,8732.93893286291,104.67297331525924,1,0.9681541355796457,1.0000000000269933,0,0.0,0,2.108552727451638,0.3703524128412707
364,0.5886201989613561,110.27767624504312,True,6838.721591178087,0.26381820300048275,0.000632538998615928,True,True,7099.989883888364,97.87778633105266,0,0.984308369976482,1.0278071969747542,0,0.0,0,1.8230372972809903,3.820426294835234,True,True,99.99999488286402,0,0.9925698753878622,1.0499999286536559,0,0.0,0,2.1267447605747805,3.5478452275767663e-07,True,False,6748.31267676324,105.10123062164527,2,0.9778953769339858,1.0000000000000002,0,0.0,0,2.1982939985044254,-1.3220144915608876
365,0.5071626077863406,94.76574474195513,True,3693.942064748006,0.24941133899847046,0.0005952660030743573,True,True,3773.7542695573834,62.48497584922102,0,0.9728518018843963,1.0273252457380293,0,0.0,0,1.4644134504931685,2.1606243578911446,True,True,60.96048075738341,0,0.9823184992692949,1.0326468378884939,0,0.0,0,1.324281339818583,1.910022383794059e-07,True,True,3707.7727957433344,61.45462546165885,0,0.9769132229103636,1.0000000000071945,0,0.0,0,1.4207152559350789,0.37441675680966413
366,0.7292323232437883,137.10295880359178,True,6000.698683225897,0.29644024899971555,0.0005614100009552203,True,True,6113.983516470605,97.36406412532548,0,0.9807176508645111,1.03903129696846,0,0.0,0,2.536828207322941,1.887861473021494,True,True,100.00000025607905,0,0.9500000638278662,1.0499999767205461,0,0.0,0,2.546593886406299,7.410556841933418e-07,True,False,5896.600016462082,123.92404592090178,2,0.971173862566213,1.000000000000177,0,0.0,0,2.470146134801979,-1.7347750414084062
367,0.5783682295545667,107.98792885022398,True,7759.5404191569705,0.2828597420011647,0.0006244140022317879,True,True,8220.596662217265,97.34401409961978,0,0.9843802106212909,1.0256422758102417,0,0.0,0,1.3652454893839803,5.941800315560207,True,True,99.9999998990554,0,1.0000000000609388,1.049999987929316,0,0.0,0,1.7297148810797438,1.8739661128739253e-06,True,False,7503.437623129947,123.98636224949826,2,0.9814552764775986,1.0000000000609388,0,0.0,0,2.0486351367853786,-3.3004874204002106
368,0.8775176059201255,169.73478028855084,True,11375.203217694203,0.2420139179994294,0.0006069119990570471,True,True,12055.769390504325,98.98365141015402,0,0.9706915390673037,1.0297640532255175,0,0.0,0,1.8504685217544647,5.9828949085583005,True,True,99.99999805299342,0,0.9831030643200497,1.0499999843401782,0,0.0,0,1.9369676242093306,2.333650015735187e-06,True,False,10872.235824324316,118.94037008999322,2,0.9656294676859685,1.0000000000000002,0,0.0,0,2.322545812305009,-4.421610146424331
369,0.8937110405084581,165.65438652005773,True,5987.44055422086,0.32543055699898105,0.0005928340033278801,True,True,6277.713951201144,91.88188237155003,0,0.9662173672913965,1.0326577097177505,0,0.0,0,3.022375507919463,4.8480524810502645,True,True,99.99998787291203,0,0.9691473083122621,1.0499998775833574,0,1.2508957922818809e-05,0,3.4918393000644414,1.3752777474657789e-05,True,False,5833.604342545903,127.23806169547277,2,0.9651681432287498,1.0000000000000002,0,4.03543434374734,0,4.03543434374734,-2.5693016573481664
370,0.7357980501450303,138.2846062965508,True,3966.5041630530777,0.2686931030002597,0.000670363999233814,True,True,4110.376826122336,94.70777224651525,0,0.977539114269897,1.0257898271083832,0,0.0,0,2.0061802257898194,3.6271923939074595,True,True,99.99998247429362,0,0.9778785510272648,1.0499997303116295,0,0.0,0,2.540806557684874,1.8060880785134503e-06,True,False,3893.819085664175,111.3781850321993,2,0.9733457741311722,1.0000000000598452,0,0.0,0,2.557807819782738,-1.8324702073967751
371,0.8882334117892784,171.65130235639768,True,12834.573961535973,0.28974144000130764,0.0005430330020317342,True,True,13194.555911611033,95.64451808948941,0,0.9784025689771277,1.0426406025886539,0,0.0,0,2.3676763135652834,2.8047831557472596,True,True,99.99999956709773,0,0.9530304579330814,1.0499999897509766,0,0.0,0,3.158990105294322,1.4028531796720617e-07,True,False,12645.68791537462,119.77019972684882,3,0.9636033257148278,1.0000000000129667,0,0.0,0,3.0546177703010073,-1.4716969101380653
372,0.871259669442779,164.78145628625649,True,6525.256695041452,0.30488905499987595,0.0005372630002966616,True,True,7448.658011037967,96.08721111291861,0,0.9815144071662927,1.0357213854789735,0,0.0,0,1.9833473484321473,14.151187595468295,True,True,99.99999823030454,0,0.9500000300266733,1.0499999857062872,0,0.0,0,2.6441826568077715,6.249829598046874e-11,True,False,6435.732475598524,116.26586651400956,2,0.9662224648344434,1.0000000000000002,0,0.0,0,2.5045943674888065,-1.371964715302858
373,0.5512677250044306,101.62606403995115,True,7353.739739415014,0.29990353399989544,0.0006203980010468513,True,True,7442.3885347911455,84.69660629018232,0,0.9858776666369755,1.0224105387926101,0,0.0,0,1.3291845839793837,1.2054926865966156,True,True,87.83349906577882,0,0.9888514184484868,1.0304935665655908,0,0.0,0,1.1896004124348423,-8.413086630675154e-09,True,True,7378.706789757982,85.5615286496449,0,0.9789030755852667,1.0000000000071285,0,0.0,0,1.2861561567728756,0.339515003344095
374,0.5512460340267651,107.51883776117006,True,3896.441980701065,0.2532264249985019,0.0005722509995393921,True,False,4051.2776054482542,66.40700713427069,0,0.9889737253265525,1.0411111116409302,0,1.4049374144963878,0,1.9390795100558336,3.9737695485065694,True,True,67.7744379258651,0,0.9727980060435444,1.0254334300424972,0,0.0,0,2.004155905275809,3.878673944092103e-09,True,False,3789.5334965299567,68.14051805411665,0,0.9742376645451559,1.0000000000000002,0,2.170362130176585,0,2.170362130176585,-2.7437463345698063
375,0.6836803150056652,128.60304777044362,True,3202.9215107019195,0.31958377699993434,0.0005626090023724828,True,True,3449.6944742021437,82.85644484614939,0,0.984442428523244,1.029127985239029,0,0.0,0,1.6911211167633837,7.704660672331279,True,True,87.74846433943975,0,0.9674675578576988,1.0469327906819215,0,0.0,0,3.2431439050893403,3.682936198929261e-05,True,True,3206.3526384506367,88.83036523719173,0,0.9624520060934518,1.0,0,0.0,0,3.3843448951486153,0.10716180888194551
376,0.7430379938648106,140.8670103386096,True,5811.170254953287,0.34251050199964084,0.000596575002418831,True,True,6062.369498809313,93.07805331462107,0,0.9795573662660031,1.0353424727916718,0,0.0,0,2.945123333467933,4.3227164460961385,True,True,94.4197855139164,0,0.966821544208748,1.0490196391615847,0,2.7849948708080774e-05,0,3.1930591130762025,1.9274072412711724e-05,True,False,5774.010979663034,95.60709701011237,0,0.9637366579378076,1.0000000000337081,0,3.47726038574514,0,3.477260385745126,-0.6394264971246268
377,0.7668882225051961,138.7136653595353,True,4608.6328522831,0.2591324179993535,0.0005948430007265415,True,True,4772.6619002688,80.185235200074,0,0.9863121946233879,1.0373512268066407,0,0.0,0,2.9417370169467745,3.559194169225715,True,True,99.99999603318204,0,0.979653324252753,1.0499999543084924,0,0.0,0,2.8931732814648967,2.396511222471995e-05,True,False,4328.666540432287,148.4570668967565,2,0.969265964793211,1.0,0,0.0,0,3.4255223639660244,-6.074800997487255
378,0.8046449135271578,152.24046317519594,True,6238.037582772583,0.26041754000107176,0.0006058529979782179,True,True,6633.515755252089,88.5317299861335,0,0.9686729253330084,1.034953209757805,0,0.0,0,2.4983280972394937,6.339786007187826,True,True,99.99977060618622,0,0.9804592130494405,1.0499990327833082,0,0.0,0,2.217192252600512,9.243398280605088e-07,True,False,6433.811116241267,107.88281933284681,1,0.9673834204224442,1.0000000000359506,0,0.0,0,2.6540625227094665,3.138384313035003
379,0.6909407869311212,133.34590472973235,True,5175.811071097123,0.2837703759996657,0.0006059050028852653,True,True,5385.695308864588,92.42001137116569,0,0.9729209506761097,1.033094334602356,0,0.0,0,2.3269414572076244,4.055098510539639,True,True,98.75824773438032,0,0.980089881144029,1.0499998670657371,0,0.0,0,2.0749120461868813,-2.1363889606011004e-09,True,False,5230.154566259378,100.53561466610131,1,0.9697405748336889,1.0,0,0.0,0,2.313534382933227,1.0499512888711207
380,0.8288423687730833,156.50425959760506,True,5847.212965883759,0.31227804999980435,0.0005914060020586476,True,True,6857.503497866645,99.0312760159965,0,0.9837901041894648,1.0305093377828598,0,0.0,0,2.3756350011909433,17.278155216868782,True,True,99.99998431644661,0,0.9815237949208098,1.0499998729984896,0,0.0,0,2.0804004685643065,1.7992935904239017e-09,True,False,5972.863587645636,103.45629595637674,1,0.9658367684753852,1.0,0,0.0,0,2.2522178068052483,2.148897647519744
381,0.7660515287012526,148.04135326156216,True,7648.341391714609,0.2945530599990889,0.0005729090007662307,True,True,7841.99802524076,92.72684835518974,0,0.9767027055670505,1.0266115814447405,0,0.0,0,1.737981294754377,2.5320082315422434,True,True,99.99999818926074,0,0.9500002020024153,1.049999972786175,0,0.0,0,2.369636145300518,1.1287314814004065e-09,True,False,7477.621532223317,112.1099500828016,1,0.9703506947961038,1.0000000000000002,0,0.0,0,2.080228257138174,-2.2321160976395333
382,0.8533115220151883,161.31583943228233,True,13149.597659416435,0.31983697800023947,0.0005556920004892163,True,True,13297.319076785736,92.82034406190498,0,0.972660695599076,1.0304025679826738,0,0.0,0,1.8853885732477522,1.1233911665977188,True,True,99.99999455222162,0,0.9631766765678244,1.0499999450446091,0,0.0,0,1.832871810497096,8.87189083066156e-09,True,False,12982.99400916155,129.07968244336809,2,0.9673430014158233,1.0000000000699991,0,0.0,0,2.123720606775919,-1.2669866669551137
383,0.8038203226293832,153.12691048189873,True,9860.093760449587,0.30553306600086216,0.0006141129997558892,True,True,10159.723461141246,91.73579504020556,0,0.9729109988577981,1.026638463139534,0,0.0,0,1.9956946971843195,3.038815573480768,True,True,99.99999924859446,0,0.9545976238171124,1.0499999931325357,0,0.0,0,2.562595526005339,3.5833720238494276e-06,True,False,9720.90390517587,119.92074708798073,1,0.9697632367724954,1.0000000000000002,0,0.0,0,2.035527017563936,-1.4116448617950974
384,0.8758398347797558,168.69032308101944,True,13116.42714791881,0.26297305899970524,0.00061110300157452,True,False,13414.666547998384,102.73162244624613,1,0.9783030533132877,1.0362258791923524,0,0.0,0,1.729372646702501,2.2737853598043136,True,True,99.99999907380231,0,0.9772323577525007,1.0499999937852935,0,0.0,0,2.042869474538378,1.037688842976808e-09,True,False,11668.125110970152,118.19403865119796,2,0.9643096420235259,1.0000000000000002,0,0.0,0,2.2632705096470147,-11.041894416021535
385,0.5648437367184703,108.62642675643929,True,8421.999201051703,0.28288163900106156,0.0005640820018015802,True,True,8471.742509870473,84.04198602024411,0,0.990190054383424,1.028175514936447,0,0.0,0,1.3641382014546508,0.5906485101694651,True,True,91.14932897985611,0,0.9893344620811734,1.0458452589857805,0,0.0,0,1.0554298422275679,1.3031424466782025e-05,True,True,8432.819506883112,89.36539492907418,0,0.9791835585324798,1.0000000000107576,0,0.0,0,1.1812849489236754,0.12848973847636477
386,0.7601359456265466,148.64024714774462,True,7187.742676266155,0.2755970720008918,0.0005930949992034584,True,True,7770.824832181269,93.04592766992214,0,0.977237393708464,1.0316992044448854,0,0.0,0,1.9594154276386746,8.112173490136987,True,True,99.99999857354065,0,0.9500000583556608,1.0499999867642023,0,0.0,0,2.5547871923961054,1.0568129788922131e-10,True,False,6378.691824602134,149.6492686481679,2,0.9698282779585472,1.000000000021905,0,0.0,0,2.627536282424046,-11.255979632225245
387,0.8882367627977765,168.62332966587246,True,9789.776258137399,0.2770051559982676,0.0005950730010226835,True,True,10156.190792077872,96.05425856116196,0,0.971207712243354,1.0343068420886994,0,0.0,0,2.1146095802684783,3.7428285112082462,True,True,99.9999980073175,0,0.9752078746273357,1.0499999841949414,0,0.0,0,2.2622996025345685,2.985951425161913e-08,True,False,9128.544639647791,135.61038425689887,2,0.9660142476322341,1.0,0,0.0,0,2.6572570070169945,-6.754307742367902
388,0.7938728191926274,145.82789228668224,True,7944.926254775113,0.2824393720002263,0.0006418890006898437,True,True,8104.867641176838,91.00434980524265,0,0.9742740511733677,1.0371262907981873,0,0.0,0,3.2915782685673207,2.013150010410479,True,True,90.02311700161808,0,0.966676602558137,1.049665283954875,0,2.4964448641640047e-05,0,3.565863556831175,2.340967760300063e-05,True,False,7925.774981128388,94.3579692139639,0,0.9635006350930212,1.0000000000722666,0,3.8588980053496016,0,3.8588980053496016,-0.24102701062637139
389,0.710366043291602,131.88608013929982,True,4760.4178165268195,0.2844939299993712,0.0005532539980777074,True,True,5041.678330793764,73.51018379300938,0,0.9925531069843665,1.0254564046859742,0,0.0,0,1.8942828683157984,5.908329036629099,True,True,74.42963215114887,0,0.9812313778812861,1.0499525330365658,0,0.0,0,1.8119514216618882,1.2572237516314423e-05,True,True,4832.9739618631575,76.4966646657347,0,0.9728577129846324,1.0,0,0.0,0,2.035356347558377,1.524167746314349
390,0.6320034594211252,123.41280742140943,True,5149.085297771222,0.25980984999841894,0.0005900620017200708,True,True,5490.673858592969,80.87549396731444,0,0.9796795023853518,1.0324498474597932,0,0.0,0,1.7597713883782689,6.634049120301407,True,True,80.29860535634141,0,0.9799611443746554,1.0497625895343963,0,0.0,0,1.7383557745662728,7.807927996589362e-05,True,True,5242.77258426504,81.43951088631906,0,0.9719852674015884,1.0000000000505136,0,0.0,0,1.9274092312872995,1.8195732755380072
391,0.5689648407549084,106.62119988256329,True,3516.1919232863133,0.2771878990006371,0.0005748410003434401,True,True,3726.7122634315315,93.67466644802506,0,0.9774787285774917,1.023247852921486,0,0.0,0,1.463939940144357,5.98717087359289,True,True,99.99998954646489,0,0.9500007072244128,1.0499999494927807,0,0.0,0,1.509591166192962,2.1076326834409866e-06,True,False,3418.655023980493,125.08493991573665,2,0.976156529610877,1.0,0,0.0,0,1.6809211983747758,-2.773933544616351
392,0.8442313016067645,161.83370803917796,True,11637.925106807528,0.3278926869988936,0.0006761860022379551,True,False,11844.398899267724,91.10748754760203,0,0.9759944697742668,1.0327509850263599,0,0.8373898968445417,0,3.344056774458494,1.7741462092548395,True,True,99.99999610343436,0,0.9720195936288407,1.0499999516316656,0,0.0,0,4.149561506965938,1.2375593911890368e-07,True,False,11472.623658365328,104.37134996524368,1,0.9583752366251486,1.0000000000000002,0,4.421343426295067,0,4.421343426295067,-1.4203686028831288
393,0.7987846643140458,146.16214843729207,True,7970.333944676855,0.2961895459993684,0.0005609440013358835,True,True,8532.71835534063,82.39192403555444,0,0.9803766665105932,1.0322799772024154,0,0.0,0,2.20211830672946,7.055970485179501,True,True,99.99997888579269,0,0.9743199072100117,1.0499996895019412,0,0.0,0,2.9292201531953026,5.023806281943625e-10,True,False,7881.229074695537,99.53670040018203,0,0.9688485215757187,1.0,0,3.2723936513894785,0,3.2723936513894785,-1.1179565443582808
394,0.5119733512064839,103.70512738954994,True,6683.023223456464,0.2516527319985471,0.0005351030013116542,True,True,6782.7177002317785,72.05732728104938,0,0.9867038705150002,1.0303301781415939,0,0.0,0,1.5284666051213236,1.491757894926666,True,True,72.49706889253711,0,0.9749936834606202,1.0333787990353833,0,0.0,0,1.8243303587116912,7.339296985086807e-07,True,True,6688.49227306023,73.25520547028242,0,0.9705638047214058,1.0,0,0.0,0,1.977852709042054,0.08183569785306029
395,0.6115267656281196,115.01925043182092,True,4206.432484609801,0.2720941560000938,0.0006377669997164048,True,True,4550.14972084673,73.64485414679652,0,0.9837771437706847,1.0278126537799837,0,0.0,0,1.8658462706280545,8.171247362006685,True,True,68.2147716122668,0,0.9827033683937542,1.0472604830542624,0,0.0,0,1.6958210355149106,1.6860903232057295e-05,True,True,4314.794047464815,69.01039510446246,0,0.9754038211598383,1.0000000000000002,0,0.0,0,1.832214895907768,2.576109108246276
396,0.8884582957651963,162.4731045619158,True,6806.795306844915,0.3344321360000322,0.0005866330029675737,True,True,7055.8940738773,93.06529614175543,0,0.9763176698050181,1.0388682186603546,0,0.0,0,3.026958746532415,3.6595601457366724,True,True,99.99999875310199,0,0.9741118169692693,1.0499999943098766,0,0.0,0,3.3510456205848698,1.727330289607387e-08,True,False,6357.705326926029,128.8680709923432,4,0.9665123559227377,1.0000000000643863,0,4.376331951518779,0,4.376331951518779,-6.597671276659308
397,0.7855010019661453,145.99282647830935,True,5726.848518750642,0.31532861799860257,0.0005580889992415905,True,True,5855.026516674135,80.2972415246501,0,0.9802460041580187,1.02643715441227,0,0.0,0,2.307236666561522,2.2382159687881704,True,True,75.91226228180132,0,0.9741760910537535,1.0496120201834889,0,2.6077034846139213e-05,0,2.673397063238866,2.118062983376457e-05,True,False,5716.062389622216,76.52512395617468,0,0.9727633644398612,1.000000000059435,0,3.013357047109807,1,3.0133570471097926,-0.18832204824518714
398,0.6909257732823826,124.99749807559832,True,6080.518318850061,0.2594199489994935,0.0005256399999780115,True,True,6248.578730422663,93.53315544469498,0,0.9871622501990215,1.0308611065149307,0,0.0,0,2.1962087093883724,2.763920632917788,True,True,99.99999706243212,0,0.9909255163487857,1.0499999658229124,0,0.0,0,2.125609856423168,4.6223381866332994e-06,True,False,5932.00467598579,143.83885576746047,2,0.9756025884807864,1.0000000000000002,0,0.0,0,2.9119757816628606,-2.442445871868388
399,0.8549229266372087,159.24026469608134,True,11112.124731852946,0.2851415429995541,0.0005591080007434357,True,True,11745.16607813291,85.12168619005028,0,0.9761333006478623,1.033867844939232,0,0.0,0,2.585133918680498,5.696852550815473,True,True,96.58592179779217,0,0.9644480989390302,1.0499980325659888,0,0.0,0,3.8952396243037413,1.273408755802838e-07,True,False,11036.470773830002,97.77263692153272,0,0.9607099353980098,1.0,0,4.192635457620554,0,4.192635457620554,-0.680823387017452
400,0.6275962511145118,115.87126392360031,True,8820.406323592133,0.34900326900060463,0.0006122020022303332,True,True,9049.350830249832,69.58710110051915,0,0.983397859520066,1.030650469660759,0,0.0,0,1.7572229332128018,2.5956263375610784,True,True,99.99995684873232,0,0.9796798057541521,1.0499722653239154,0,0.0,0,2.382533107015675,3.126824967636429e-06,True,False,8794.624764217668,141.51402062330308,2,0.9751597117295023,1.0,0,0.0,0,3.101982330963267,-0.2922913461819175
401,0.5346964680814607,99.21577085238783,True,4441.585737799778,0.3194598150003003,0.0005717259991797619,True,True,4520.94141072622,62.977960277956825,0,0.9839133554920276,1.023338907957077,0,0.0,0,0.8192151841772954,1.7866519980159217,True,True,79.74944255731397,0,0.9915098585104162,1.0437261142787577,0,0.0,0,0.815602807012894,1.6371696439219736e-07,True,True,4455.994782511097,87.72488100459907,0,0.9797061388198012,1.0000000000000002,0,0.0,0,1.0386596361444873,0.32441233507913125
402,0.8551199242320461,166.12796872163418,True,6713.096063174292,0.2855143769993447,0.0006213599990587682,True,True,6867.369098554342,97.26027944662182,0,0.9763316160463509,1.034776610136032,0,0.0,0,2.6997409151450427,2.298090780642294,True,True,99.9999924364505,0,0.9757277613798033,1.0499999733402894,0,0.0,0,2.7584587536522918,9.2370444786835e-08,True,False,6654.56824606031,129.21954854869833,4,0.9617315882550321,1.0,0,0.0,0,3.748691390891622,-0.871845276998054
403,0.7556714719468374,143.267389113211,True,6455.016885694507,0.28493752099893754,0.0006029350006429013,True,True,6886.545098973069,94.19993935848505,0,0.9771243021561756,1.0334798514842984,0,0.0,0,1.8341147455924158,6.685162216711163,True,True,99.99999588666482,0,0.9500000970311998,1.0499999549208536,0,0.0,0,2.1043206390891385,1.9842491615565353e-06,True,False,6416.188406397169,111.46278190416359,1,0.9706044144369,1.0000000000850837,0,0.0,0,1.936980384740309,-0.6015220823081687
404,0.8084283219607731,158.9312899586194,True,8803.711012355723,0.32555418599986297,0.0006191310021677054,True,False,8235.060631770113,108.50215041699592,1,0.9766946436997916,1.0415657192468644,0,0.0,0,3.622793683466341,-6.459211693268405,True,True,99.99999934718363,0,0.9814312996489285,1.049999995666864,0,0.0,0,3.483942412750366,6.002866654747312e-07,True,False,7774.025820647492,119.96225402171865,1,0.9511005054244629,1.0000000000000002,0,4.384051517474461,0,5.452761558855059,-11.696035269634148
405,0.6365083076706423,117.19601718376032,True,2955.230991083957,0.3093893969999044,0.0005471719996421598,True,True,3521.0878766955807,74.51522997867863,0,0.9877142859094925,1.024583140015602,0,0.0,0,1.405067856801054,19.147864178829323,True,True,75.07214989987544,0,0.9814821647378332,1.0490188023132525,0,0.0,0,1.7143075931639657,0.0001911548941675213,True,True,3067.740892262875,75.99107901898621,0,0.97384638313757,1.00000000005888,0,0.0,0,1.857274762480543,3.807342493877406
406,0.8600466697152409,162.7077030079458,True,5458.172477226897,0.33993470599853026,0.0006102520019339863,True,True,5710.2615359371885,97.32459767182061,0,0.9714361456214003,1.0342343032360077,0,0.0,0,2.878447385289718,4.618561676686356,True,True,99.99999252288276,0,0.977711570581032,1.0499999481286155,0,0.0,0,3.2340095475270516,6.25252017158376e-08,True,False,5032.886243621802,126.97074408347946,4,0.96577262244897,1.0000000000000002,0,4.410069421647336,0,4.410069421647336,-7.791733079756859
407,0.7193695153851563,139.3636742405621,True,5027.680426820102,0.3081497709990799,0.0006075500023143832,True,True,5091.094158437249,88.48135676673527,0,0.9787167570650113,1.0338216364383699,0,0.0,0,2.556671843185285,1.2612996763586868,True,True,91.56587101165262,0,0.9719669257376335,1.0495622086846226,0,1.2119931881215962e-05,0,2.55512625263205,7.568799017180884e-06,True,False,4987.140817567458,104.24502552512922,1,0.9698863044996486,1.0,0,3.1558855943094812,0,3.1558855943094954,-0.8063207750779688
408,0.8121213609858697,153.22946934173774,True,4311.871091773207,0.29031835999921896,0.0006165410013636574,True,True,4997.308811897157,90.22382173543431,0,0.9826267811754517,1.0293342262506484,0,0.0,0,1.7655078152927786,15.896526448303852,True,True,97.61140815738014,0,0.9770996076043456,1.0499992128172027,0,0.0,0,1.858021644779086,1.6802134542739228e-07,True,True,4431.566738532005,99.16990063376274,0,0.9671179051137775,1.0,0,0.0,0,2.040794248627037,2.775956230072558
409,0.6892126009055277,125.94346093266934,True,5146.271746847768,0.30220319100044435,0.0005537340002774727,True,True,5340.618193276919,78.63458852019119,0,0.9783251753214051,1.0300450384616853,0,0.0,0,1.7661597038137273,3.7764511146988307,True,True,99.9999968098917,0,0.9897917176349282,1.049999983483673,0,0.0,0,1.9446421852545939,-1.812503187385574e-07,True,False,5069.883864796156,156.78960600916778,2,0.9736998743184531,1.0000000000590723,0,0.0,0,2.56942850598638,-1.4843345823621215
410,0.7065179674765357,135.6135265293623,True,8570.614836118522,0.3053912979994493,0.0006831809987488668,True,True,9065.585955736615,90.54448166863547,0,0.9802878567950535,1.0315102875232696,0,0.0,0,2.214644877292727,5.775211336949797,True,True,96.13876854281193,0,0.967667347430726,1.049999855644162,0,0.0,0,2.597677933869562,4.823265772132623e-10,True,False,8543.080411891597,97.0171437188914,0,0.9673543088131098,1.000000000063273,0,2.8873195099307907,0,2.8873195099307907,-0.3212654484213176
411,0.6011210517551809,116.0692712177899,True,7295.539013752941,0.26911573899997165,0.0006476229973486625,True,True,7756.945736220355,89.45891625037463,0,0.9851732294866932,1.0201539054512978,0,0.0,0,1.1328265806400424,6.324504900949123,True,True,99.99999705731831,0,0.9616509217778658,1.0499999612457922,0,0.0,0,1.678123335248003,1.0373332798569102e-10,True,False,7334.4519657608935,103.76779368091509,1,0.9743184266938724,1.0,0,0.0,0,1.6033582717289647,0.5333800825710769
412,0.6138982636099477,116.76986024181183,True,5270.622483038262,0.3228242789991782,0.0005823770006827544,True,True,5523.894603992454,92.48003659299681,0,0.9763701325564932,1.034860849380493,0,0.0,0,1.7806825869974432,4.8053550150971756,True,True,99.9999946872492,0,0.964877286544199,1.049999970356611,0,0.0,0,2.3311389896368837,1.5592730597006158e-08,True,False,5026.126674904314,133.6125269930253,4,0.9783186882670499,1.0000000000736953,0,0.0,0,2.743055053775052,-4.638841202098329
413,0.5764972196543946,109.46155165091992,True,4244.485000247871,0.32393003499964834,0.000531263998709619,True,True,4451.007892504374,75.26109230764251,0,0.9769029435369119,1.0291882634162903,0,0.0,0,1.8073650403496515,4.865678317417516,True,True,74.26801214474065,0,0.9815053516142108,1.0436254600576091,0,0.0,0,1.6016818410406302,2.113826773358071e-06,True,True,4299.774057370611,75.0821286550725,0,0.9744795805159054,1.0000000000000002,0,0.0,0,1.7236414691430468,1.3026114595595752
414,0.6059306783566835,111.1503301854846,True,3937.799917584361,0.32976849199985736,0.0005818229983560741,True,True,4328.253294654195,89.32581301557235,0,0.9823761719826886,1.0174072340130806,0,0.0,0,1.2715197903372513,9.91552098305191,True,True,99.99999854332634,0,0.9817398873608391,1.049999972864421,0,0.0,0,2.203200552764045,6.664154077660263e-10,True,False,3947.5491883251893,104.43686384471731,2,0.9772467003914574,1.000000000080054,0,0.0,0,2.1966816627756174,0.24758166923615577
415,0.5290336620882954,99.39433242513383,True,3249.7828237451336,0.26571366999996826,0.0005983899973216467,True,True,3434.0820783643094,85.50434792723435,0,0.9882082057683791,1.0216086089611054,0,0.0,0,0.9515892151435423,5.671127359988241,True,True,93.54050299491125,0,0.9954389041844839,1.0419299563377569,0,0.0,0,0.7876233508069959,1.9870938236455744e-06,True,True,3279.6227894719896,92.16459665008179,0,0.9801010565034294,1.0,0,0.0,0,0.8823793336165977,0.9182161551844709
416,0.8276158657597493,157.57417027847853,True,7269.63913270854,0.27440577400011534,0.0005341770011000335,True,False,7388.473260297982,91.84388006293202,0,0.9839209002234647,1.0343558430671693,0,4.564979531096185,0,2.945636173842246,1.634663386494582,True,True,99.99993717353175,0,0.9728132118553713,1.04999953648976,0,0.0,0,3.177627734686922,2.2240413702110482e-08,True,False,7135.052394215172,139.09788280061625,2,0.9688356224914427,1.0000000000110716,0,4.14491981077299,0,4.14491981077299,-1.8513537529112296
417,0.72487104757719,132.15060372235135,True,4146.722072189843,0.3326095240008726,0.0005499190010596067,True,True,4662.577960711047,84.16684539373594,0,0.9774823440238847,1.0242001071572304,0,0.0,0,1.691634144186338,12.440089104865484,True,True,99.99999794383857,0,0.9500000687412974,1.049999977898511,0,0.0,0,2.0408558934068424,6.903978221907185e-07,True,False,4111.005374718253,108.81054271249234,1,0.9705485425544722,1.0,0,0.0,0,1.9208225550247846,-0.8613229550355885
418,0.5116523286395577,97.96659188581471,True,6509.248075831582,0.2829435809999268,0.0006015970029693563,True,True,6952.85866610549,92.39018619462081,0,0.9832318673615923,1.0271663963794708,0,0.0,0,1.2576383214722853,6.815081968380046,True,True,99.99999695118308,0,0.9993028162495248,1.0499999280913808,0,0.0,0,1.7767346424094086,2.32884925238866e-08,True,False,6579.399619604332,101.40264115057343,1,0.9801897090220247,1.0000000000000002,0,0.0,0,1.7582763776204757,1.0777211820434458
419,0.5604059469082483,104.61927521732406,True,5019.424669326156,0.3580772440000146,0.0005680739996023476,True,True,5175.98178568753,92.28220320208231,0,0.9752329686778809,1.0242305815219879,0,0.0,0,1.2920484720598324,3.119037887398344,True,True,96.043349566181,0,0.9931719125818461,1.0495966015847327,0,0.0,0,1.172207942733877,1.2380343563000765e-05,True,True,5049.144619182724,95.03836534567422,0,0.9782933592781706,1.0,0,0.0,0,1.244199312253727,0.5921111863605177
420,0.5240845297938148,99.71475290999831,True,5165.210939529925,0.2592604729998129,0.0006084669985284563,True,True,5189.517370742023,89.49824701255655,0,0.9880364365187713,1.0324529200792312,0,0.0,0,2.009529201092633,0.47058230864840045,True,True,92.84018777860402,0,0.9770510144219502,1.0281602307463074,0,0.0,0,1.960159710943742,2.6529191838626745e-06,True,True,5175.633243007269,97.1017138254347,0,0.978069430931494,1.0000000000000002,0,0.0,0,2.146116198304952,0.20178151298618108
421,0.8001320559327332,151.1430382462796,True,10822.142410694723,0.2786265410013584,0.0006279070003074594,True,True,11625.64179328051,88.17383147523087,0,0.9755418397106241,1.0299559980630875,0,0.0,0,1.7762678690753546,7.424587031439471,True,True,99.99995765540655,0,0.9692484233067664,1.0499996006577326,0,0.0,0,1.6740189210320864,-5.483016086254599e-09,True,False,10885.80594047499,110.79838041892869,1,0.9689175865391624,1.0,0,0.0,0,2.054659330603158,0.5882710351370117
422,0.6429079873359531,123.3147911850653,True,7449.395682852258,0.3160061099988525,0.0005278730022837408,True,True,7597.945303314569,81.79279686977482,0,0.9825121340946513,1.0209620416164398,0,0.0,0,1.8132120391678228,1.99411637952942,True,True,85.95858511077749,0,0.9827270086982444,1.039782784247258,0,0.0,0,1.686441947190687,-1.2827113219407629e-08,True,True,7548.1473481706835,81.40072388448628,0,0.9716641487698392,1.0000000000000002,0,0.0,0,1.7983771634618932,1.325633226565377
423,0.5777256329312427,104.67206128952623,True,3921.739704485136,0.3069221240002662,0.0005636459973175079,True,True,4046.156291253605,80.08349387781803,0,0.9856391065993394,1.0211719781160358,0,0.0,0,1.3936410943143187,3.172484580658694,True,True,66.83924992017474,0,0.9828087959848286,1.028676286046503,0,0.0,0,1.3863897779919228,1.6061949353150322e-08,True,True,4005.721708370205,67.55886246777987,0,0.9757277809620334,1.0,0,0.0,0,1.4693021590327078,2.1414476955831385
424,0.8345518339722776,159.77656787896774,True,8132.86274650989,0.305135896000138,0.0006139739998616278,True,True,8844.717461426915,90.88574286117212,0,0.9765770565053915,1.0382873654365543,0,0.0,0,2.599931542231161,8.752818498362767,True,True,99.99999469517307,0,0.9500000670032249,1.0499999800709505,0,0.0,0,3.271211848644441,6.723194916093955e-11,True,False,8036.942843454824,118.7406758845482,2,0.9651683838169521,1.0000000000000002,0,3.129347304712894,0,3.3527794257451546,-1.1794113098837873
425,0.5235072952786562,95.69956265194496,True,3007.0237390204284,0.2545659050010727,0.0005696650005120318,True,True,3496.590233817013,76.99685617648011,0,0.9787332975808776,1.0185839295387271,0,0.0,0,1.159890549114678,16.280765902824445,True,True,86.32685702481375,0,0.9905245951636695,1.028028185756393,0,0.0,0,1.0958103420234977,2.275616721142983e-08,True,True,3105.8889334962987,84.25425605581877,0,0.9806451630049368,1.0,0,0.0,0,1.189515096660969,3.2878089354511735
426,0.694989663701779,134.92866513714796,True,8124.21904795898,0.32818064500133914,0.0005287019994284492,True,True,8496.878387832421,90.85966963554756,0,0.9825375683731357,1.0230664551258086,0,0.0,0,1.3941974902184597,4.587017912802224,True,True,99.9999981227281,0,0.961477038539536,1.049999971391159,0,0.0,0,1.9341107747167712,5.076185108020722e-07,True,False,8073.492685491647,106.70648350556817,1,0.9752674215675099,1.0000000000000002,0,0.0,0,1.5848304061015028,-0.6243839707588108
427,0.8907665220036198,166.57730842231706,True,12407.017488216494,0.28810752499884984,0.0005619629991997499,True,True,12759.785522318036,93.25597850753306,0,0.9729058050797894,1.0342678755521773,0,0.0,0,2.0057932969821763,2.8432945907024725,True,True,99.99999533566431,0,0.9500001759273209,1.0499999470120478,0,0.0,0,2.1555141882263342,1.8031985883396008e-07,True,False,11803.580863407546,130.19516224459414,2,0.9651340716398691,1.0000000000309297,0,0.0,0,2.418462914618601,-4.863671741398438
428,0.7176683738402457,138.97505963657295,True,6678.762819013233,0.3133725780007808,0.0006173889996716753,True,True,7204.597927237618,90.86103544782144,0,0.9785192457546353,1.027442419528961,0,0.0,0,2.0417407065391444,7.873241544261874,True,True,99.99999709180305,0,0.9912617518873212,1.0499999716878545,0,0.0,0,2.280457190206704,2.8710665370121635e-07,True,False,6740.63694318862,137.7337732233076,2,0.9748420851344669,1.0000000000000002,0,0.0,0,2.7730758525871977,0.9264312149558529
429,0.7582719034199323,141.4317639369512,True,3885.3912249715813,0.3359582140001294,0.0006003090020385571,True,True,3961.5016488732904,83.37342285367365,0,0.9821898068027801,1.0368139564990997,0,0.0,0,2.575868721064154,1.9588874114864905,True,True,99.99999182029637,0,0.9803817690386334,1.0499999184435493,0,0.0,0,2.6128843673329243,3.9609373895602714e-07,True,False,3728.9471884613718,151.54911922435312,2,0.9682361092318149,1.0000000000378633,0,0.0,0,3.6129388727568426,-4.026467675497144
430,0.827829436886931,160.796105361322,True,6741.419496409886,0.31095274800100015,0.0005577099982474465,True,True,6857.934139478041,88.39125872415747,0,0.9746407761594296,1.0329131782054901,0,0.0,0,2.5727348375302483,1.7283399029449635,True,True,99.99997723198015,0,0.9714604883408858,1.0499998393408025,0,0.0,0,3.1907492410534815,1.6507630518370064e-09,True,False,6715.624479976089,131.7027744436312,2,0.9691795421777106,1.0,0,0.0,0,3.7220266032131804,-0.3826347898491579
431,0.6073594281901015,115.15446677746311,True,5296.119960281006,0.2555502390005131,0.0006031859993527178,True,True,5331.198066745365,63.67317750353908,0,0.9868265049213688,1.0290827870368957,0,0.0,0,2.6783382044521318,0.6623392034780654,True,True,63.503420405965315,0,0.9744330180764115,1.0344861656623312,0,0.0,0,2.4214931571081735,3.2318403134423885e-06,True,True,5300.723521330497,63.933486429924656,0,0.971373637109811,1.0000000000000002,0,0.0,0,2.521526782442322,0.08692651214354974
432,0.7973147458780827,150.14902806706465,True,7721.284101795046,0.28226802999961365,0.0005949920014245436,True,True,8033.806021372719,88.68998453773752,0,0.9738127441139431,1.0293773889541629,0,0.0,0,2.0954685146288625,4.047542949490103,True,True,91.79989329603724,0,0.9721549427982151,1.0499835945437768,0,0.0,0,2.881401593689702,4.614184498773495e-06,True,False,7738.6769758739065,85.43534296049276,0,0.9686308789997431,1.000000000064283,0,3.2959045663027666,0,3.2959045663027666,0.22526345263801956
433,0.695392559289217,139.7780916286531,True,4845.595317232465,0.2575286880000931,0.0006043859975761734,True,True,5122.091504389317,89.2947861441188,0,0.9837279231461721,1.0311103254556655,0,0.0,0,1.9996123970147153,5.7061365965031365,True,True,90.84873491267822,0,0.9780874880556201,1.0499982143037838,0,0.0,0,2.0781881729058114,1.963225212841963e-06,True,True,4917.1174787571035,92.28678786064135,0,0.9692089480470466,1.0000000000356895,0,0.0,0,2.2698787835694816,1.4760262336471357
434,0.7188352321441199,139.49337767107403,True,6801.574105409278,0.2803632850009308,0.0006019220018060878,True,True,7146.810953905162,86.2174782448425,0,0.9744909027733716,1.0251296222209931,0,0.0,0,1.9738038844643597,5.075837505796536,True,True,99.99995985438287,0,0.9831609452668485,1.049999614569018,0,0.0,0,2.062873536367647,1.3027141118055015e-08,True,False,6823.592388954178,112.9708689488244,1,0.971172100457449,1.0000000000000002,0,0.0,0,2.352675225728177,0.32372336304192223
435,0.5899768660857484,113.81843576264923,True,5807.103831503913,0.3631740040000295,0.0006242540002858732,True,True,6104.554623730493,89.9945251822384,0,0.9788205957231049,1.0250422835350037,0,0.0,0,1.5587651493359544,5.122188326740832,True,True,99.999999917778,0,0.9678703692728416,1.049999996334749,0,0.0,0,1.5478463933045674,3.853569940416055e-08,True,False,5869.884479164052,103.14651837033126,1,0.9748815230853084,1.000000000032895,0,0.0,0,1.5281104342714116,1.0811008678982283
436,0.6120747589005577,115.56966728187088,True,4941.903501218895,0.2622304489996168,0.0005499560029420536,True,True,4981.1393917857395,82.51736030121279,0,0.9839840142442848,1.0263539016246797,0,0.0,0,1.6037460780961652,0.7939446470861579,True,True,84.99877252859996,0,0.9839834695829692,1.0362781664745635,0,0.0,0,1.5028674628063357,1.7615497101924426e-06,True,True,4979.219687773738,75.10994513707365,0,0.9731481229407741,1.0,0,0.0,0,1.6394222136113399,0.7550992093849835
437,0.598538611377581,114.88967469497713,True,4073.5616866062064,0.32885912700112385,0.0006736130017088726,True,True,4577.540610714156,68.71536758994222,0,0.9860201290939716,1.0236534267663955,0,0.0,0,1.0808117636644141,12.371951494834127,True,True,100.00000261109412,0,0.9956075955336257,1.049999875031351,0,0.0,0,1.4871129692838991,3.3177448331981586e-06,True,False,4159.834514831173,108.03452697106486,1,0.9793721620712306,1.0,0,0.0,0,1.7887660771040004,2.117875531904302
438,0.8280092006623556,155.45244052502227,True,6156.934140378,0.27137505799873907,0.0005925830009800848,True,True,6537.069731941633,94.77331093832,0,0.9865562069621546,1.0371329635381699,0,0.0,0,2.988394985907888,6.174107848155509,True,True,99.99999182393923,0,0.9706093773394366,1.0499998860739288,0,0.0,0,4.318471551536021,2.4843426413084806e-06,True,False,5307.420267999619,154.95712336155955,2,0.966813429742719,1.0,0,4.7520165618245755,0,4.7520165618245755,-13.797674640575597
439,0.7941340520268255,152.39452590543712,True,7969.292133501524,0.340508694998789,0.0005885080026928335,True,True,8467.460881593635,94.70843994584118,0,0.9754743096166119,1.034374088048935,0,0.0,0,2.904955163286189,6.25110437833615,True,True,99.99999988590301,0,0.9500077255697512,1.0499999952035957,0,3.3101510155120195e-07,0,3.088436969280167,2.525857695096746e-07,True,False,7903.202250333677,104.66236236022095,1,0.9672164250402059,1.0000000000000002,0,3.034652680339647,0,3.0346527433098913,-0.8293065694963451
440,0.5520520524508565,101.10711288018075,True,2505.213156078057,0.33889118200022494,0.0006349859977490269,True,True,2629.958538853718,62.67033612543757,0,0.9648886574419543,1.0167112961411473,0,0.0,0,1.0896463756446053,4.979434380533441,True,True,53.263329542685476,0,0.9845439234025215,1.0241322567207058,0,0.0,0,1.2688251033250708,2.373563535109994e-06,True,True,2542.0236737071364,53.648459285175285,0,0.9789801250637233,1.0000000000000002,0,0.0,0,1.3421841148633717,1.4693591192556879
441,0.8080663969655528,156.00224217261066,True,7881.869320069958,0.2619136610010173,0.000530723002157174,True,True,8287.428206146647,90.08606071894312,0,0.983799215767598,1.0312925636768344,0,0.0,0,2.3777909042740077,5.14546575076038,True,True,99.99999145091462,0,0.9796337980015288,1.0499999375231799,0,0.0,0,2.5060646648656473,3.7068235419624305e-09,True,False,7840.65564840122,140.07447925680813,2,0.9664945760289602,1.0,0,0.0,0,3.3678913506231822,-0.5228920920213019
442,0.8752857075336051,164.40891129657538,True,11107.538096926131,0.2712679249998473,0.0005382279996410944,True,True,11682.50388431067,91.23193242511239,0,0.9791239167705356,1.034938922524452,0,0.0,0,1.7172928077744984,5.1763607482713025,True,True,99.99955572445387,0,0.977788894076843,1.0499981307978858,0,0.0,0,1.963558428386051,3.892693133232403e-06,True,False,11154.970065899237,102.3962877062874,1,0.969342406225414,1.000000000056855,0,0.0,0,2.1198286980682894,0.4270289490610491
443,0.65645090212523,127.50432789613694,True,7766.022897151151,0.34073629299928143,0.000595740999415284,True,True,8001.680708799263,93.25701505214835,0,0.985232031605932,1.0199763476848602,0,0.0,0,1.5978240901948482,3.0344783675147617,True,True,100.00000171882239,0,0.9969935423351479,1.0499999859229896,0,0.0,0,1.966170270837921,5.913534914998876e-06,True,False,7508.4382051888815,126.16176258088718,2,0.9778867801483075,1.0000000000028875,0,0.0,0,2.5070764645254826,-3.3168103076626925
444,0.6579514123636359,124.83900855251805,True,4305.175754491932,0.28247775999989244,0.0005961389979347587,True,True,4411.833765613573,85.41434574881845,0,0.9823542629411713,1.03310025036335,0,0.0,0,2.3598172653666296,2.4774480465575084,True,True,90.33799339325819,0,0.9769009114172217,1.047326888907422,0,0.0,0,2.2334969156095212,1.0914030595989837e-05,True,True,4312.004948485547,94.8811436257744,0,0.9677017448721954,1.0000000000569949,0,0.0,0,2.4094298913810093,0.1586384620890032
445,0.7971449173472326,152.80498148355142,True,8174.311367009143,0.2965483019997919,0.0005657540023094043,True,True,8540.038520549653,98.43313320405107,0,0.9715202103581111,1.0325780838727951,0,0.0,0,2.5049444999648927,4.474103557256884,True,True,99.99996387259893,0,0.9814667827360529,1.0499997214269299,0,0.0,0,2.0395924664987035,2.4731739337909423e-08,True,False,8250.871266930753,109.10735393492527,2,0.9654425798847115,1.0000000000171838,0,0.0,0,2.6660552256366543,0.9365914573695279
446,0.5106000297734686,97.898696981172,True,3542.428643741224,0.2422103850003623,0.0005663030024152249,True,True,4072.87845310995,63.981817744129756,0,0.9771326482849403,1.0270798355340958,0,0.0,0,1.5550136387162041,14.97418484905367,True,True,61.651337342337385,0,0.9834994705938034,1.0283854000295138,0,0.0,0,1.4053741179197345,9.553217984135785e-08,True,True,3619.080727608372,59.47603763095216,0,0.9766011461979687,1.000000000072601,0,0.0,0,1.5036808862439415,2.1638286902395065
447,0.6870682509004137,130.53408372925128,True,4408.953145273113,0.2752099139997881,0.0006152210007712711,True,True,4561.798204569594,86.72005101582059,0,0.9868672616180916,1.0338933646678925,0,0.0,0,3.1732011604943864,3.466705212624865,True,True,88.0934563286532,0,0.964998116301863,1.0435854056868124,0,1.0518642397983058e-05,0,3.636148979783144,7.655158633225705e-06,True,False,4360.35349970102,88.72371302254065,0,0.963733549927645,1.0000000000598133,0,3.855807738755132,0,3.855807738755118,-1.1022868735227749
448,0.6545543393451299,126.11540166712855,True,3952.026426366264,0.2504777699996339,0.0005760960011684801,True,True,4154.023840067084,77.07911818684647,0,0.9882709611206207,1.0298954814672467,0,0.0,0,2.183547377453394,5.111239120982753,True,True,99.99998335184937,0,0.9866473443812503,1.0499998255996017,0,0.0,0,2.108418034709004,2.5776257664513163e-06,True,False,3882.0877761348106,125.67421926610191,2,0.9716697136656076,1.0,0,0.0,0,2.6934817649030975,-1.7696883224048752
449,0.7366639519701895,139.65700535599305,True,5128.085996021608,0.2967398110013164,0.0005752390025008935,True,True,5307.987726902938,75.27862924587205,0,0.9836579101386721,1.0356634736061097,0,0.0,0,2.3328600493924228,3.508178374504209,True,True,77.42711173802104,0,0.9720743400143471,1.0479784200012485,0,2.49417603299662e-05,0,2.4679728293316145,1.2680079769636316e-05,True,False,5037.336659205094,77.99959365898428,0,0.9720618367050139,1.0,0,2.7621910237930223,1,2.762191023793008,-1.7696407226518798
450,0.6668331076364985,127.18089180435457,True,9131.52902028902,0.25388617399949,0.0006011469995428342,True,True,9404.115235256433,94.01880423634063,0,0.968859013838462,1.0341267704963684,0,0.0,0,2.0418329864236995,2.9851112125907004,True,True,99.99998448123331,0,0.9712097788019192,1.049999918694591,0,0.0,0,2.251729844312351,8.68749533909673e-07,True,False,8819.131107471167,133.62061633703058,4,0.974966804153069,1.0000000000022313,0,0.0,0,2.787350254884032,-3.4210901099650073
451,0.7766947707352005,143.74849378557073,True,9236.3655766491,0.28692073300044285,0.0006314040001598187,True,True,9667.696743057766,89.37038710048313,0,0.970004456138517,1.028583025932312,0,0.0,0,2.0286249798544134,4.669928322251896,True,True,100.00002974232636,0,0.9806533061987499,1.049999921117766,0,0.0,0,3.2122698383873285,5.02293366264745e-06,True,False,9233.82852726269,109.6220831755172,1,0.9713004375706394,1.0000000000000724,0,0.0,0,3.181646326682312,-0.027463027056224533
452,0.7583838798835575,136.8545980553962,True,8423.832726730623,0.29568416500114836,0.0005958230030955747,True,True,8823.893071465913,94.41037274753066,0,0.9777538475242454,1.030482950806618,0,0.0,0,1.8920014327992476,4.749148737110485,True,True,99.99999881943351,0,0.950000097714466,1.0499999806012992,0,0.0,0,2.3663073788114843,9.321706854011587e-09,True,False,8261.739467431595,107.83100991851336,1,0.9722445873415712,1.0,0,0.0,0,1.9971212438760233,-1.92422218943803
453,0.6680047648213459,120.3701362944044,True,4050.4874111033823,0.3743910560006043,0.0006002169975545257,True,True,4430.977826888655,88.28084682025765,0,0.9779112356794782,1.0376738727092742,0,0.0,0,2.099560950914764,9.393694569080129,True,True,99.99999773210256,0,0.9886734165068006,1.0499999762047663,0,0.0,0,2.3885552388548916,3.900274785838333e-09,True,False,4039.8552388557655,112.4815209407011,1,0.9754844995391541,1.0000000000000002,0,0.0,0,2.3123004270927794,-0.26249117725698845
454,0.5486244874519299,103.44301951647603,True,3420.9382863945816,0.3033799999993789,0.0006116519980423618,True,True,3423.1712921915027,54.42268084975379,0,0.9919911781833073,1.0380725502967836,0,0.0,0,2.0003093556602636,0.06527466064484644,True,True,55.26723801516664,0,0.9747412474918823,1.0263649280376363,0,0.0,0,2.0532033913445247,1.7642282281456273e-09,True,False,3384.7480530420103,55.09759963105193,0,0.9796969363688534,1.0000000000456415,0,2.2392891212113852,1,2.2392891212113852,-1.057903717140671
455,0.6954723126381925,127.93129889443442,True,7718.593649541835,0.27729086500039557,0.0006233759995666333,True,True,7717.277917222965,79.8721174658815,0,0.983895502321986,1.0288587719202043,0,0.0,0,3.0972264606877076,-0.017046167243591332,True,True,80.10128468033822,0,0.9706686108693816,1.0408757908140813,0,0.0,0,3.1154019705478646,1.0284086878157629e-07,True,True,7727.606537420615,80.73102261423212,0,0.9671519570727855,1.000000000060531,0,0.0,0,3.2399139085009523,0.1167686269694054
456,0.8240169725295661,152.0291160260656,True,7076.010685998469,0.2725735980002355,0.000662812999507878,True,True,7392.855319000859,87.32119046552216,0,0.9764910289601157,1.031158721446991,0,0.0,0,2.3911044484411264,4.477730212507009,True,True,99.9999085522709,0,0.9737621230785459,1.0499996138960377,0,0.0,0,2.2804862762109224,4.778233372971389e-07,True,True,7166.08246113577,92.07193781881564,0,0.9618336850023007,1.000000000068154,0,0.0,0,3.464758818424798,1.272917938871173
457,0.736830682423646,139.01405313159043,True,7994.976575649737,0.2742879860015819,0.0005578979980782606,True,True,8204.2901684767,88.10919040018351,0,0.9787985566745514,1.0319231629371644,0,0.0,0,2.4110954593866154,2.618064430062552,True,True,99.999930884354,0,0.978373563572444,1.04999917973053,0,0.0,0,2.93834108169591,5.496143465831982e-07,True,False,7892.929051324464,144.4341963744482,2,0.9719835746373712,1.0000000000000002,0,3.983526347954111,0,3.9835263479541254,-1.276394996020479
458,0.8449459541498898,158.53400545857275,True,9269.078838148871,0.37511381299918867,0.0006358419996104203,True,True,9566.629670286598,89.71745077501261,0,0.9698773895283723,1.028849223256111,0,0.0,0,2.1431995405342263,3.2101451352123997,True,True,99.9999947662478,0,0.9500014165343776,1.0499999754389044,0,0.0,0,2.5805980300521014,5.358638556196591e-07,True,False,9139.367290644466,120.86375982231183,2,0.9662918517863138,1.0000000000593703,0,0.0,0,2.5687736807214208,-1.3994000999968137
459,0.8076907457597056,155.49947676238932,True,4756.165209956695,0.309825878999618,0.0007176399994932581,True,True,4934.327603259958,91.06584450252761,0,0.969738623757399,1.0294651836156845,0,0.0,0,2.2794109602592982,3.7459254398217516,True,True,99.99994894246183,0,0.9747975027732755,1.0499998510902646,0,0.0,0,2.602867738680686,1.875930781463633e-07,True,False,4767.066470203928,136.86663603161543,2,0.9694199543995572,1.00000000006502,0,0.0,0,3.231847540333291,0.22920291261325035
460,0.7987355781882435,153.1107606842545,True,11314.953440112455,0.29679449000104796,0.0005329330015229061,True,True,11966.833016143883,92.28086520635198,0,0.9742108282543785,1.036597126722336,0,0.0,0,2.483572632325945,5.761221913384062,True,True,99.99999720938706,0,0.9574337304432511,1.0499999790889096,0,0.0,0,3.1222638680439445,8.770362223491729e-09,True,False,11240.749758935066,121.40743251228278,2,0.9666421726079176,1.0000000000109752,0,0.0,0,3.013789783054449,-0.6558019048357372
461,0.5443779096131887,102.50830714938104,True,4402.34008283537,0.2556573319998279,0.0005766879985458218,True,True,4545.511535510754,60.8617093815075,0,0.9702960399816388,1.0268618494272232,0,0.0,0,2.05874524544528,3.252167057836414,True,True,73.89858922619584,0,0.9852629105059812,1.0284158390192772,0,0.0,0,1.484997225221349,2.7995005591335705e-08,True,True,4415.743074090455,71.40558638065545,0,0.9780048585994706,1.0000000000771654,0,0.0,0,1.590245082298253,0.30445154711083094
462,0.7587588338612967,142.1699964090934,True,8342.035500269394,0.2777403759992012,0.0008386840017919894,True,True,8506.535453076254,92.93793805985723,0,0.9841444605804954,1.0339355468749998,0,0.0,0,2.764287640002891,1.9719402345683343,True,True,99.99995913754702,0,0.972618733025008,1.0432701200778132,0,0.0,0,2.5280622148796397,1.8866974092967945e-08,True,False,8319.118668087205,98.49585886661542,0,0.9705171484667805,1.0000000000455307,0,2.723313322050842,0,2.723313322050842,-0.2747150933592038
463,0.812343345547901,155.01812738398954,True,11100.080238602615,0.23878740399959497,0.000648473000183003,True,True,11623.249452272803,91.68518636885523,0,0.9726055142906724,1.0307878583669663,0,0.0,0,2.331869899512725,4.713202361274183,True,True,99.99998763065938,0,0.9742451760610342,1.0499999595001246,0,0.0,0,2.634449261562679,2.601592597651851e-07,True,False,10802.931966129578,132.23504370315226,4,0.9680316903772551,1.0000000000832192,0,0.0,0,3.338339160200661,-2.676991859345493
464,0.8815132011236573,168.8319704273072,True,6126.0121827227495,0.2595081529998424,0.0005946600031165872,True,False,6789.945122321184,100.53984598696826,1,0.9756841447546711,1.0341713964939119,0,0.0,0,1.9895269996713694,10.837940941428018,True,True,100.00000005631588,0,0.986488019292748,1.049999997283016,0,0.0,0,2.212811710288804,9.467377588949534e-06,True,False,5976.001582683453,107.05994855793574,2,0.9642166190931188,1.0000000000000002,0,0.0,0,2.3817067938382763,-2.4487387519687984
465,0.6429470319003304,123.80467035109542,True,5325.44141812326,0.26187938100156316,0.0006896209997648839,True,True,5727.033883857733,91.16998794356532,0,0.9817389953241582,1.0255859732627868,0,0.0,0,1.3505735732752129,7.5410174333490625,True,True,99.99999736082972,0,0.9846233007548312,1.0499999577798675,0,0.0,0,1.144540014404214,1.5703494088500078e-10,True,False,5392.086754008084,104.32188937851414,1,0.9748335915143473,1.0,0,0.0,0,1.2247185766377413,1.2514518639992622
466,0.5419574396672445,103.89705084291492,True,3931.6764799914504,0.2778771670000424,0.0005646700010402128,True,True,4131.901425249397,66.51880552273725,0,0.9868493757821497,1.0312360912561416,0,0.0,0,1.807351186602304,5.092610162251681,True,True,67.24843002612072,0,0.9726051314580658,1.031744138877322,0,0.0,0,2.089951600902026,2.5917745749036067e-07,True,False,3906.939694400968,67.25051973352731,0,0.9762650207169479,1.0000000000000002,0,2.2854407355558095,1,2.2854407355558095,-0.629166097222451
467,0.8578958519999038,167.13226746567457,True,14226.9508556679,0.264995920999354,0.000648512999759987,True,False,14608.883003239618,95.41165722084729,0,0.9752993400383165,1.0347749292850494,0,0.6302818310278155,0,3.4518818604132093,2.684567865092357,True,True,99.99999434907201,0,0.9731466025463766,1.0499999529506308,0,0.0,0,3.856032286059161,2.2465945610483922e-08,True,False,13951.638802716803,110.54759537630787,1,0.955586512009072,1.0000000000191311,0,4.650541926491414,0,4.6505419264914,-1.9351444495012542
468,0.6926866870183448,130.69892639463598,True,7226.104480960074,0.2757866430001741,0.000674631999572739,True,True,7477.671369689517,93.61448166713195,0,0.9788294051707924,1.0329247057437898,0,0.0,0,2.368127199537412,3.481375317606417,True,True,99.9999949575163,0,0.9850046316401884,1.0499999779896023,0,0.0,0,2.556623033656507,1.2424926251437087e-05,True,False,6942.567782688993,129.7665788609641,4,0.9769464244692432,1.0,0,0.0,0,3.0774343335397987,-3.9237716034861854
469,0.5774158877732781,111.08916587225127,True,4770.6789729034535,0.2598084400015068,0.0006337269987852778,True,True,5011.276637827447,80.42718548807333,0,0.9893823513558883,1.0219630748033524,0,0.0,0,1.348519779900073,5.043258348315705,True,True,99.99999722655038,0,0.9934009903819745,1.049999970651441,0,0.0,0,1.6298057332957967,1.293685515732203e-08,True,False,4659.338265917291,124.0180272998447,2,0.9813773144031807,1.0000000000658067,0,0.0,0,2.147940187242412,-2.333854510349249
470,0.6980406903320842,129.86903607107732,True,6365.695423642733,0.2594931629992061,0.0006185210004332475,True,True,6658.770569697708,91.4694230013705,0,0.979642231292032,1.023751041293144,0,0.0,0,1.8353147192347024,4.603976950009356,True,True,99.99998332789546,0,0.9936877807609793,1.0499998946194975,0,0.0,0,2.2089330510610807,5.9430435911815595e-08,True,False,6357.847814971294,138.52459389228127,2,0.9757546172443622,1.0000000000461307,0,0.0,0,2.7134969333809806,-0.12327961629762722
471,0.749532433043751,142.40861046746267,True,5407.955618475591,0.2907075849998364,0.0006673710013274103,True,True,5688.565433831949,91.84290523226201,0,0.9885427010035543,1.0248480319976807,0,0.0,0,2.237181435122551,5.188833954667599,True,True,94.72602604157699,0,0.9758163723960401,1.0499990763127665,0,0.0,0,1.7883363952958007,3.872409989046601e-07,True,True,5542.8256114296255,93.1594517093054,0,0.9667979192809106,1.0000000000000002,0,0.0,0,2.322104920545513,2.493918662301174
472,0.795040899055842,154.37377558358642,True,11319.137273654458,0.2826481079991936,0.0006113640010880772,True,True,11563.05724732791,90.4177444087741,0,0.9750533787390825,1.0363715350627898,0,0.0,0,2.6107564884941326,2.1549343188737065,True,True,99.99999213734459,0,0.9500002553746294,1.0499999676201948,0,0.0,0,2.8193858946367243,3.1958480044789636e-10,True,False,11185.29473379831,117.53867987095981,2,0.9685921124976815,1.0,0,2.9999563664601965,0,2.9999563664601965,-1.182444709208744
473,0.7931632070119776,145.79533925226576,True,6213.503781886347,0.2734656949996861,0.0006067770009394735,True,True,6227.59372185734,95.03341147661287,0,0.9784185770227171,1.0304671823978424,0,0.0,0,2.786064640111107,0.22677199373695808,True,True,94.98390976710776,0,0.9705736715479252,1.049921420346625,0,0.0,0,2.945008495578122,8.774434172132994e-06,True,True,6224.255777876071,96.42311238746153,0,0.9628926782400057,1.0,0,0.0,0,3.1347001307106552,0.17305118835360364
474,0.565063020955759,106.08048309089008,True,5427.729659312264,0.25040722799894866,0.0006589529984921683,True,True,5636.074657171713,59.93989627484273,0,0.9840106838802506,1.0243442609906195,0,0.0,0,0.8826961192790748,3.838549359170937,True,True,65.53005370982149,0,0.9853045195093509,1.0438928429074399,0,0.0,0,1.3034376139645474,1.923671489009324e-05,True,True,5447.981019158813,61.73171624398117,0,0.979066241378298,1.0000000000000002,0,0.0,0,1.4892913826216017,0.37312852942811103
475,0.6845458101519311,132.34971390128933,True,8494.830891247908,0.3035854039990227,0.0006201889991643839,True,True,8688.386743686877,86.35703208941081,0,0.9788860906634949,1.0291268229484558,0,0.0,0,1.7812992389674775,2.278513450884016,True,True,99.99995897075368,0,0.9779997397145258,1.049999313437762,0,0.0,0,2.4939332494510325,1.3866745978489446e-07,True,False,8506.068028356014,112.1257680353958,1,0.9715113252171345,1.0000000000714635,0,0.0,0,2.7846335157465205,0.1322821966336278
476,0.5335225402414985,104.98468931108769,True,2328.271972991412,0.2510277210003551,0.0005663239971909206,True,True,2640.2318857367227,71.64614928923513,0,0.9743977548013478,1.0299908727407456,0,0.0,0,1.66738845334379,13.39904225808323,True,True,69.7935762847454,0,0.9835000308318012,1.0456025522808592,0,0.0,0,1.371252727199277,0.0002360701327199071,True,True,2447.9922669667194,70.48838173843336,0,0.9771737465032497,1.0,0,0.0,0,1.4794046744597011,5.142271793963764
477,0.5792354945375965,107.18667416629316,True,5900.725957943509,0.3133405259995925,0.0005866150022484362,True,False,5951.716101319361,62.12663186674388,0,0.993246762847526,1.0379923641681672,0,2.531501717503133,0,2.083523351514387,0.8641333926463968,True,True,87.44980735479574,0,0.9761004005971592,1.0238747706382931,0,0.0,0,2.302316142335883,5.929638305776878e-10,True,False,5824.628100126969,82.02983413749784,0,0.9775278905659279,1.0000000000285272,0,2.4993230352770865,1,2.4993230352770865,-1.2896355181443275
478,0.8491826774046024,160.55550243931518,True,6734.1748452858255,0.3188425810003537,0.0006941190003999509,True,True,6927.002166554625,89.16948675943489,0,0.971014682262141,1.0339073717594145,0,0.0,0,2.826558449359368,2.863414239291577,True,True,99.99999507600596,0,0.9713945536144283,1.049999987785249,0,0.0,0,3.0330726075349332,2.1640928010424297e-09,True,False,6611.489718924338,130.15458686158817,4,0.965930831439279,1.000000000056776,0,0.0,0,4.245681528626648,-1.8218286432567543
479,0.8073547869450077,156.52731401597603,True,6865.592409907926,0.275520653998683,0.0005977529981464613,True,True,6979.71206733483,92.81518813908164,0,0.9741017475683055,1.0333413630723953,0,0.0,0,2.2900355916657418,1.6621972505775433,True,True,99.99999110725648,0,0.9664343782998407,1.0499998528437235,0,0.0,0,2.3557038222761832,4.4194438789502883e-07,True,False,6908.3678182189,106.3869800581739,1,0.9659799278454237,1.0000000000722558,0,0.0,0,2.2247365744793512,0.6230407558186443
480,0.7948467836889057,152.87971191898967,True,7612.544537097196,0.28608214300038526,0.0006123949970060494,True,True,8065.73702861678,90.44548419010601,0,0.9724139684444656,1.034937408566475,0,0.0,0,2.6749355609756833,5.9532419941019805,True,True,91.73872553198541,0,0.9729792388868039,1.048363202653149,0,2.1290882500579755e-05,0,2.8733646826080985,8.761537846754772e-06,True,False,7508.07690001551,135.43153959387095,2,0.9654333683499768,1.0000000000737348,0,3.9960488701140235,0,3.9960488701140378,-1.372300401654163
481,0.5741918490944484,107.1569157307214,True,3150.569537434939,0.2534440180006641,0.0006019739994371776,True,True,3225.0820346387036,75.31565224031715,0,0.9751828284106698,1.0279084146022797,0,0.0,0,1.7489627380126365,2.3651381779509597,True,True,65.46384054576642,0,0.9850611311047411,1.0433009293018196,0,0.0,0,1.4120325642926872,8.761789534702925e-05,True,True,3191.3743892395346,61.7200900802101,0,0.9791964341163542,1.0000000000274443,0,0.0,0,1.515661637769938,1.2952467017405398
482,0.5781191470275774,108.24154665903589,True,5854.818580204885,0.30763208200005465,0.0005974129999231081,True,True,6056.083619722666,92.00755859304276,0,0.9740157649849523,1.0263488471508027,0,0.0,0,2.021427538558669,3.4375967333857362,True,True,99.99999572621667,0,0.9900428560478106,1.0499999491929146,0,0.0,0,1.8667449970742496,2.103835328731848e-07,True,False,5731.267398677754,139.352297828764,2,0.9766673437914823,1.0,0,0.0,0,2.4594109903981547,-2.1102476153097935
483,0.7124331849294607,140.73149283801754,True,5420.052082223012,0.31457333599973936,0.0005596920018433593,True,True,5784.018817112984,91.12605559554444,0,0.9814839373835437,1.0302388042211532,0,0.0,0,1.6754958631119052,6.715193438548097,True,True,99.82881462860162,0,0.9686523501730248,1.0499647385207418,0,5.952804116304833e-06,0,2.463185255872787,4.268681775279535e-06,True,False,5408.465030155954,101.02307831580615,1,0.9666441722640404,1.0000000000000002,0,2.848730174241922,0,2.848730174241922,-0.2137769346331532
484,0.8530105073783292,166.39591121666697,True,8343.45518945674,0.34283766800035664,0.0006076060017221607,True,True,8575.950055114667,98.366881520915,0,0.9753678000801715,1.0385346949100496,0,0.0,0,2.2027581765401294,2.786554450279613,True,True,100.00000099704565,0,0.9766868982421602,1.049999996616499,0,0.0,0,2.8044008597090055,6.556820469289688e-07,True,False,8086.742379521821,108.19224890548303,2,0.9652820377806609,1.0,0,0.0,0,3.083133827150988,-3.0768159123812056
485,0.5099275762242882,96.04574088622233,True,4097.465365415527,0.29297944700010703,0.00064012200164143,True,True,4672.545651917767,95.56669606541189,0,0.9873023898640538,1.0158963263034821,0,0.0,0,1.3919180072626176,14.035030077250408,True,True,100.00000006266627,0,0.999999999985508,1.0499999863726324,0,0.0,0,1.741588252330942,4.493027218171093e-06,True,False,3983.287188729816,117.70515345113253,2,0.9827609699296961,1.0,0,0.0,0,1.9188186217013055,-2.786551868851604
486,0.5363121904813385,95.88247608139757,True,2781.375322660535,0.27289018999908876,0.0005864609993295744,True,True,2960.6392117610008,78.86349543616582,0,0.9898407283202244,1.0308136194944382,0,0.0,0,1.913084780798485,6.445152856036421,True,True,61.33120985688257,0,0.9761283188160111,1.0177128052718105,0,0.0,0,1.9322670428134217,6.5698037680974e-08,True,False,2763.543773742434,56.44444955713581,0,0.9803437586217852,1.0000000000000002,0,2.1062162128322086,1,2.1062162128322086,-0.641105389741146
487,0.6941062495408966,131.02706010680828,True,4393.97243783591,0.27047255800061976,0.0006529100028274115,True,True,4602.358594251975,91.2423656628041,0,0.976069006005107,1.0298613876104354,0,0.0,0,2.1937017138968713,4.742545741469839,True,True,94.47107071701387,0,0.9799448813398478,1.0499997069894744,0,0.0,0,1.9930729318440115,-8.00485170421632e-08,True,True,4489.553308608989,96.17681464329294,0,0.9696309731623319,1.0000000000449947,0,0.0,0,2.2279883570807044,2.1752723425441736
488,0.6515807902681503,126.58287188016227,True,7058.057756257172,0.27058473200122535,0.0006551199985551648,True,True,7317.374075156213,87.82145944382435,0,0.9743147602229695,1.0316544979810716,0,0.0,0,1.7151412665400727,3.674052824043727,True,True,100.00000788407026,0,0.9910295984416136,1.0499999553175323,0,0.0,0,1.962629795711436,6.16911692897915e-06,True,False,7126.615574018126,139.21369559702745,2,0.9749758246098481,1.0000000000781442,0,0.0,0,2.717836407369745,0.9713473561394856
489,0.5906144733738651,109.35107595503311,True,3607.0833982650242,0.29801267699986056,0.0006244090000109281,True,True,4063.8040582178187,94.97559436438452,0,0.9867188541417705,1.0216189265251159,0,0.0,0,1.7179558989969905,12.661771838967615,True,True,99.99999918420511,0,0.9828882443254346,1.0499999853130226,0,0.0,0,2.106542160816616,2.4550402249269207e-07,True,False,3668.1693383422144,105.47353366110382,1,0.9774253631003579,1.0,0,0.0,0,2.0946191143908806,1.6934997708141488
490,0.5361504800406686,98.87934441306008,True,5317.747184882457,0.27037690399993153,0.0006440220022341236,True,True,5817.926640967481,81.33452525224888,0,0.9832312217399131,1.0240425869822503,0,0.0,0,0.7917798849539821,9.405909126562074,True,True,93.85122967908444,0,0.9949485228326534,1.0482790303901006,0,0.0,0,1.0326998779002707,5.176595578950326e-05,True,True,5358.601850675151,92.38389983314039,0,0.9782981381305226,1.0,0,0.0,0,1.1120728038207233,0.7683223422187127
491,0.8919832761648563,169.21944194569565,True,8494.08873293617,0.28988099199887074,0.0006102430015744176,True,False,8389.718960845463,103.19204945983256,1,0.966821887857324,1.0330094993114474,0,0.13148108581562212,0,3.280392894401956,-1.2287334814135478,True,True,100.00000440486909,0,0.9746193171501194,1.0499999996383773,0,0.0,0,3.3625181958190353,7.138277852748749e-07,True,False,7898.89364443939,109.4769056335015,2,0.960759424950182,1.0,0,3.5852325577401274,0,3.5852325577401416,-7.007167582372784
492,0.7670176368052204,143.67829543029958,True,5612.582821076045,0.2802089709985012,0.0006274019979173318,True,True,6085.588945689284,94.73575405656317,0,0.9757714988214737,1.0314713299274445,0,0.0,0,1.8796308564840558,8.42760251655861,True,True,99.99999746226773,0,0.9500000592397421,1.0499999700508647,0,0.0,0,2.2066707029659653,7.634380547643635e-07,True,False,5564.280828015331,111.32931204741845,1,0.9697064741679737,1.000000000082732,0,0.0,0,2.01875767820556,-0.8606011193188164
493,0.6963686689243157,129.12271057720648,True,8249.817322187782,0.2840683150006953,0.0005942579991824459,True,True,8338.68747931971,94.4298553605718,0,0.9829750110750749,1.0302637010812759,0,0.0,0,2.1736277201837026,1.077240551385894,True,True,92.82728256955963,0,0.9826526282737661,1.0468075535650072,0,0.0,0,2.041889458991619,2.6440364645686888e-06,True,True,8263.064732505001,96.11193698222064,0,0.9696127909366761,1.0,0,0.0,0,2.1993469430232153,0.1605808744399012
494,0.5149749915116832,97.73525105471283,True,2857.5169369797886,0.26550129700081015,0.0005804809989058413,True,True,2882.7154946160495,63.52516112229932,0,0.9887678444769358,1.0271224230527876,0,0.0,0,1.16147305610329,0.881834162450239,True,True,87.01512063505442,0,0.9834080067777816,1.024887351410393,0,0.0,0,1.3924869174763899,1.0100991998823495e-07,True,True,2860.8726977758865,84.59144935827592,0,0.9804898956826588,1.0000000000699434,0,0.0,0,1.5071618068069483,0.11743635330504673
495,0.830846833446738,160.17652561374584,True,5497.310449430943,0.27589295399957336,0.0006227930025488604,True,True,5990.787849040111,94.58360754864165,0,0.9841282442622737,1.0357182979583741,0,0.0,0,3.4843489883751033,8.97671130625063,True,True,97.32534102334256,0,0.9602897223714861,1.0499871248896016,0,4.312078630164251e-06,0,4.770580485084707,4.8248177700138454e-06,True,False,5390.700517283909,98.77060570722087,0,0.9556025895825586,1.0000000000289424,0,5.389957706463235,0,5.389957706463235,-1.9393060122080796
496,0.6407130235947979,119.10102352627004,True,3921.3411227892907,0.28598518000035256,0.0005828070025017951,True,True,4051.196169273636,80.4155151705097,0,0.976891730901711,1.031975159049034,0,0.0,0,1.8321913575627065,3.3115129445338587,True,True,85.97078741517107,0,0.9820852840773465,1.0470835511078171,0,0.0,0,1.7337160768920512,1.6597472041535706e-05,True,True,3959.1089410911704,89.57352102295695,0,0.9719212454106242,1.000000000023997,0,0.0,0,1.9361432127258098,0.9631519990541967
497,0.5280186636039295,100.43033699728828,True,4677.938533153491,0.2937023530012084,0.0006076580029912293,True,True,5242.356039877973,91.55937706325932,0,0.9748624566882396,1.0314319729804993,0,0.0,0,1.1982358988967263,12.06551781154258,True,True,99.99999616811462,0,0.9994819067959808,1.0499999577180064,0,0.0,0,1.3806116505723338,3.932712208463754e-09,True,False,4770.688196775161,110.79946095185682,1,0.9797119905079422,1.0000000000000002,0,0.0,0,1.513997473008729,1.9827037732956763
498,0.5455335104670725,102.06538565524662,True,3631.890789404726,0.28211009000006015,0.0005942780007899273,True,True,3819.559529298994,94.06325576221502,0,0.9842866539938391,1.0263879388570785,0,0.0,0,1.6405755850384622,5.167259335312941,True,True,100.00001392134115,0,0.9993349395483223,1.0499999716658217,0,0.0,0,1.9181696685112684,1.2461374531513453e-05,True,False,3565.6648092861024,136.79208281400201,4,0.980749996427076,1.0000000000000002,0,0.0,0,2.573236428188821,-1.8234451316921843
499,0.5370093513201557,102.92954599782534,True,4509.383112192825,0.2539210799986904,0.0005977189975965302,True,False,4487.052759193792,63.611861674905356,0,0.9900501975966914,1.0385148584842683,0,0.7154273676650007,0,1.8438450093374144,-0.4951975038266594,True,True,65.02256959408986,0,0.9724278372041044,1.0226999728083233,0,0.0,0,1.8626054697101182,8.679944665159294e-09,True,False,4463.831905287328,65.304164715407,0,0.9765181783280982,1.0,0,2.2624794475399312,1,2.2624794475399312,-1.0101427486805121
