escenario,fd,demanda_mw,opf_factible,opf_costo,opf_segundos,agente_segundos,agente_convergio,agente_seguro,agente_costo,agente_carga_max_pct,agente_n_ramas_sobrecargadas,agente_v_min,agente_v_max,agente_n_barras_fuera,agente_exceso_slack_mw,agente_n_gen_fuera_q,agente_perdidas_mw,agente_brecha_pct,opf_convergio,opf_seguro,opf_carga_max_pct,opf_n_ramas_sobrecargadas,opf_v_min,opf_v_max,opf_n_barras_fuera,opf_exceso_slack_mw,opf_n_gen_fuera_q,opf_perdidas_mw,opf_brecha_pct,merito_convergio,merito_seguro,merito_costo,merito_carga_max_pct,merito_n_ramas_sobrecargadas,merito_v_min,merito_v_max,merito_n_barras_fuera,merito_exceso_slack_mw,merito_n_gen_fuera_q,merito_perdidas_mw,merito_brecha_pct
0,0.8767702980432887,158.84733296087995,True,13758.236184746838,0.42531841500021983,0.0015999999959603883,True,True,14544.886857006126,95.72820638320681,0,0.9904551559468777,1.0316620171070097,0,0.0,0,1.8754699763655651,5.717670941487353,True,True,99.99999791121463,0,0.9752418482341301,1.0499999916791976,0,0.0,0,2.916832764411595,9.431532162955255e-10,True,False,13537.596543013078,116.69066592298701,3,0.9647622758382146,1.0,0,2.0928975274630943,0,3.245564566583141,-1.6036913354539837
1,0.7205367060897337,138.26043958995908,True,4909.813323497874,0.376775678998456,0.0005090000049676746,True,True,4990.892272109766,91.04058145950418,0,0.9951307913143584,1.0411811113357545,0,0.0,0,2.5025779200902036,1.6513652119760318,True,True,99.9998206127917,0,0.9735336598780728,1.0385399477810155,0,3.4126088621633244e-08,0,2.51643094039116,1.1727685439019145e-08,True,False,4871.041088097606,95.80063507880399,0,0.9703839453445318,1.0,0,2.7395710247660645,0,2.7395710168932794,-0.7896885741754716
2,0.7244583328665587,135.33194425584554,True,8660.885598248678,0.4196282610009803,0.00038550000317627564,True,True,8962.306941443587,90.18257742716746,0,0.9849984190187392,1.0249308168888094,0,0.0,0,1.874340799919537,3.4802617072087645,True,True,99.99995699779562,0,0.9911085727017714,1.0499995559772521,0,0.0,0,1.670949349491309,1.5820268160672378e-06,True,False,8774.695477887211,108.3759084464119,1,0.9730304417917103,1.0000000000539775,0,0.0,0,2.0341720536077617,1.3140690656343736
3,0.6213041136483183,120.26678562578606,True,5576.669914545285,0.44058084599964786,0.0005774999954155646,True,True,6253.043871190623,73.90457758343095,0,0.9961311386262285,1.0380100548267366,0,0.0,0,1.6372841307519224,12.128635148297349,True,True,79.76656051934758,0,0.9822245076897199,1.041011958848462,0,0.0,0,1.6663607845549393,-1.4849207492018394e-07,True,True,5617.623325356597,81.30794051887331,0,0.9710111932565676,1.0,0,0.0,0,1.781282407669039,0.7343702083347343
4,0.7048257468474626,133.29561483012057,True,3888.154218323442,0.48223482100002,0.0004600999964168295,True,True,4145.412264193899,81.65362242389753,0,0.9847163443650806,1.0377569347620013,0,0.0,0,2.257607612789087,6.616462520206378,True,True,75.3657850324647,0,0.9733626920337016,1.0476960439267062,0,8.552656169058537e-06,0,2.434890968450304,5.324265051300122e-06,True,False,3847.4631263128863,77.1881732377511,0,0.9735141959402696,1.0000000000521756,0,2.7519257641949366,1,2.7519257641949366,-1.0465348048608727
5,0.505663436828383,94.97547082642048,True,3812.060006129365,0.37374638700021023,0.0004374999989522621,True,True,3818.7382063803425,55.87006476457985,0,0.9838317722082138,1.0252653181552887,0,0.0,0,1.6796252822864375,0.17518576968680974,True,True,57.73502257136517,0,0.9756315779115357,1.0252397724794036,0,0.0,0,1.697198862788909,-3.558326367600954e-07,True,False,3818.164004074703,57.8458223160958,0,0.9789008028868229,1.0000000000047111,0,2.093592090335619,1,2.093592090335619,0.1601229872890216
6,0.7083998413514037,130.26561069563522,True,3569.8021835741297,0.43057051799951296,0.0004715999966720119,True,True,3764.558834851315,92.98448112134078,0,0.99983967745116,1.0400040656328204,0,0.00022318279819444342,0,2.7593160531616547,5.455671687708388,True,True,90.89585036163936,0,0.9703631060415934,1.042780281237821,0,1.0710510878197965e-06,0,2.957539299867875,9.498925555138666e-07,True,False,3494.9898771747585,94.75962217463399,0,0.9690023649715687,1.000000000026053,0,3.2218963151820788,0,3.2218963151820788,-2.095698006599895
7,0.7724942699578372,144.48777279109655,True,7897.34176428139,0.46080291900034354,0.00041290000081062317,True,True,8180.589537636114,91.81227043513628,0,0.9837005960964038,1.0323238670825958,0,9.932119066746736e-06,0,1.8610008100189077,3.5866219308825293,True,True,98.74177558049657,0,0.9751893686324595,1.049999499305034,0,0.0,0,1.9074052621860744,2.239415339323265e-07,True,True,7991.2062418245005,99.45179543546708,0,0.9658018439817078,1.0000000000046083,0,0.0,0,2.33629020337483,1.1885581027185195
8,0.6286317797505185,121.32794339434498,True,2966.2232828462093,0.451866086001246,0.0004152000037720427,True,True,3149.0459832283746,92.37908184379673,0,0.9906525384861902,1.0320304751396179,0,0.0,0,1.956707315925982,6.163522179026424,True,True,99.99999688231203,0,0.9888413083608052,1.0499999594465739,0,0.0,0,2.193061047034348,3.5869133462486266e-05,True,False,2972.941047765349,111.83627736255421,2,0.9720931781812564,1.0000000000000002,0,0.0,0,2.4289776954475855,0.22651131242166905
9,0.7883586917315163,153.71971868814137,True,4262.202583862421,0.572011451000435,0.0004558000000542961,True,True,4483.665431328484,84.67738067227201,0,0.9898983605990894,1.031572836637497,0,0.0,0,2.0993386425999176,5.195980170763056,True,True,100.0000385876971,0,0.9603964125206493,1.0499999737190338,0,0.0,0,2.973780435310772,7.887055453711902e-06,True,False,4235.8588775060925,134.88645243671343,2,0.9722974343177773,1.0000000000223248,0,0.0,0,3.029569417228686,-0.618069454782173
10,0.6853596829288177,129.11514117409254,True,11009.417508893355,0.42554801200094516,0.00045400000090012327,True,True,11075.431669846073,90.46126282679722,0,0.9921325366181655,1.0305443942546844,0,0.0,0,1.87427934863112,0.5996158582887474,True,True,99.99964083211121,0,0.9845757551645863,1.0499981426247784,0,0.0,0,1.8514068798597805,4.7253981538672077e-07,True,False,11041.231095658524,127.94264316310328,2,0.9774382024873591,1.0,0,0.0,0,2.5910579671432004,0.2889675036275366
11,0.7547527492003723,143.5996783161726,True,7196.048126670974,0.4721997970009397,0.00040950000402517617,True,False,7273.028601128088,100.42351843322548,1,0.9824722793495295,1.0304554522037506,0,0.0,0,2.1065477233075853,1.069761115215308,True,True,99.99998965297327,0,0.9829590733801803,1.049999914938161,0,0.0,0,2.1333691958608654,6.906915211430225e-07,True,False,7117.316580050381,129.6790447792133,2,0.9707709771328212,1.0000000000000002,0,0.0,0,2.7127194734602824,-1.0940935368412175
12,0.7495285209384053,144.09721154549484,True,5025.597375845866,0.43586053799845104,0.00044180000259075314,True,True,5227.394170358929,87.6665809625918,0,0.9904695013784217,1.0403986752033234,0,0.0,0,3.8967480724114125,4.015400018625238,True,True,90.81467604653818,0,0.9632314475399404,1.0496319670608765,0,3.4176543465491704e-05,0,4.214694594293178,1.996123971598107e-05,True,False,4972.296175628657,91.78204699641027,0,0.9602411054219426,1.000000000044077,0,4.477694186590355,0,4.477694186590355,-1.0605745685363226
13,0.6079285086807847,114.90354166317259,True,8532.178810290276,0.3882922239990876,0.00040750000334810466,True,True,8747.790267584038,78.60030685732033,0,0.996265625731411,1.028515249490738,0,0.0,0,1.6220945485958111,2.527038657604603,True,True,91.35379718200059,0,0.9795048558724708,1.0268357926932696,0,0.0,0,1.9336146811553192,-4.821542687196685e-09,True,True,8543.011056687608,88.3506904557206,0,0.9778097460782839,1.0,0,0.0,0,2.065816966502794,0.12695755944968598
14,0.6029406887678643,119.77753578684056,True,5164.934223883782,0.5311830709997594,0.00044019999768352136,True,True,5627.220107329869,90.6300285059093,0,0.9935790814432488,1.028975859284401,0,0.0,0,1.4999065076641358,8.950469909278748,True,True,99.99999539610627,0,0.9663891394332806,1.0499999405196614,0,0.0,0,1.63535200799312,1.7179015311906153e-09,True,False,5214.126430240253,110.08899186377212,1,0.9750575413875456,1.0,0,0.0,0,1.9155168326581702,0.9524265811279782
15,0.6431331967276956,122.2335018485974,True,7773.179423454601,0.4421902880003472,0.00043400000140536577,True,True,7902.100877823379,94.47218163771244,0,0.9983363295184899,1.037541112303734,0,0.0,0,1.618355395216426,1.6585421157754912,True,True,99.99999427761075,0,0.9894824112418433,1.0499999204528927,0,0.0,0,1.9699172461730825,1.3162505378850863e-09,True,False,7773.67115821033,111.35843638452288,1,0.9773286525217966,1.0000000000040012,0,0.0,0,2.2774688828739045,0.006326045383252957
16,0.5198348144627802,98.63900950766558,True,2869.722621790047,0.3667063849989063,0.00040530000114813447,True,True,2925.580011594331,65.33505873809463,0,0.9826867771051737,1.0201595842838287,0,0.0,0,1.186240909112044,1.9464552424866624,True,True,65.43338463415938,0,0.985560253027619,1.0400752958894388,0,0.0,0,0.8359127709938718,1.6291209675916536e-05,True,True,2893.537976943783,67.23705579198563,0,0.9783429204930687,1.0000000000449285,0,0.0,0,1.7472394831151234,0.8298999480033175
17,0.7415655374377697,143.83218422651026,True,8393.253473175913,0.4413516160002473,0.0006063000037102029,True,True,8778.739441960397,82.44227076277632,0,0.9902256703922264,1.0357682615518573,0,4.832676721022722e-05,0,1.7188390400458502,4.592811430883109,True,True,99.99987510861192,0,0.9835714044175938,1.0499987080629742,0,0.0,0,2.1665668335858754,3.829189093168733e-06,True,False,8427.92209345103,108.57863200965305,1,0.9687942695924265,1.0000000000003215,0,0.0,0,2.409624734805192,0.41305726208542953
18,0.8816560747123422,161.1167355419591,True,7219.391983403039,0.4148310539985687,0.0004819000023417175,True,True,7410.934701906512,93.29627251591111,0,0.9936545522929925,1.0362091839313508,0,0.0,0,2.825513000920864,2.653206592753629,True,True,99.9999884885664,0,0.9748967075126534,1.0499999484251639,0,5.651467340328509e-05,0,3.2363128882502963,3.5967890843911805e-05,True,False,6927.9034845232845,128.58143881575887,4,0.9666385627683047,1.0000000000694587,0,0.45497435147157717,0,4.3382388095124895,-4.037542326682096
19,0.5685289191345849,105.45680333601655,True,4618.949703177007,0.4631348879993311,0.0005954000007477589,True,False,4684.1292675341265,87.98930241607259,0,0.9753421444378222,1.0283895552158357,0,0.0,1,1.6303650493202326,1.4111438033446875,True,True,90.35637788527342,0,0.9916179594598823,1.0473105709861081,0,0.0,0,1.0101027168971655,9.781089387367706e-06,True,True,4669.313585007527,88.92087741741585,0,0.9790415441627862,1.0000000000000002,0,0.0,0,1.121107816288287,1.0903850826869532
20,0.6604674478062369,123.1562385917936,True,4234.77764038969,0.46450415099934617,0.0004641999985324219,True,True,4504.03563953227,88.62003560764518,0,0.9917900732973932,1.0300212919712068,0,0.0,0,1.7383610766485447,6.3582559021263805,True,True,99.99999583910231,0,0.9904658345807752,1.0499999751356612,0,0.0,0,2.280982586483219,2.6515256624791827e-09,True,False,4184.190591493808,139.8005392992837,2,0.9759535631542403,1.0000000000000002,0,0.0,0,2.6939505383700464,-1.1945621017372174
21,0.7638207580503118,146.84081967831008,True,7140.083273063792,0.39948576299866545,0.00046149999980116263,True,True,7631.139120780236,88.50222443873513,0,1.0011015717777711,1.038794630765915,0,0.0,0,2.6232553904267206,6.877456022653494,True,True,99.99998939388081,0,0.9510470258819648,1.0499999712339656,0,1.0724186097377242e-05,0,2.780269851923265,3.1367447583367993e-06,True,False,6889.747613735092,112.25820878140094,1,0.967937716429367,1.000000000011,0,2.970119506803016,0,2.97011950680303,-3.5060577536861754
22,0.7505926834270851,140.6312090108836,True,7747.382701345476,0.31180376300108037,0.00033819999953266233,True,True,7893.003274555107,86.57761781360212,0,0.9967829196230723,1.0393570601940156,0,0.0,0,2.7638912414171557,1.8796103859686066,True,True,95.03602501690563,0,0.9713804513986144,1.044096177994121,0,0.0,0,2.788710974235812,4.6478624275764894e-07,True,False,7734.7413493013155,91.15990600663021,0,0.9674019109313123,1.000000000059521,0,3.0434424239689974,0,3.0434424239689974,-0.16316886078121656
23,0.578846159891859,109.96565758458546,True,3876.785281004971,0.2917041729997436,0.00044470000284491107,True,True,4480.875650733505,94.44057668125834,0,0.984750371277498,1.0307110846042633,0,0.0,0,1.532908873037158,15.582249881962419,True,True,99.99999724558558,0,1.0000000000394684,1.049999969370648,0,0.0,0,1.8418659952901066,3.2315008085071126e-09,True,False,3770.120326716857,122.51341842796629,2,0.9812321383046686,1.0000000000394684,0,0.0,0,2.0904704171649797,-2.7513763707499344
24,0.5417480502983285,102.12290397114788,True,2697.5479036116144,0.370450336000431,0.00039989999640965834,True,True,2844.8880831864303,72.61332664318986,0,0.9908896199580314,1.0267970263957977,0,7.925906178840592e-05,0,0.9219527028462124,5.462048855945351,True,True,86.23712921813971,0,0.9960866741125428,1.0499999823911956,0,0.0,0,1.29280411216277,4.235080413891075e-05,True,True,2788.2735439804705,92.03754970386959,0,0.9793199107921019,1.0000000000684723,0,0.0,0,1.462693381979122,3.3633071391857
25,0.7067849653369822,132.52791324320214,True,4702.759386095389,0.2913472250002087,0.00044049999996786937,True,True,4804.67774934229,82.38935578808655,0,0.9896823603236714,1.0367744386196136,0,0.0,0,1.926741438144461,2.1672145412596766,True,True,82.1421527282983,0,0.9789910708214555,1.049975255676999,0,0.0,0,1.8415110702728157,1.0864599885820448e-05,True,True,4748.71456225358,84.53640648706097,0,0.970024517768833,1.000000000028561,0,0.0,0,2.064634204286449,0.9772069611493277
26,0.6384780165952335,123.78830882904037,True,5000.880025746375,0.3218357459991239,0.00042519999988144264,True,True,5201.197013350181,87.86198116502071,0,0.982040646276658,1.0283428251743316,0,3.5915043465450935e-05,0,1.1219527241383673,4.00564785940893,True,True,99.99983051365892,0,0.9849401235693517,1.049993482930869,0,0.0,0,0.9226741494643136,1.2614386866894722e-05,True,False,5039.0390886493105,105.62950635607014,1,0.9750422715953841,1.000000000041921,0,0.0,0,1.2163069177549062,0.7630596685055422
27,0.7008251042781244,134.71867751302207,True,6564.907828468774,0.36033997099912085,0.00040669999725650996,True,True,6806.528980678459,86.04909188130208,0,0.988257800583968,1.029509198665619,0,0.00010343073572016692,0,1.3329871490622622,3.6804957295193312,True,True,99.99999807946067,0,0.9604238905532229,1.049999976928371,0,0.0,0,1.7740625718404885,9.400968465368776e-10,True,False,6603.117100759231,111.1312692298968,1,0.9719615916165812,1.0000000000348714,0,0.0,0,1.873244202233309,0.5820229826660792
28,0.8766346173142936,165.07690208965977,True,9013.139368701168,0.470084422000582,0.00044669999624602497,True,True,9527.79230923886,94.69287151904246,0,0.9875257730381833,1.0316870719194413,0,0.0,0,2.1820142292383196,5.710029870734689,True,True,99.99999317172217,0,0.9729698828910579,1.0499999455389029,0,0.0,0,2.751671110689756,1.0187137746870968e-07,True,False,8791.902444737325,115.55983757282438,3,0.9645548746337739,1.0,0,0.0,0,3.0488025303570225,-2.454604394287669
29,0.857729553450769,162.1941397248241,True,8474.319187049634,0.5289931789993716,0.0004123999970033765,True,True,8626.360860012923,99.75176107746688,0,0.9865039143285276,1.0333838969469071,0,0.0,0,2.47587563761104,1.7941515268352979,True,True,99.99999194090424,0,0.980706457696438,1.0499999003784244,0,0.0,0,2.657476913394987,5.26432949087508e-06,True,False,8401.843711530033,149.9321764256524,3,0.9581893369793654,1.0000000000134257,0,0.0,0,4.427025986313737,-0.8552313362189635
30,0.7437621783834848,140.502789695958,True,8508.662172093935,0.5229446880002797,0.000450699997600168,True,True,8831.571621073328,89.64961025819666,0,0.9931319992450511,1.0364456951618195,0,0.0,0,2.029669837767898,3.795067221258846,True,True,99.99998368449809,0,0.9869609931166956,1.0499998504268329,0,0.0,0,2.362995617674528,9.216308109420426e-10,True,False,8485.300570082336,138.26713407410224,2,0.9723454820368124,1.0000000000000002,0,0.0,0,2.881093809872283,-0.27456257471374523
31,0.7164767475176828,137.86723549227514,True,5598.0644046321895,0.4748598869991838,0.00044860000343760476,True,True,6168.493188920399,94.45281601828948,0,0.9869426932377112,1.0333777785301208,0,0.0,0,1.6562538342877815,10.189750299334149,True,True,99.99999954615505,0,0.9500000125149219,1.0499999941488656,0,0.0,0,2.1756684037719367,2.2650186686960016e-09,True,False,5521.88028167274,108.58280506715272,1,0.9723596997058156,1.000000000010948,0,0.0,0,1.987581472614977,-1.3609011495355097
32,0.733043763821327,137.73105113553848,True,8454.907997814415,0.4984386519990949,0.0004056999969179742,True,True,8833.278240993805,89.65791524902819,0,0.9923896098694884,1.028810703754425,0,0.0,0,1.6355016641810778,4.4751602568805255,True,True,99.99999308350091,0,0.983509063204561,1.049999827396404,0,0.0,0,2.6802918856171516,4.973177587687253e-06,True,False,8461.790828185423,110.0621934458063,1,0.9719974980861114,1.0,0,0.0,0,2.8844802523635167,0.08141130799617359
33,0.5312976339293847,103.53881014461183,True,3109.144425559754,0.3921126129989716,0.0004023999936180189,True,True,3234.7179112655535,61.00579963769258,0,0.9932034071843389,1.032177537679672,0,0.0,0,1.5390667789913977,4.0388450409270815,True,True,63.94986268917029,0,0.9771526721878081,1.0290240777326272,0,0.0,0,2.0153176824994574,1.2285825968921965e-06,True,True,3111.787239973445,64.25196550532061,0,0.9741545815781708,1.000000000055347,0,0.0,0,2.093612331171002,0.08500256928694748
34,0.7809505151641187,146.0204237376433,True,8773.038225007585,0.4662779149984999,0.00040529999387217686,True,True,9541.831644708585,94.0109832340389,0,0.9853263948031217,1.0292033344507217,0,0.0,0,1.8051047384101366,8.76313890782414,True,True,99.99999644677966,0,0.9500000696594264,1.0499999619839036,0,0.0,0,2.3622094807376754,1.1150157332240763e-06,True,False,8666.791397140372,109.78461630469252,1,0.9693167314268715,1.0000000000689244,0,0.0,0,2.201374238246018,-1.2110597093748972
35,0.846352555909513,156.43323165796966,True,6274.161038528138,0.4669671510000626,0.00040050000097835436,True,True,6690.5794328205475,78.10781810464145,0,0.9892109700128683,1.0325452208518981,0,0.0,0,1.7944210301075714,6.637037075533549,True,True,99.99999262645899,0,0.9790328163330209,1.049999814877396,0,0.0,0,3.097486148036097,2.0004311026476099e-10,True,False,6266.993164779879,107.58450986205264,1,0.9690344140072549,1.0000000000036022,0,3.4945996485336224,0,3.494599648533608,-0.1142443378757095
36,0.5574324237367646,103.5180669369763,True,5653.987861272106,0.24791090000144322,0.00031510000553680584,True,True,5693.32717865718,60.73485002857827,0,0.9991208445821453,1.028210163116455,0,0.0,0,1.2651417934301747,0.6957800030695602,True,True,62.99529803530003,0,0.9793767278837322,1.027657493782333,0,0.0,0,1.600813588795944,-8.261652700260319e-09,True,True,5662.939208185997,64.0191474955688,0,0.973622418504035,1.0000000000809486,0,0.0,0,2.0806599191348027,0.15831916632422116
37,0.7920518197044097,148.0813861688643,True,6222.28650080231,0.3030473719991278,0.0005334000015864149,True,True,6611.266128825667,91.67992000516773,0,0.9839995572450414,1.0356280744075776,0,0.0,0,2.5579596258563697,6.2514274013985345,True,True,95.21763523588459,0,0.9688833582592848,1.0497732016225958,0,3.999070676741212e-05,0,2.455313853348315,3.1692587774912164e-05,True,False,6192.863129921849,96.09590883206857,0,0.9675464830352696,1.0000000000000002,0,2.750566358748813,0,2.750566358748813,-0.4728391757288011
38,0.8882336884466284,166.17963712902724,True,5144.4309071881025,0.345787594000285,0.0004808000012417324,True,True,5575.467767802996,92.71616550023425,0,0.9864592599041704,1.0317949950695038,0,1.628732387004561e-05,0,2.493243078625113,8.378708323924318,True,True,99.99999028700803,0,0.9724724205701483,1.0499999612363649,0,0.0,0,2.6634006709692812,4.3425441536265547e-10,True,False,5345.733114617877,130.6021597625328,4,0.9630379848053391,1.0,0,0.0,0,3.804009772189545,3.913012169562175
39,0.5723902185240703,107.39568830931613,True,3150.893714620698,0.3400514939985442,0.0004561000023386441,True,True,3218.419284721017,90.7905995153531,0,0.9845242607390564,1.0317766308784484,0,0.00023856480651218703,0,1.8130953089205235,2.1430610885885155,True,True,93.90487346362029,0,0.9958653254097409,1.049999731640251,0,0.0,0,1.5842306976962988,2.1875641258392717e-07,True,False,3313.786081773279,113.29036014913004,1,0.9786799400228682,1.0,0,0.0,0,1.8514812467172135,5.169719741603828
40,0.6090521664502169,111.78530837504117,True,4048.619444693111,0.4019138240000757,0.000451300002168864,True,True,4197.846795594001,93.27254780311107,0,0.9897087654113476,1.0242710992693902,0,0.00036128601196239174,0,1.5047730491223064,3.6858904843786386,True,True,100.00000107263054,0,1.0000000000251887,1.0499999706562329,0,0.0,0,1.822189590692247,7.812570874744215e-06,True,False,4053.311111041016,110.66174204021047,2,0.9797648712021488,1.0000000000251887,0,0.0,0,1.7774739643267168,0.11589093714052605
41,0.8718446169914569,160.8961422219656,True,8866.994296511979,0.3028286680000747,0.0004372000039438717,True,False,9020.13947320406,100.99179226253017,1,0.993860148156538,1.039528864622116,0,0.0,0,2.7872720802462254,1.7271374781951643,True,True,99.99999943671872,0,0.9829427788833665,1.0499999961631636,0,0.0,0,3.115624530074541,5.534730647521125e-08,True,False,8690.671128218399,111.3868826708575,2,0.9630636717053628,1.0000000000013904,0,3.7951338896015443,0,3.7951338896015443,-1.9885336291790368
42,0.8788003372350047,166.01971864687278,True,5668.866334996229,0.3131986030002736,0.00045279999903868884,True,True,5996.965941116059,93.49142480537826,0,0.991447176165872,1.0386277049779895,0,0.0,0,3.053565742694559,5.787759901638957,True,True,99.67273843362577,0,0.9677919848737894,1.0499995727248843,0,2.177195005970134e-05,0,3.0475568097745622,1.278137309672036e-05,True,False,5604.4907414816735,102.32665958047298,2,0.9654135328498404,1.0000000000192018,0,3.469414877853154,0,3.469414877853154,-1.1355864361498738
43,0.6136827575546075,112.88135665712518,True,4580.867269097753,0.28903298799923505,0.000392699999792967,True,True,4915.306083518112,91.43656219116735,0,0.9872670920730479,1.0273128569126129,0,0.0002516045531208988,0,1.2833298173846686,7.300775051948208,True,True,99.99999482805836,0,0.9589855556492024,1.0499999256095713,0,0.0,0,1.573447784484273,6.607736972496318e-09,True,False,4654.2532783822835,103.92470746921842,1,0.9762251238592297,1.0,0,0.0,0,1.4861890771576753,1.6020112629573224
44,0.8681774149343826,163.52118866750365,True,5517.55411175317,0.24597611900026095,0.0003980999972554855,True,False,5984.94275881027,101.2195853682119,1,0.9875396581078475,1.0391591399908067,0,0.0,0,2.2055163056249683,8.470939078230078,True,True,99.99999507919006,0,0.9564952322371252,1.0499999691011586,0,0.0,0,2.4752408927223826,5.979842232228972e-09,True,False,5120.410768127865,121.91365952826526,3,0.9637282707098677,1.0000000000408342,0,0.0,0,2.502953655591341,-7.197815105666867
45,0.7876068039784064,144.93211342558027,True,7159.589195343806,0.2722977160010487,0.0004158000010647811,True,True,7490.645323241956,89.80231649566294,0,0.988747532165344,1.0330527842044828,0,0.0,0,1.972865061246523,4.623966184318426,True,True,99.99937798824968,0,0.9807405536470225,1.049899318207605,0,0.0,0,1.943802707737774,1.1419986208510254e-05,True,True,7186.327088535314,99.22596860752377,0,0.9679983676036003,1.0000000000000002,0,0.0,0,2.0455060214756884,0.3734671520882784
46,0.7692679657682624,146.83981339455818,True,7031.9118730229575,0.32878913000058674,0.0004487999976845458,True,True,7619.018736937972,91.79320601562662,0,0.9831690604966336,1.033910048007965,0,0.0,0,2.1052216757858844,8.349178353362447,True,True,99.99999921601749,0,0.9644956435462815,1.0499999969655325,0,0.0,0,2.789127008804911,1.961154862579566e-10,True,False,6935.624655277599,140.5298042455595,3,0.9727203164413617,1.0,0,0.0,0,2.903275838487218,-1.3692893123582817
47,0.8342587762824446,155.0446003889774,True,5880.704593029639,0.3193778969998675,0.0005335999958333559,True,True,6100.036805362107,91.95263861617308,0,0.984554154437367,1.0383888900279998,0,0.0,0,3.868513258488832,3.7297179071439777,True,True,99.99999493772023,0,0.9691476833190287,1.049999941359029,0,4.179014760552491e-05,0,4.092497255903993,2.4261165041996996e-05,True,False,5505.667366992697,149.8059586573663,2,0.9644801525583243,1.000000000012912,0,4.724557183439202,0,4.724557183439202,-6.377397204110936
48,0.8499338683455632,162.22055814894824,True,7267.393500428551,0.34128186700036167,0.00040129999979399145,True,True,7655.391483769804,92.16208022062007,0,0.9863847421137142,1.0305549800395966,0,2.0616532243167285e-05,0,2.3902785723234956,5.338912860177389,True,True,100.00001018584695,0,0.9835216147101676,1.0499999892772611,0,0.0,0,2.747962903176557,2.381135996619933e-05,True,False,7068.085878019586,128.54390179028883,4,0.9663271002451997,1.0000000000340359,0,0.0,0,3.5733915350377856,-2.7424679754831143
49,0.8909542254818043,170.6872059940235,True,10297.632544440678,0.2747061819991359,0.0004437000025063753,True,False,10670.372803850292,102.14724297109068,1,0.9867852761915532,1.0319640457630157,0,0.0,0,2.1926856136707613,3.6196694512219465,True,True,99.99999966531496,0,0.9817869573962823,1.0499999969721927,0,0.0,0,2.273585579560745,5.564207691857377e-12,True,False,9305.129917189543,159.50180080163702,3,0.9640290075396075,1.0000000000078455,0,0.0,0,3.046623936427153,-9.638163169712575
50,0.782926619346682,150.22691165299054,True,10316.671224048127,0.2833882390004874,0.00045649999810848385,True,True,10790.962780513322,92.86888644717372,0,0.9908246593910012,1.034025424718857,0,0.0,0,2.3441403451745657,4.597331311708086,True,True,99.99999846468509,0,0.98263001507637,1.0499999882307987,0,0.0,0,2.3923678746678547,4.0725362213091017e-10,True,False,10261.406126948328,123.32810795261841,2,0.969322927975938,1.0,0,0.0,0,3.193347053948685,-0.5356872954251528
51,0.768339206011561,153.21059525222185,True,7680.132218341983,0.30563133000032394,0.0003958999950555153,True,True,7884.815036815645,85.72988427169156,0,0.9935739293708584,1.0343059718608856,0,0.0,0,2.3678927281207223,2.665123487141509,True,True,99.99999331794821,0,0.9759857224390132,1.0499999345683628,0,0.0,0,2.7438649099468364,2.776375707926856e-05,True,False,7665.456902521056,133.8871945781914,2,0.9670568763483853,1.0000000000408535,0,3.7983143959389167,0,3.7983143959389167,-0.19105384106605758
52,0.6726179030831101,126.68967859457275,True,4899.798012776947,0.2820672339985322,0.0004031999997096136,True,True,5225.858437584872,86.32729950879113,0,0.9937143867139537,1.0325103044509885,0,0.0,0,1.967845935997488,6.654613574622636,True,True,89.79816478387951,0,0.9676859207589312,1.0462693251577013,0,0.0,0,3.160490532116242,4.207690364817734e-05,True,True,4906.257757924319,90.91421007543346,0,0.9625435061475407,1.0000000000369096,0,0.0,0,3.295417102113632,0.13187910056437663
53,0.6916925861953679,129.33833502809853,True,6986.106545615965,0.39515340400066634,0.0004408000022522174,True,True,7388.034001528069,93.66895952066957,0,0.9847669819982654,1.0307690382003782,0,0.0,0,1.9370527728446234,5.75323972624548,True,True,99.99999802320835,0,0.9885657264307022,1.0499999891068756,0,0.0,0,2.370588467125515,1.6081537435671386e-08,True,False,6999.492584730295,136.40999180080934,2,0.9752527950577592,1.0000000000486302,0,0.0,0,2.7001770433286367,0.19160944873301536
54,0.6793885561977572,128.77572717315155,True,6610.701844731763,0.3021972279984766,0.00040049999370239675,True,True,6894.862181702043,90.45468713056931,0,0.990178381284069,1.0272044599056245,0,0.0,0,1.7048260622405849,4.298497933532559,True,True,99.99999500510621,0,0.9802084680186185,1.0499999415870385,0,4.474559659684019e-06,0,2.7622332308147577,7.907591181222474e-06,True,False,6356.191057733267,143.55213897804842,2,0.9733911588325123,1.0,0,0.0,0,3.621078927560063,-3.8499737297896446
55,0.7309712648738527,138.12405784789675,True,4254.54430026979,0.30718976800017117,0.0004091000009793788,True,True,4391.267453211527,70.22174919851342,0,0.988816541438174,1.0333511739969254,0,0.0,0,2.541750370589938,3.213594863344595,True,True,84.43728448793587,0,0.9722454737318745,1.0498591608006953,0,2.1215766537352465e-05,0,2.6700919102518696,1.5124345317898726e-05,True,False,4188.240353132841,79.22386663111163,0,0.9720490594426875,1.0000000000173597,0,2.9447426921703936,1,2.9447426921703936,-1.5584116420837626
56,0.6610678751358486,122.06946726326035,True,5582.192082377416,0.38726898599998094,0.00044329999946057796,True,True,5860.908389648649,92.19694824619114,0,0.9949101411658141,1.0354316890239716,0,0.0,0,2.3953296945182245,4.992956371826999,True,True,90.64740743083057,0,0.9736918655101263,1.0421584407290958,0,8.760690377584979e-07,0,2.502677550587137,1.842606050734153e-06,True,False,5532.532841497308,90.67652852676848,0,0.972933782589937,1.0000000000659623,0,2.8045564323413856,0,2.8045564323413856,-0.8895992506974715
57,0.8332823160513976,158.0018949153333,True,6990.397013726182,0.5748573649998434,0.00043340000411262736,True,True,7863.60242189345,93.53517229873891,0,0.9883078012960885,1.0408084452152253,0,0.0,0,2.248599769823983,12.491499510424024,True,True,99.9999869957946,0,0.9743920800797979,1.049999886357028,0,0.0,0,3.4825905187826436,7.363470221407768e-09,True,False,7002.159509932259,103.54752783091483,1,0.9614899304484552,1.0000000000377778,0,0.0,0,3.658039564231842,0.1682665047290246
58,0.8027698358190112,151.4637224438593,True,7788.727745059464,0.37167956400116964,0.00042799999937415123,True,True,8162.2967415546855,92.09179730825888,0,0.9891816566029304,1.0365076422691348,0,0.0001023272466476044,0,1.7859906935795493,4.796277582987365,True,True,99.99999112768177,0,0.9500001046370498,1.0499999535194096,0,0.0,0,2.1964618387993937,7.76862555441219e-08,True,False,7623.445483279769,121.8212529635419,2,0.9679599110487982,1.0000000000326914,0,0.0,0,2.2859500323987447,-2.122070012810076
59,0.6306961482854291,120.99017790765329,True,7114.143128934531,0.4521381289996498,0.00039969999488675967,True,True,7347.432675446366,91.50908402104976,0,0.9919407633900875,1.0337791949510575,0,0.0002183929167642873,0,2.573331866710646,3.2792369394177006,True,True,99.9999582010607,0,0.975157159402366,1.0451467186859784,0,6.381856110238004e-07,0,2.7376221404662004,8.560164445489823e-07,True,False,7055.87482574935,114.96226837998209,2,0.972590162706668,1.0,0,3.150869741541328,0,3.150869741541328,-0.8190479405558295
60,0.7919297641435528,148.6543799835271,True,11172.329170305547,0.48382809099894075,0.0003589999978430569,True,True,11450.299816224962,95.24409073304219,0,0.9897602298343848,1.0288841784000398,0,0.0,0,1.923440947544293,2.4880385022981253,True,True,99.99999509746469,0,0.9641751558214685,1.049999976424292,0,0.0,0,2.447603459447606,1.0527595706368422e-05,True,False,10269.275435806765,160.23626366330706,2,0.9692670918918378,1.0000000000516676,0,0.0,0,2.7578840465442624,-8.082939910069667
61,0.5040592574122444,98.13686770200646,True,4406.110871684177,0.4281276009987778,0.00039229999674716964,True,True,4606.9678516775475,87.65119709562772,0,0.9823016018077305,1.0284749031066895,0,0.0,0,1.1468020248328088,4.558602587929043,True,True,92.07070057548933,0,0.9945734408505773,1.0455181054238567,0,0.0,0,0.821918300446228,2.2624479032670313e-06,True,True,4427.2681076461195,90.76391393522591,0,0.9792438255272864,1.000000000032454,0,0.0,0,0.9287888974800325,0.48018165549451025
62,0.8174688757406399,156.5393923337523,True,5337.630754195554,0.3207620950015553,0.00043989999539917335,True,False,5040.195171239155,103.92999757802922,1,0.9894202875782873,1.041807222366333,0,0.0,0,2.7125849020289365,-5.572404155854897,True,True,100.00000288032194,0,0.9823971806367294,1.049999997562769,0,0.0,0,3.288663371445409,2.430432504137174e-05,True,False,4750.315860939853,109.71835708922812,1,0.9600015752180352,1.000000000031137,0,4.124245315443176,0,4.124245315443176,-11.003266538470186
63,0.8938192431915295,164.50036267204817,True,7653.91270124574,0.3306138009993447,0.00038700000004610047,True,True,8108.5981200696115,96.25554674901962,0,0.9881197807421579,1.0371432811021808,0,0.0,0,2.3054243093835396,5.9405632407663305,True,True,99.99987248622446,0,0.972166740802574,1.0499990679772457,0,0.0,0,3.087457051082424,1.3021570059298016e-06,True,False,7665.460473914329,102.06076663068482,2,0.9619180097897008,1.0000000000000002,0,0.0,0,3.2425134882374493,0.15087541412694233
64,0.6475774874875769,124.00221957758862,True,4821.792819527738,0.34054750299947045,0.0004415000003064051,True,True,5150.317242457322,94.36562151152987,0,0.9936572963693703,1.027897447347641,0,0.0,0,1.944874375086286,6.813325151745292,True,True,99.99999908232915,0,0.9696541263835473,1.0499999886802838,0,0.0,0,2.4371695237498443,1.620826166710517e-10,True,False,4558.813984858174,122.97051105157301,2,0.9730569845539939,1.0000000000000002,0,0.0,0,2.3718926418669213,-5.453963795315702
65,0.6289757503553227,120.77687316301872,True,5096.508915314377,0.26632512799915276,0.0004048000046168454,True,True,5161.005295118673,82.45821070596111,0,0.9926872593855908,1.0274051249027252,0,2.7620230230951393e-05,0,1.6403297254917533,1.2655022764375456,True,True,82.22633943910984,0,0.9848024411740993,1.037322602738487,0,0.0,0,1.7931129077891796,1.0954813499236707e-06,True,False,5167.044698354674,113.28710207034251,2,0.9747093259692465,1.000000000012,0,0.0,0,2.4455343097184254,1.3840030659488658
66,0.6250180854261029,120.0592454453391,True,4165.591392793,0.29600959200070065,0.00040180000360123813,True,True,4403.434163437099,70.37387910001257,0,0.9956872918368483,1.0286843478679657,0,0.0,0,1.9008710057068896,5.709699983000038,True,True,80.31288242066768,0,0.9742035928603104,1.0298283563293145,0,0.0,0,2.204235168790831,9.130445260513782e-09,True,False,4093.4525771013864,74.46366686155429,0,0.9739524562830468,1.000000000053564,0,2.3896873067163114,0,2.3896873067163114,-1.731778480305871
67,0.5698083041822272,108.52700795374024,True,6936.851822032149,0.26732513699971605,0.00035740000021178275,True,True,7009.2749514097295,64.60579786955878,0,0.995830714248909,1.034144139289856,0,0.0,0,2.202052952073643,1.0440345485039835,True,True,68.17707179511088,0,0.9691524984300476,1.0282048844190446,0,0.0,0,2.6425426130388274,3.1809787958988174e-09,True,False,6936.575178719892,68.20438747179568,0,0.9721026795247806,1.0000000000230185,0,2.8120666821152724,0,2.8120666821152724,-0.003988020772295191
68,0.7202379234030007,135.36071819103614,True,5277.528600836518,0.37311115999909816,0.00039620000461582094,True,True,5410.267036832142,80.33536396784018,0,0.9844597322150435,1.0323424994945527,0,0.0,0,1.9957381406424588,2.5151697507921336,True,True,82.99761504631738,0,0.971468034526074,1.0483291770375684,0,8.477176720589341e-06,0,2.409983503476411,6.78269698839397e-06,True,False,5270.118861547452,83.57636796159548,0,0.9715152374896477,1.0,0,2.7065789914438483,1,2.7065789914438483,-0.1403949157508782
69,0.6866626809156858,130.093614442197,True,4279.726331177547,0.3142715229987516,0.0004454000008990988,True,True,4280.469689194199,72.165767528677,0,0.9918362309089502,1.039200496673584,0,0.0,0,3.26649484072351,0.017369783402036404,True,True,74.5598760182904,0,0.9669098004114691,1.0415087210913732,0,0.0,0,3.4982704707651067,4.947418024729041e-07,True,False,4284.568576139885,75.01570969522396,0,0.9666289185609974,1.000000000052702,0,3.718817398564113,0,3.718817398564113,0.11314429440533945
70,0.8192529073207373,151.82196673514028,True,7111.512459011062,0.2927977979998104,0.00039480000123148784,True,True,7289.478728699383,92.3460584644094,0,0.9868545176426844,1.0365864723920826,0,3.271340838395531e-05,0,2.1840406740035974,2.5025094461926924,True,True,99.99997496515289,0,0.9767362259033098,1.049999480887657,0,0.0,0,2.1546390073026203,1.8733857092912965e-08,True,False,7138.780011214126,104.39043637226162,1,0.9679808524390797,1.000000000026125,0,0.0,0,2.21429184731727,0.3834283311404724
71,0.7376368892858334,140.21255673222015,True,5721.180996710899,0.3081954069984931,0.000393600006646011,True,True,5854.031724309242,93.88763468050728,0,0.991777811921683,1.0363043606281281,0,2.310319235121483e-05,0,1.7535841003578128,2.322128224221952,True,True,99.99992771658128,0,0.9803565396526854,1.049621781247847,0,0.0,0,1.8555392804601922,4.15283896316842e-05,True,False,5784.979351282369,101.23869251688049,1,0.9697125502007783,1.0,0,0.0,0,1.9402672343773872,1.1151676029287265
72,0.7003097668482472,135.7097070012215,True,7902.280979332469,0.5056811809990904,0.0004326000052969903,True,True,8081.366956411047,91.2763071930569,0,0.9916828651626588,1.0283220171928407,0,0.0,0,1.673928773278675,2.266273267318553,True,True,99.9999976580192,0,0.992934639184242,1.0499999697937825,0,0.0,0,2.0799409319144786,1.613915615113158e-05,True,False,7727.71855897538,145.78125055186433,2,0.9722781779245876,1.0000000000554938,0,3.9356892602705926,0,3.9356892602705784,-2.2089972961613085
73,0.7594706641057967,147.58805305882495,True,4219.595693173464,0.3572580609998113,0.00044460000208346173,True,True,4451.354029220076,90.67613004115846,0,0.9941611235256534,1.0367551267147062,0,0.0,0,2.7277946430567965,5.492429914607317,True,True,99.9999977435585,0,0.9784222915337458,1.049999970434208,0,0.0,0,3.323030391143078,1.8135811880524144e-09,True,False,4196.240478528238,111.8161135742888,1,0.9680085076584493,1.0000000000617082,0,0.9614026683155998,0,3.3733496094906457,-0.5534941323148084
74,0.8403869257350054,157.29744993298192,True,5195.571862741178,0.3069508850003331,0.0005270999972708523,True,True,5217.435797278851,94.3037496942795,0,0.9830306911169454,1.0371540844440463,0,0.0,0,4.935779835761309,0.4208193363389629,True,True,96.73658476768948,0,0.9602170814309396,1.0499967575853382,0,0.0,0,5.017866711025789,6.994648234207374e-07,True,False,5167.5438071825465,97.98267969276718,0,0.9558929685555756,1.0000000000777716,0,2.691815286830831,0,5.394365353848912,-0.5394597583083511
75,0.8344313779726888,157.70025930474367,True,6613.091644354001,0.275742674999492,0.00044609999895328656,True,True,6814.115270448849,95.56986925162924,0,0.9814941578114753,1.031462800502777,0,0.0,0,2.602389918239453,3.039785418775202,True,True,99.9999935667647,0,0.9816890530124864,1.0499999478996538,0,0.0,0,2.63077705107645,2.4866099223119426e-06,True,False,6655.282256944408,133.123757942891,2,0.9695259730413482,1.000000000065022,0,0.0,0,3.1375716824711617,0.63798871012678
76,0.848998798903061,165.6469050260541,True,11952.45562926642,0.42316683900025964,0.0004411000045365654,True,True,12354.21004978147,88.49585626914819,0,0.98846065364178,1.035238927602768,0,0.0,0,3.03635135672522,3.361271269005117,True,True,97.51443155529336,0,0.9703657224408249,1.0499997535677348,0,0.0,0,2.6113680772408543,2.95381631384642e-07,True,False,12009.849408461841,100.78219995149851,1,0.9608804120092309,1.000000000050049,0,0.0,0,4.099297985857987,0.4801842939268284
77,0.6997075199296647,129.20892630480182,True,7344.741850488418,0.3010273660001985,0.00035770000249613076,True,True,7557.5542983139685,90.46668011037937,0,0.9892058680779565,1.0257162153720858,0,0.0,0,1.8763816589165287,2.897480321046849,True,True,99.99999524130729,0,0.9905121597746042,1.0499999620889542,0,0.0,0,2.05344235343091,2.5458549214024816e-08,True,False,7238.446767646869,160.05968605197137,2,0.9732009732627043,1.0000000000660008,0,0.0,0,2.667583134487245,-1.4472269163779619
78,0.520407532841122,92.1565430283351,True,3210.4408124745582,0.26854974900015804,0.0005213000040384941,True,True,3440.871900722367,60.52163745638798,0,0.9964096152488223,1.0253281533718108,0,1.0291588889543846e-05,0,1.0573706813973303,7.177552991416966,True,True,56.87495120722736,0,0.9830351130508712,1.024618257051597,0,0.0,0,1.1775787688511485,6.758838803228874e-08,True,True,3240.079194949601,57.32810275004616,0,0.9776583485256505,1.0000000000710358,0,0.0,0,1.2517961658514025,0.9231873875324712
79,0.6964611514349243,133.282266471694,True,6032.074569218644,0.3258367190010176,0.0004870999982813373,True,True,6261.104200787514,85.46788230765569,0,0.984723512680032,1.0329455018043519,0,0.0001562359865410201,0,1.5221863610436799,3.79686340102216,True,True,99.99999775875258,0,0.9616131346116792,1.0499999740090846,0,0.0,0,1.8027736437917952,1.152474761838391e-09,True,False,6127.597956451452,107.38829131845937,1,0.9707342235610382,1.0000000000165934,0,0.0,0,1.880919412265456,1.5835909554380823
80,0.7021121774251883,137.92301273742424,True,6051.845100583311,0.34468083799947635,0.0003657000052044168,True,True,6316.423538201178,90.61958992871311,0,0.9835575594610327,1.0288467943668367,0,0.0,0,2.013604887372736,4.3718640114776885,True,True,99.9999976045909,0,0.9719092749917554,1.0499999879339292,0,0.0,0,2.286174388231018,5.777167442007782e-09,True,False,6017.86187064867,120.72080048885985,2,0.9724679069312664,1.0000000000039517,0,0.0,0,2.5637683101138293,-0.5615350198521002
81,0.5686090332569981,109.08548562623037,True,5202.221906651124,0.30496450000100594,0.0004464999947231263,True,True,5416.135263360952,79.29109257521654,0,0.9966276872181248,1.0363178223371505,0,0.0,0,2.0454180656181506,4.11196140152141,True,True,94.42442267983645,0,0.9739593724177622,1.033985549867257,0,0.0,0,2.3480353762839314,2.089266025041783e-09,True,False,5198.635378149844,98.3614310486292,0,0.974592364816261,1.0,0,1.6642364807864851,0,2.5787508545561195,-0.06894224154647839
82,0.7024424976962779,129.4416561447926,True,7658.920580314506,0.30690566199882596,0.00045449999743141234,True,True,7848.369458571298,89.90945290232216,0,0.995969302912829,1.0332546561956408,0,0.0,0,1.6762865524418942,2.4735848952748327,True,True,99.99999506830666,0,0.9509178329741207,1.0499999472131307,0,0.0,0,1.9856405579042473,1.3051869796120958e-05,True,False,7647.4041501749,106.33983836350214,1,0.9734240347157666,1.0,0,0.0,0,1.9896529049612468,-0.15035319781186277
83,0.5950818177068617,109.77832813847408,True,7331.698955840128,0.3074179160012136,0.0004279000058886595,True,True,7779.744945238807,91.07708490673984,0,0.9893003756803072,1.0231740966439247,0,0.00011077794540881314,0,1.3127987546754412,6.111080034809838,True,True,99.99999977760858,0,1.0000000000003473,1.0499999958777742,0,0.0,0,1.8714542762421473,2.1903397383961195e-08,True,False,7240.470359963362,140.92219946324687,2,0.9782165410180026,1.0000000000003473,0,0.0,0,2.476905505644879,-1.244303603303136
84,0.5250318478449909,101.19956226794889,True,5872.158586661174,0.2936253499992745,0.00044359999446896836,True,True,6000.482843918093,86.55850515185327,0,0.9921077270376426,1.0299644231796266,0,0.00043980742016103136,0,1.25909080194711,2.18531870640509,True,True,95.8582724279293,0,0.9958160802563032,1.0473868693249226,0,0.0,0,1.008891870313704,1.8711946851029197e-05,True,True,5910.78938579542,94.66955083418067,0,0.9788648869353034,1.0000000000000002,0,0.0,0,1.0777730723130077,0.6578825245927058
85,0.849364738145131,163.4119497296752,True,6354.870860085941,0.34939549199953035,0.0003947000004700385,True,True,6630.302638786963,98.03018011353953,0,0.9888214705851607,1.0343220978975296,0,0.0,0,2.4849121147629774,4.3341837280736835,True,True,99.9999994248647,0,0.9735976860200035,1.049999996371429,0,0.0,0,4.0588113572033535,8.584630891488503e-10,True,False,6168.296839374529,113.7888024167245,1,0.9519423835830152,1.0,0,5.436386970645813,0,5.436386970645799,-2.935921512273446
86,0.7495803497252905,138.92397690639922,True,5921.306475000701,0.33919059300023946,0.0003828999979305081,True,True,6068.2295590895155,83.95960299167325,0,0.9960757705462614,1.0335305333137512,0,0.0,0,1.735989272016468,2.4812612606397484,True,True,99.99995853741257,0,0.98352650603566,1.0499997685033116,0,0.0,0,1.763150488645607,-6.6060364957706435e-09,True,False,5927.931597428365,112.22154227922276,1,0.9723148446810503,1.0000000000000415,0,0.0,0,1.935340805231533,0.11188615323382131
87,0.565619865764884,109.37292556264241,True,3950.557653304868,0.33256461900055,0.000382099999114871,True,True,4112.083279723778,61.54882376174091,0,0.9930601727425492,1.0340458244085315,0,0.0,0,1.3900927682828126,4.088680719463562,True,True,63.6164358048253,0,0.9823383546824986,1.0396433625208492,0,0.0,0,1.4366199196128662,1.5238761924306489e-06,True,True,3961.025232960728,65.80327854402144,0,0.9757679096817385,1.0000000000000002,0,0.0,0,1.6362630854600582,0.26496613733060337
88,0.5222901194361198,96.29606640534445,True,2688.0440106496626,0.2747286300000269,0.00042579999717418104,True,True,2730.375814634933,48.92019691764027,0,0.995613251386856,1.0331902742385866,0,0.0,0,1.7293566253723185,1.5748186558323667,True,True,53.71542882376641,0,0.9724449051789545,1.0193358764383085,0,0.0,0,2.2395488260170566,5.336783742472065e-07,True,False,2688.2723187774236,53.47702894272819,0,0.9775477110550965,1.0000000000697715,0,2.389183343497578,0,2.389183343497578,0.008494000603577717
89,0.6195450647360395,118.52591241724043,True,4255.478482059393,0.2527418130011938,0.0003448999996180646,True,True,4299.886196883106,68.75728052289696,0,0.9972502521895787,1.0386266231536865,0,0.0,0,2.601139402924929,1.0435509674839583,True,True,71.01947559663964,0,0.9722629557439212,1.037429178742038,0,0.0,0,2.664530798627382,8.65248224028819e-06,True,True,4259.729958339008,71.58405311083463,0,0.9688329686823145,1.0000000000000002,0,0.0,0,2.770582888618847,0.09991461289060502
90,0.554503541975016,105.76452454076684,True,3939.488947677072,0.2743005640004412,0.0003983999995398335,True,True,4166.375014461193,69.62023918235703,0,0.9883431868638819,1.0280266940593719,0,1.1580585624670903e-05,0,1.3387945318856964,5.759276634098409,True,True,85.47606846890184,0,0.9828178952039615,1.0385205327999116,0,0.0,0,1.6035357731437045,-7.624528217676142e-09,True,True,4036.656365424752,83.68122017298151,0,0.9740355857864964,1.0000000000000002,0,0.0,0,1.709224508274204,2.4664980338934375
91,0.8996161180429525,166.2014930587175,True,6314.273791881295,0.38259812299838813,0.0004245999953127466,True,True,6411.244378016837,96.36811534124237,0,0.9873210334170628,1.0401867926120758,0,0.0,0,3.210381447306247,1.5357373193582864,True,True,99.99999084989803,0,0.9733089604159367,1.0499999231900716,0,0.0,0,3.262096206581276,1.1375769644346393e-06,True,False,6192.731810029434,134.31896145785282,2,0.968139127327516,1.0000000000302838,0,0.0,0,4.035361202675745,-1.9248755345554647
92,0.547851318933409,104.17672592830843,True,5049.848118307189,0.31908759900034056,0.0003221000006305985,True,True,5077.271435417987,87.79656713839282,0,0.9976515459419647,1.033625328540802,0,0.0,0,2.0915296439083306,0.5430524183042484,True,True,91.94671257900954,0,0.9762345584022397,1.0285614094794315,0,0.0,0,2.139925064747075,1.02739449478469e-07,True,True,5060.520499420593,95.66486400036982,0,0.977721899395257,1.0,0,0.0,0,2.3310158038313205,0.21134073862270536
93,0.8840181378147574,169.4068369741831,True,8348.770487831838,0.39975488200070686,0.0007110000005923212,True,True,8719.284809803321,97.28527069887116,0,0.9915721988766346,1.0367587506771088,0,0.0,0,3.2527848699747324,4.437951003531853,True,True,100.00000045474916,0,0.9678817480874027,1.0499999991318663,0,4.4686150602046837e-07,0,3.489133730957235,2.4859632300242616e-07,True,False,8268.588467575213,125.29344211975891,2,0.9687105911414265,1.0,0,3.9091315255318904,0,3.9091315489449983,-0.9604048861815253
94,0.6951085597926744,128.2873443378629,True,3943.4412798119083,0.2903261550000025,0.00036869999894406646,True,True,4201.03297505724,68.5664247260445,0,0.9932501410919548,1.038878506422043,0,0.0,0,2.420808895346539,6.532156207696222,True,True,76.71054417168781,0,0.9703302790309426,1.0426735431613932,0,0.0,0,3.088336788421657,1.1690162266064736e-06,True,True,3948.351307771801,77.42783560125875,0,0.966532502229981,1.000000000046571,0,0.0,0,3.2190180492262925,0.12451241868103981
95,0.669564896685854,120.53746006363035,True,6710.007897263365,0.29254174800007604,0.00039149999793153256,True,True,6871.574848194334,92.01516373120636,0,0.9900107508413406,1.0286414146423342,0,0.0,0,1.8006107245583962,2.407850418550905,True,True,99.99998870953833,0,0.979428416846361,1.0499998448293049,0,0.0,0,2.698402921479399,3.358888747583035e-08,True,False,6618.610953703042,142.71572920311812,2,0.9749827337359699,1.0000000000766982,0,0.0,0,3.344582249693147,-1.3620988639146154
96,0.5167945612900283,97.3191392002181,True,2898.283076716144,0.27608602100008284,0.0003830999994534068,True,True,2927.6947125796582,72.52801046022871,0,0.9914497206524249,1.0233621820807455,0,2.2483467230216547e-05,0,1.214512866902055,1.014795146838964,True,True,53.74354987593784,0,0.9840669685015427,1.0237701817874285,0,0.0,0,1.2288523648384029,4.804333476581643e-09,True,True,2939.1692894824027,54.13080845954803,0,0.9787085031801964,1.0000000000791647,0,0.0,0,1.301074914623996,1.4107046077014576
97,0.572901033931894,108.40809443719593,True,3735.906431045403,0.2822609309987456,0.000378700002329424,True,True,3884.5320387771194,66.95259450239564,0,0.9997669698436424,1.039530497789383,0,4.46861306713231e-06,0,1.520637459373603,3.9783262233484002,True,True,69.10159259206723,0,0.9821749368726341,1.0410336347209983,0,0.0,0,1.5656257241085427,2.4134035015638172e-05,True,True,3786.2278590014016,69.79755983396898,0,0.9755881609667378,1.0,0,0.0,0,1.6796983731208996,1.3469914906694855
98,0.5001514698039777,91.3337788375585,True,4168.200636916571,0.29022949200043513,0.0005335000023478642,True,True,4172.882597103061,73.68804316330714,0,1.0048630063426909,1.0361088186502454,0,4.0214921245507185e-05,0,1.188810168914273,0.11232667243735023,True,True,49.146550729734,0,0.9843871803499457,1.022408345325318,0,0.0,0,1.2252521118971487,9.79885484714255e-07,True,True,4197.196842965378,49.54230267402932,0,0.979917329625685,1.000000000029277,0,0.0,0,1.3127428783499653,0.6956538252913743
99,0.8789044388879275,169.60811306476373,True,7385.447507840578,0.30958572899908177,0.0005460000029415824,True,False,5168.034517578653,111.0136020060784,1,0.9793357196576706,1.0370595246553422,0,0.0,0,4.709275962680323,-30.024084361522196,True,True,99.99999969152361,0,0.988147491638984,1.0499999982080606,0,0.0,0,2.541797564452594,6.178524473864324e-10,True,False,4924.481362505177,121.15410907179695,1,0.9501012871657925,1.0000000000036604,0,5.793565830970067,0,5.793565830970067,-33.321828402305364
100,0.609919676409191,119.38076720218008,True,7012.582161545348,0.2988039669999125,0.0005454999991343357,True,True,7237.109505965027,91.48040658973925,0,0.9942587563913704,1.0278021156787873,0,0.0,0,1.8609964669451386,3.2018187311001993,True,True,99.9999852794147,0,0.990243662425362,1.0499998352121072,0,0.0,0,2.0935686958036968,3.903163920218214e-05,True,False,6995.987429267662,104.49967638789468,2,0.9762457283439595,1.0,0,0.0,0,2.279687262176367,-0.23660331168878904
101,0.5061590305706374,94.92101442490177,True,5678.93557435517,0.3055444729998271,0.00043480000022100285,True,True,6047.247104869341,94.39490521712604,0,0.9847791146996374,1.0296423971652984,0,0.0,0,1.567759617455522,6.485573350637554,True,True,99.99999673746048,0,0.9988664434517077,1.049999987982074,0,0.0,0,1.9253319061499496,2.8047203378118742e-08,True,False,5517.130079074948,131.57873028735517,3,0.9819268226283899,1.0000000000785931,0,0.0,0,2.421240861370336,-2.8492222109984624
102,0.6596495149536097,119.38845276578763,True,4128.6613569021565,0.28542052099874127,0.0003364000003784895,True,True,4189.828852236231,89.69453050549512,0,0.9865843886806793,1.0325707256793977,0,0.0,0,2.370923870107731,1.4815333513144264,True,True,91.00660439723185,0,0.9769641031679915,1.0319609118220696,0,0.0,0,2.147774328525699,-8.800793413341718e-09,True,True,4135.007548529529,90.6135763089644,0,0.9748977203826525,1.0000000000417113,0,0.0,0,2.3035851552674558,0.1537106271225151
103,0.6457668886032017,117.45674224751711,True,5806.938231146851,0.308578079999279,0.00039459999970858917,True,True,5966.552383516604,85.13114974293195,0,0.9832601259181256,1.0309157997369767,0,0.0,0,1.3750687387135514,2.748680639174387,True,True,94.00916264299721,0,0.9861265258844955,1.0441046864689292,0,0.0,0,1.1467229754480428,5.785350322095509e-07,True,True,5814.866228285773,92.50686868685722,0,0.9780524985769258,1.0,0,0.0,0,1.263697071534537,0.13652686604167324
104,0.8130374344626805,150.25890037327474,True,9989.214366992821,0.3082713759995386,0.00044039999920642003,True,True,10255.303727412203,93.26687315453397,0,0.9914356455780773,1.0312729567289352,0,0.0,0,2.2940559774327483,2.663784620906578,True,True,100.00037262052872,0,0.9815035650103108,1.0499990518997226,0,0.0,0,2.3098766343193518,1.750935916039913e-05,True,False,9978.44680405736,157.64439780334695,2,0.9686122048468657,1.0000000000599698,0,0.0,0,2.823577957279838,-0.10777439924550443
105,0.5423297095301447,103.7694108629919,True,5445.004050481092,0.270234736999555,0.00044580000394489616,True,True,5638.05357807019,64.31118595478075,0,1.0007421074984535,1.038858437538147,0,0.0,0,1.6243546171504306,3.5454435249519376,True,True,94.75847761337923,0,0.9761243971368646,1.0292209598756077,0,0.0,0,2.0900528594391403,2.8293549094854954e-07,True,True,5455.240532396185,98.73918595862237,0,0.9774380328740654,1.000000000068796,0,0.0,0,2.279039036914142,0.1879979749326301
106,0.5799453211996326,113.3121677132746,True,3971.0183046412862,0.25606646000051114,0.00038530000165337697,True,True,4179.231950668443,73.46864686385017,0,0.9907046947454701,1.0250777304172516,0,1.751254231763255e-05,0,1.4506645583500841,5.243331433304698,True,True,74.878697316943,0,0.9821898070089733,1.0333724840341052,0,0.0,0,1.4399376271626068,1.1873912793715192e-07,True,True,4019.1324187353644,75.94878727763255,0,0.9734349284804522,1.0000000000776155,0,0.0,0,1.5261180321973455,1.2116317572781166
107,0.6572764429388804,124.79010515423205,True,6310.620870994092,0.3597057910010335,0.00037850000080652535,True,True,6746.992597078705,94.82955488778667,0,0.9879878789979438,1.0301896065473557,0,0.0,0,1.9571628082508141,6.914877871200358,True,True,99.99999930832908,0,0.9924235193473814,1.0499999957171182,0,0.0,0,2.076262648649589,8.760699710430613e-10,True,False,5795.769584507057,133.68156050774394,4,0.9749823912736388,1.0,0,0.0,0,2.7907664089772624,-8.15848863307102
108,0.7225484177812088,135.1936326013314,True,6503.272541072955,0.2988685740001529,0.00039059999835444614,True,True,6620.13709411409,88.83516837987986,0,0.9888573037708916,1.0328231394290925,0,0.00011879784931068116,0,1.873298311673551,1.7970126843634726,True,True,99.99999665912229,0,0.9852570376643449,1.0499999563737326,0,0.0,0,2.234202167019504,1.1996832033784222e-06,True,False,6495.682379021638,108.70691572309386,2,0.9729927491135556,1.0000000000734153,0,0.0,0,2.3978695516282755,-0.11671176435818015
109,0.8596056864865118,165.14334328467828,True,10483.52889471206,0.3327153130012448,0.00042969999776687473,True,True,10740.565806171939,91.78476086747193,0,0.9852422636887286,1.0377603739500048,0,5.394070049646871e-05,0,2.5260588761271947,2.451829059886209,True,True,99.99999637565222,0,0.9822407290891088,1.0499999807872278,0,0.0,0,2.8269468094567856,1.2070893314408466e-05,True,False,10520.368615038999,135.5471932617139,2,0.9668875907431825,1.0,0,0.0,0,3.213835523409273,0.3514178345804187
110,0.7811018548424231,145.64469454006212,True,5152.84714924728,0.4212073420003435,0.00042749999556690454,True,True,5637.093894067955,96.16787076405593,0,0.9897059860722246,1.0306809067726135,0,0.0,0,2.0192183496359632,9.397654001993192,True,True,99.99999635726655,0,0.965085025714138,1.0499999542371319,0,0.0,0,2.5213128990774862,2.691375789557907e-08,True,False,4789.647923454921,158.32543614299996,2,0.9694890148956229,1.0,0,0.0,0,2.7129736938057647,-7.048515393210153
111,0.5373875325188515,100.27235337634129,True,3846.0026219912975,0.3651799600011145,0.0003836999967461452,True,True,4223.557151393551,80.71158729437656,0,0.9851795732247053,1.028270959854126,0,3.0558602194474815e-05,0,1.2584054791466457,9.816803960011406,True,True,99.99999570144062,0,0.9984811558077367,1.0499999543095186,0,0.0,0,1.4972775641000453,1.9641099374880505e-07,True,False,3834.765566632539,119.44826097785067,2,0.9827357125644023,1.0,0,0.0,0,1.9685558679246071,-0.2921747313068445
112,0.6973786362638924,129.23049592438488,True,8056.273022036314,0.343936274999578,0.0003816999960690737,True,True,8228.951293614668,73.18520262289627,0,0.9917275378278169,1.0367444157600403,0,0.0,0,2.1474943379182037,2.1434196324834676,True,True,77.19939966129908,0,0.9723453408074701,1.04742192083442,0,1.903646516154822e-05,0,2.364383960050219,1.7815422517129707e-05,True,False,8056.178214448493,82.10815570115062,0,0.9712273260855111,1.0,0,2.9527121028344965,0,2.9527121028345107,-0.0011590017540049952
113,0.8634976933593355,167.1121107830322,True,12919.306542614204,0.3336853799992241,0.0004245999953127466,True,False,12612.59854436879,107.72198481925301,1,0.985663682606269,1.0430051863193515,0,0.0,0,2.464264919560634,-2.3740282891140367,True,True,99.99999957435767,0,0.9873836329256722,1.0499999975643823,0,0.0,0,2.461948476788706,4.8890737901669156e-08,True,False,12582.066056499309,109.97624263082722,1,0.9620955470085154,1.0,0,0.0,0,2.6973092880582215,-2.6103605394844216
114,0.8876898352492546,166.13080117120714,True,5280.16297060582,0.2723563950003154,0.0003842000005533919,True,True,6099.106981939672,89.20499000131224,0,0.9839304793662625,1.035149699449539,0,2.9718519588328718e-05,0,1.6065996052521712,15.509859743048615,True,True,99.99191922463179,0,0.9760985484322873,1.0499966069220685,0,0.0,0,2.1798171364193024,3.048989804728758e-05,True,True,5324.659537499526,99.30352768169807,0,0.9663891278693589,1.0000000000000002,0,0.0,0,2.3749885039034098,0.8427427453411447
115,0.6833170248522838,135.32547460406332,True,12861.497548743404,0.34263008200105105,0.0003786000015679747,True,True,13347.75065232136,86.6929840393889,0,0.9921008221573839,1.0336161643266677,0,0.0,0,2.1205954197938297,3.780690119478121,True,True,99.61123261255612,0,0.9626657734444123,1.0499194106769758,0,2.027348173783139e-06,0,3.892205239515988,1.9738479820693727e-06,True,False,12833.216228128944,100.69854185009011,1,0.9595824624407162,1.0,0,4.132815966734,0,4.132815966734,-0.21988938068136316
116,0.855613653350868,158.18134438889976,True,7896.231983210741,0.2948451030006254,0.0003874000030918978,True,True,8346.681889355668,90.73755735617989,0,0.9891167020421379,1.0321094214916229,0,0.0,0,2.312181657859753,5.704618447984037,True,True,99.99999869312371,0,0.9895923362209493,1.0499999865999787,0,0.0,0,2.655575852105301,3.1740616853434144e-09,True,False,7539.649097661483,130.80665487385434,4,0.9680615702305301,1.000000000002884,0,0.0,0,3.460285530406054,-4.515861312941726
117,0.7202879711829782,137.14237701437457,True,7804.244611807207,0.28926317100012966,0.00038019999919924885,True,True,7883.341387133095,90.75050661573661,0,0.9901618957608701,1.0368863463401796,0,5.92881734888806e-05,0,1.7900332365914267,1.013509682213357,True,True,99.9999907690599,0,0.9703801971596319,1.0499999296687534,0,0.0,0,1.8584420065558902,-7.123984822545646e-09,True,False,7875.000212209866,124.30577103617546,2,0.9719194317328848,1.0000000000000002,0,0.0,0,1.996526007140119,0.9066297042329724
118,0.5077632840924184,92.28133907041729,True,3702.25646224927,0.3087618219997239,0.00030789999436819926,True,True,3825.0613005985824,66.55646337218771,0,0.9978351275792372,1.0251663982868195,0,0.0,0,1.665601400759897,3.317027361667436,True,True,58.27130597235302,0,0.9734993895088466,1.019592148291136,0,0.0,0,1.8653050564989258,5.621503825705249e-07,True,False,3674.421287471658,58.245611327374824,0,0.9779557888030375,1.0,0,2.009802605768442,1,2.009802605768442,-0.7518429478255966
119,0.630614618762432,115.90328490895781,True,5324.802496930214,0.3078854710001906,0.0006117000011727214,True,True,5449.829733397042,95.97067029468818,0,0.9862669456556548,1.0305914342403413,0,0.00034293466991286436,0,1.833645543358358,2.3480317995705304,True,True,99.99997481226164,0,0.9959704846608217,1.0499994992821904,0,0.0,0,1.8757710340582463,1.503579853045139e-05,True,False,5397.391268795561,104.91353960422612,1,0.9761502029911397,1.0,0,0.0,0,2.050089154872552,1.3632352269980366
120,0.6880630437504716,131.68949085350744,True,3746.6735526772736,0.3668358430004446,0.0004930999930365942,True,True,4160.196023815099,84.12642185560564,0,0.9872937734303638,1.030511611700058,0,2.0100076415729973e-05,0,1.6754484238554426,11.037106082599719,True,True,92.02634802397651,0,0.9812785176101859,1.0488656032713748,0,0.0,0,1.8752874728673703,4.4792117069304074e-05,True,True,3843.2747307984905,92.30127736171606,0,0.9672434981637242,1.0000000000000002,0,0.0,0,2.0915619500207754,2.5783644677637776
121,0.7378486511871214,136.90670342646877,True,4056.393637882438,0.339980877999551,0.0006126000007498078,True,True,4306.260629502317,94.5372885521633,0,0.9832261392804992,1.0298093557357788,0,0.0,0,1.7934420648659852,6.1598311009184625,True,True,99.99999628627756,0,0.9500002164163934,1.0499999451724726,0,0.0,0,2.3890732481334567,1.221960650067632e-07,True,False,3972.1354941652767,113.73299665718189,1,0.9728548527335805,1.0000000000503773,0,0.0,0,2.0040065933946494,-2.0771686967577736
122,0.6142953867573256,115.70244332038902,True,6940.340945661119,0.28935062699929404,0.000407600004109554,True,True,7008.8860492210415,84.96495308090155,0,0.9959631759327944,1.028169906139374,0,0.0,0,2.256120046021664,0.9876348214252312,True,True,99.99992164681892,0,0.9785308357657373,1.0432219886052763,0,0.0,0,2.5737106044570766,1.717035473852431e-06,True,False,6917.025894522525,101.66397367677777,1,0.9753970178834483,1.000000000017648,0,2.872025777374546,0,2.872025777374546,-0.335933530547678
123,0.7523287287018023,143.27477573646917,True,7129.2213744696055,0.3601533199998812,0.00051299999904586,True,True,7274.717072939084,91.50698983812863,0,0.9857848494806177,1.0359250009059906,0,9.849090583102793e-05,0,1.7484149054137106,2.0408357500698204,True,True,99.9999938913644,0,0.9682370833915361,1.0499999380072278,0,0.0,0,1.8401415834685224,5.816936764720216e-10,True,False,7166.952332863536,111.82553819206602,1,0.9704488724031058,1.0000000000000002,0,0.0,0,1.97887899112078,0.529243748423049
124,0.7875716124780492,155.26493020522622,True,12630.955920293494,0.28848985100012214,0.0005212000032770447,True,True,12990.664871448613,96.01989663590868,0,0.9896876182971731,1.0296756058931353,0,0.0,0,1.61100690519865,2.8478363272814655,True,True,99.99999886466904,0,0.9500000312901014,1.0499999923324237,0,0.0,0,2.134437480358258,1.9944004562064422e-10,True,False,11804.131766859506,143.1728905390949,2,0.9697639612944456,1.0,0,0.0,0,2.578179665251554,-6.546014083399907
125,0.734758932907503,138.41640961289153,True,10696.010165438898,0.3037711409997428,0.00033229999826289713,True,True,10986.703144065315,91.75120302297051,0,0.9943408148827602,1.029376566410065,0,0.0,0,2.272768593358279,2.717770216660643,True,True,99.99999495232824,0,0.9814872568339202,1.0499999822087822,0,0.0,0,2.413675956053254,1.9001074504889944e-10,True,False,10484.011422441494,128.98675305315723,4,0.9750366562381526,1.00000000005013,0,0.0,0,3.356428276811016,-1.9820357282615255
126,0.5432618495378966,105.222183697676,True,2857.309407396538,0.35461779400066007,0.0006910999945830554,True,True,2899.1185208026377,90.81686969615983,0,0.9914467101952631,1.034586960077286,0,4.926611729771935e-05,0,1.629863575031834,1.4632335451010934,True,True,82.74165972560148,0,0.9817296667911825,1.0396376138200645,0,0.0,0,1.611173487997192,-1.2658138011413315e-07,True,True,2889.7495928903204,80.73974482069846,0,0.972662261469486,1.000000000001969,0,0.0,0,1.7171110348103866,1.1353401823380258
127,0.5969740540613093,110.8435071007574,True,4477.294133328845,0.36621010999988357,0.0004576999999699183,True,True,4529.417392322268,94.05951025274956,0,0.9985535852543534,1.0342654705047605,0,3.518148412240407e-05,0,2.248787055852958,1.1641687466574158,True,True,93.74201021413265,0,0.975123118102472,1.0305107366580428,0,0.0,0,2.3295713215492526,6.000604983799297e-11,True,False,4441.690169097412,97.42607766800128,0,0.9765552492635449,1.0000000000001825,0,2.5738167171955126,1,2.5738167171955126,-0.7952116427583665
128,0.5942929715139887,110.53628809808032,True,8914.336879609882,0.28310706399861374,0.0003488000002107583,True,True,9089.791134208428,58.84191183891764,0,0.9984634094031706,1.03798868060112,0,0.0,0,2.1713054136859142,1.9682263426555082,True,True,58.74435922534301,0,0.9744928241452692,1.0340278767226703,0,0.0,0,2.2579702913354254,7.936264949891246e-07,True,False,8925.475795135024,58.72072712936447,0,0.9782816176522309,1.0000000000739617,0,2.4675610571071473,1,2.4675610571071473,0.1249558605482046
129,0.7268203331960857,138.5534189519737,True,7641.586230661784,0.2885038020012871,0.0003403000009711832,True,True,7901.856572674488,90.97268460624886,0,0.9923984768157498,1.0338803172111513,0,0.0,0,2.697459725866878,3.405981418055109,True,True,99.31499144389878,0,0.9655861074407283,1.0498330628749861,0,1.0270639251075409e-05,0,3.2631762083131264,8.41635490979633e-06,True,False,7621.596025877852,100.6066228524265,1,0.9620600225922313,1.0000000000154754,0,3.55666364320075,0,3.55666364320075,-0.2615891873751573
130,0.5993909464031153,113.57540754088771,True,2770.536744484482,0.29926376399998844,0.0003788999965763651,True,True,2891.004181806852,69.91303158969264,0,0.9875598320895352,1.0263956248760224,0,1.5845031324346337e-05,0,1.2172554651537695,4.348164067565932,True,True,71.00427605049885,0,0.9827557348165609,1.0330357205131324,0,0.0,0,1.4400306805627991,1.5869923437644945e-06,True,True,2807.485613902597,72.01915565191335,0,0.9740726446607076,1.0000000000472367,0,0.0,0,1.5287228651051947,1.3336373916084587
131,0.6020205267989618,115.50307824372338,True,4433.199682700387,0.2705192679986794,0.00040530000114813447,True,True,4537.929890469276,74.74042783755664,0,0.9834879882999198,1.0261719584465028,0,0.0,0,1.7174031153575413,2.3624068160590994,True,True,76.23385017865925,0,0.9727718092221599,1.029716430404322,0,0.0,0,2.1861190481867965,8.16393211062921e-08,True,False,4437.856102313173,76.78920466833851,0,0.9726765851262006,1.0000000000467968,0,2.3671913277296,0,2.3671913277296,0.10503526953664664
132,0.644750662572345,124.18022839591133,True,4712.115543963279,0.36053137099952437,0.0003771999981836416,True,True,4837.813073770834,93.28761275709064,0,0.9940562249001339,1.030598321557045,0,0.0007500555835804334,0,2.4620693357369987,2.6675395016570835,True,True,99.99703122752416,0,0.9736429470915805,1.0379319229857247,0,3.3929791243281215e-07,0,2.4406383996221166,2.8300781576693016e-07,True,False,4683.4461489477435,102.32226859796046,1,0.9719510091707287,1.0000000000000002,0,2.7375119287657697,0,2.7375119626695295,-0.6084184798427907
133,0.5970114682800423,108.49801864981282,True,5331.490560274873,0.289608170000065,0.00039649999962421134,True,True,5401.981851194757,61.5585780163706,0,0.9918614304485895,1.0312820434570313,0,0.0,0,1.199778604962063,1.3221770565459945,True,True,99.99995378314047,0,0.9907173079745171,1.0498731031683162,0,0.0,0,1.3882089083165,8.40506315228443e-06,True,False,5360.844614101814,112.35910163398275,1,0.9790290936284333,1.0000000000274263,0,0.0,0,1.6766897607837734,0.5505871965344471
134,0.523511503780314,100.86001174706631,True,6711.783611940003,0.279451637999955,0.0003856999974232167,True,True,6823.410189493239,97.02671625051714,0,0.9924199191485864,1.0265038043260575,0,0.0,0,1.047216150050886,1.6631432730603866,True,True,99.99999529064625,0,0.9945531467822817,1.0499999694405147,0,0.0,0,1.699877808774147,1.3353010554328342e-09,True,False,6612.4276051834995,137.66366084187712,4,0.9803560852560622,1.0000000000376732,0,0.0,0,2.4763474858610124,-1.4803219592994152
135,0.7005202577390726,131.19339070579477,True,5043.851592583516,0.29822380500081636,0.00038359999598469585,True,True,5463.957265141591,94.16336684252775,0,0.993802005800098,1.0364301264286042,0,5.642713678355449e-05,0,2.663995620858657,8.329064899312886,True,True,99.99999909758198,0,0.9776633545180544,1.0499999902498367,0,0.0,0,3.3167423446253963,2.4218443218082293e-10,True,False,4192.556641767995,137.0107509537397,2,0.9716665004095157,1.000000000064663,0,3.7207099333099336,0,3.7207099333099336,-16.877874679285025
136,0.5001666975871233,92.46444348526586,True,3220.8707363875787,0.2997934039995016,0.000389000000723172,True,True,3274.029009759525,59.650957289874995,0,0.9984450194563979,1.0235061645507812,0,0.0,0,1.257578377057385,1.650431743480627,True,True,99.99997688972937,0,0.9920832631789477,1.0499997629583142,0,0.0,0,1.4084054483584936,-9.838862960777713e-09,True,False,3212.977880147489,139.06668566483967,3,0.9811337355365429,1.0000000000069469,0,0.0,0,2.4702537117012753,-0.24505350267681245
137,0.7627431778006231,141.58202650480726,True,6886.798874666683,0.3066252970002097,0.0007444000002578832,True,True,6999.368457954205,91.625335919019,0,0.9897558965650882,1.0252930343151092,0,0.0,0,2.2282467804594432,1.634589745059992,True,True,99.99961407621477,0,0.984439501820147,1.0499883189677606,0,0.0,0,2.3386595021524386,1.892857469617448e-05,True,False,7035.256802421547,143.14812656696566,2,0.9694817222706702,1.0,0,0.0,0,3.2492783457122414,2.1557077842771757
138,0.714203866134355,134.00666316047548,True,8999.563280283091,0.32470208699851355,0.0004257000036886893,True,True,9042.564030889278,89.32869742651353,0,0.9910888659730699,1.0312062144279477,0,3.883490225931041e-05,0,2.1010298742006626,0.4778093106822075,True,True,99.99996990286782,0,0.9848459920573157,1.0499996924838453,0,0.0,0,2.206869596362054,7.3844447551198125e-09,True,False,8946.751198071805,144.8924861934768,2,0.9704189872127962,1.0,0,0.0,0,3.248180742607815,-0.5868293816692597
139,0.7597361611406999,143.16784557063394,True,5884.913226042484,0.29160255099850474,0.0006537000008393079,True,True,6177.471881342302,78.63727012219918,0,0.9938556826919939,1.0339973866939545,0,0.0,0,2.2801116951929146,4.97136671035596,True,True,87.73503749972713,0,0.968002667449671,1.0484792546354027,0,0.0,0,3.1875210750538088,3.175656693116206e-05,True,True,5906.914370162445,89.8592087913967,0,0.9609946566669834,1.0000000000636666,0,0.0,0,4.1776901648242415,0.3738886047768203
140,0.5670538092184556,104.02158846295826,True,4825.578067348699,0.29499161900093895,0.0005877000003238209,True,True,4887.510195321014,89.40549929499339,0,0.9901476175083699,1.0273030370473861,0,0.0003221072315042761,0,1.6419800330472611,1.2834149568392368,True,True,99.99999938584064,0,0.9999536761338829,1.049999943811661,0,0.0,0,1.6346595675201883,1.2828206821560104e-06,True,False,4894.940262399682,112.76941138788989,3,0.9831004268622191,1.0000000000745808,0,0.0,0,1.9568297749892736,1.43738753940414
141,0.5247683497740774,102.17025628354382,True,5531.655122145466,0.3110021760003292,0.00047539999650325626,True,True,5735.716146455299,80.80731337960852,0,0.9901321787516929,1.0317922234535215,0,0.00029057229040674315,0,1.1580782915796988,3.688969827221785,True,True,86.09460758340181,0,0.9938945842723168,1.0499996281015398,0,0.0,0,1.305207780008672,1.1174207267745433e-06,True,True,5606.657014666399,91.6180654810497,0,0.9788072953428655,1.0000000000000002,0,0.0,0,1.4822735611592606,1.3558682440381642
142,0.8451188502193281,158.649320929092,True,6321.276466623654,0.3650723080008902,0.0004777999929501675,True,True,6814.069329844159,87.07803652860066,0,0.9909271692600851,1.0414114594459534,0,0.0,0,3.5152990193651874,7.795783232559101,True,True,91.21438985893944,0,0.9618806172327983,1.049984053365407,0,2.575123545511815e-06,0,4.78023336306677,2.1668145604305147e-06,True,False,6217.0357384796225,92.48399569170253,0,0.9574392551961917,1.0000000000366016,0,5.295743128641988,0,5.295743128641988,-1.6490434168286534
143,0.5330961901632479,100.36056811398133,True,4516.763851254485,0.2771161780001421,0.00043169999844394624,True,True,4626.009361901431,58.51995012063509,0,0.9941270952665003,1.0292408615350723,0,0.0,0,1.4583995578813358,2.418667776600634,True,True,60.72416198297495,0,0.9777740084353955,1.0278918588709087,0,0.0,0,1.8261497892285803,2.525919853461068e-08,True,True,4519.894146360191,61.03355881097868,0,0.9746282627218075,1.0000000000596043,0,0.0,0,1.896027423113054,0.06930396076663566
144,0.5984264703349821,116.79173143009233,True,3945.4984854901636,0.28548668900111807,0.00039250000554602593,True,True,4101.148730997777,82.63341947394997,0,0.992386887902926,1.035841488838196,0,0.0,0,2.062763408264459,3.945010808165923,True,True,85.36197372610236,0,0.9705852934543268,1.0418649773671973,0,0.0,0,2.5993475438273492,2.3452208697523323e-06,True,True,3950.297108715198,86.2607569842936,0,0.9657464440798539,1.0000000000711884,0,0.0,0,2.7123064648683197,0.12162508453302924
145,0.6632975964146717,125.00361998270557,True,4657.417132491523,0.2777330040007655,0.00044160000106785446,True,True,5105.969536404358,92.76975628573013,0,0.9943151156714544,1.035455471277237,0,8.124236079254388e-05,0,2.560781494205017,9.630943843434789,True,True,100.00001474675426,0,0.981971940862543,1.0499999440467735,0,2.071884449605932e-05,0,2.967971683012806,1.6151133072499002e-05,True,False,4044.662941691521,143.53865010981048,2,0.9738135632887203,1.0000000000603566,0,0.0,0,3.465166007281624,-13.156509715789845
146,0.6417811994066103,124.34313198126468,True,4570.252560365727,0.27699137899980997,0.0004257000036886893,True,True,4636.657600341466,88.19145061611681,0,0.9886820799702594,1.0368867039680483,0,0.0,0,3.3213094102480767,1.4529842753000681,True,True,90.84829697669922,0,0.9645334087906713,1.0425923679401785,0,0.0,0,3.38318678932481,2.387037139494097e-07,True,False,4530.180509973725,91.50108593129912,0,0.9635604708557692,1.000000000044818,0,3.5922831614602444,0,3.5922831614602444,-0.8768014250636109
147,0.7043168696438291,129.49286459872746,True,10701.324204765433,0.287195086999418,0.00038499999936902896,True,True,10878.582517573677,86.62919777387857,0,0.9881910581754032,1.0326959580183028,0,0.0,0,1.7190981848553406,1.6564152833958505,True,True,94.19173272824449,0,0.9737380122751533,1.035773414525189,0,0.0,0,2.390295956404202,5.225426177574793e-07,True,False,10713.170509078751,90.54539709111825,0,0.9716294059700992,1.000000000058208,0,2.1436946252793803,0,2.6508300265519154,0.11069994766558122
148,0.7978354567071846,148.1251176245623,True,6615.019393664746,0.27284087099906174,0.0004309999931138009,True,True,6735.141975335701,93.57288148507592,0,0.9924781869819563,1.0323676824569705,0,0.0,0,2.731598417602129,1.8159070371310304,True,True,99.99990607561625,0,0.9760478981800286,1.0499995540425209,0,0.0,0,3.1850272100292045,3.118892655005035e-07,True,False,6574.665328343707,140.17835868297306,2,0.9701550978853289,1.0000000000746454,0,4.0734296215534584,0,4.0734296215534584,-0.6100366818880442
149,0.8686990558836751,161.00116062093574,True,6911.893650849807,0.29528280299928156,0.00042979999852832407,True,True,7257.098386528306,93.52442035352227,0,0.9836436261060661,1.0295255482196808,0,0.0,0,2.171107583856866,4.994358330205114,True,True,99.99999880112043,0,0.9551994495461603,1.0499999953296666,0,0.0,0,2.6055666415201415,8.924185641340559e-09,True,False,6695.349398153142,120.47828351991303,2,0.9678148333183855,1.0,0,0.0,0,2.5925942017955776,-3.1329222212864365
150,0.8961917310416411,169.1384983228508,True,6213.92094567937,0.3032239650001429,0.00043250000453554094,True,True,6245.879933137201,99.97107466680734,0,0.990730401740784,1.038844609260559,0,0.0,0,3.3250297729776435,0.5143128074176225,True,True,99.99998213536455,0,0.974079201940608,1.0499998313651577,0,0.0,0,3.368318710552046,6.09778583213773e-08,True,False,6224.000170490447,103.7798925545926,1,0.9587414955754457,1.0000000000264377,0,0.0,0,3.556774112416747,0.16220400443535862
151,0.5408132255183548,101.78101534860997,True,6175.357774003644,0.25868583000010403,0.0003802999999606982,True,True,6284.2599931156055,59.04341147667074,0,1.0020585918514187,1.0382337391376493,0,0.0,0,1.5274222122417456,1.7634972113299714,True,True,62.474753289124905,0,0.9769170471870255,1.030163533390668,0,0.0,0,1.8966724719759327,6.846031478227372e-07,True,True,6182.450405922564,62.88136209748375,0,0.9734027732229253,1.0000000000000002,0,0.0,0,1.972751208370056,0.11485446679749295
152,0.6920823926629406,132.2689584349979,True,8597.728816194167,0.3222928939994745,0.00038439999480033293,True,True,8672.578827984915,93.08100943992301,0,0.9940956620056356,1.033963268995285,0,0.0,0,1.6266411900349738,0.8705802407067468,True,True,99.99995313221018,0,0.9779333725606199,1.0499997278463975,0,0.0,0,1.6924441907937933,1.3425371038052254e-06,True,False,8581.60564600587,120.30998164070638,2,0.9732010763031859,1.0,0,0.0,0,1.8686439572175004,-0.18752690764901495
153,0.7604737546468034,146.12138778407984,True,8572.195831684247,0.36264995300007286,0.00042889999895123765,True,True,8926.62079786052,80.99702931163212,0,0.9950247650671161,1.0350851356983186,0,0.0,0,2.312866973718087,4.134588758225834,True,True,99.99999395894648,0,0.979272868886865,1.0499999135090639,0,0.0,0,3.4339252685373935,8.851462262057589e-07,True,False,8553.782974150554,111.09445068688603,1,0.9688174071979586,1.0,0,0.0,0,3.3603813503390825,-0.21479656066825717
154,0.8468799717902955,164.5708919795816,True,6441.1464507690425,0.30196909900041646,0.0004302000015741214,True,True,6745.07005840547,96.27378922034315,0,1.0002745058168678,1.0416153907775882,0,0.0,0,3.2145930614444467,4.7184727108239,True,True,99.99999612965415,0,0.9740854018199148,1.0499999838888523,0,5.1289046751890055e-06,0,3.1585734794352334,1.9259594141088173e-06,True,False,5621.587114611459,128.48157945220643,4,0.9657874684905222,1.0000000000499925,0,4.475394511294667,0,4.475394511294667,-12.723809870682976
155,0.6809226217348294,126.96127749248632,True,7504.128112759065,0.26310704199931934,0.00042129999928874895,True,True,7788.445236393691,93.2479246810405,0,0.9913086093918344,1.0280453145503998,0,0.0,0,1.8522554943135958,3.7888162756283696,True,True,99.99998093536246,0,0.9894402485825293,1.0499998172366893,0,0.0,0,2.1338813171492177,6.466574239895949e-06,True,False,7471.684557592697,104.8584656897875,2,0.9751020592704218,1.000000000016526,0,0.0,0,2.3540566904612206,-0.4323363289757323
156,0.6229137001708962,117.86273651052818,True,5475.570310395754,0.2673314780004148,0.00031319999834522605,True,True,5512.4213410692955,82.86089487490709,0,0.9878746658608042,1.0300743997097015,0,0.0,0,2.0867810688269373,0.67300807560962,True,True,92.47757198064865,0,0.9772336041261465,1.0291758248697076,0,0.0,0,2.0299150712728107,-5.422216364501421e-09,True,True,5482.811103805504,89.15902572423606,0,0.9756344381225618,1.0000000000000002,0,0.0,0,2.1681536787875757,0.13223815423779703
157,0.6656044787483518,123.90076665150974,True,7148.463262801307,0.30626500799917267,0.00043649999861372635,True,True,7452.859578324616,89.53150090866946,0,0.9915892774870562,1.0290045857429504,0,0.0,0,1.7568732307635457,4.258206337393904,True,True,99.999998113571,0,0.9699079448903608,1.0499999904058275,0,0.0,0,2.547334900831487,2.141067258369802e-09,True,False,6992.983448227685,141.17635365816548,2,0.9764404929536543,1.0,0,0.0,0,2.751576467521957,-2.175010330303761
158,0.7737425993621332,150.16212026697076,True,7272.0789235254515,0.2657606789998681,0.0003837999975075945,True,True,7668.243523390075,96.18917373914569,0,0.9859411946343466,1.036666089296341,0,0.0,0,2.1465197563846914,5.4477489058799184,True,True,99.9999870444814,0,0.9743797389791296,1.0499998619740816,0,0.0,0,1.986001921532079,1.6491166163652613e-09,True,False,7345.144007591883,102.907143788684,1,0.9652911601083736,1.0,0,0.0,0,2.1488549201966407,1.0047344776635032
159,0.6276464042947328,120.40622247839713,True,5484.922620197249,0.33873954100090486,0.0005394999971031211,True,True,5668.580884916718,93.75823670469062,0,0.9997284385457962,1.0392542451620101,0,0.0,0,2.3128816922909863,3.3484206471168383,True,True,98.37725419337904,0,0.9736032169738561,1.0356590891650992,0,0.0,0,2.281888335618703,2.959047032709243e-07,True,False,5387.943101118907,101.18080964651064,1,0.973017048796755,1.0000000000116966,0,2.557297070128442,0,2.557297070128442,-1.7681106890743512
160,0.6470156170741176,123.06194796941709,True,3365.3688715387902,0.25057648999973026,0.0004574000049615279,True,True,3521.49267073534,71.68692513720971,0,0.9942831154697401,1.0396484494209288,0,0.0,0,2.2311298347603525,4.639181148745637,True,True,76.9339222167072,0,0.9708863803530636,1.040793220736034,0,0.0,0,2.873863128713012,4.995261373124332e-05,True,True,3368.9025729029945,77.64694822633092,0,0.9670188436988914,1.0000000000000002,0,0.0,0,2.994622217350198,0.10505190824674615
161,0.8424081068467757,161.41196347140755,True,12694.385224424146,0.28629014199941594,0.0005578999989666045,True,True,13467.266684389688,93.8456599047019,0,0.9837455548805416,1.0348056435585022,0,0.00031909141716823797,0,1.5694379222052817,6.088395313667578,True,True,99.9999978750442,0,0.9856850076198512,1.049999973567397,0,0.0,0,2.3920731064847303,2.1497585780214328e-05,True,False,12723.582341557923,106.42331709641712,2,0.9633566249041348,1.0000000000000893,0,0.0,0,2.6352319684299346,0.2300217921591399
162,0.586524753154952,109.3804603997924,True,3308.8502379548445,0.2664759260005667,0.0004535000043688342,True,True,3385.822499592439,77.41063414294143,0,0.9980521333402586,1.0394908666610716,0,0.0,0,1.6956288280773464,2.3262543389853403,True,True,91.89437369610921,0,0.9815984667827523,1.043532273458202,0,0.0,0,1.7681895142646056,3.1287396212019233e-07,True,True,3315.277318443931,94.38036780860271,0,0.9715383338423143,1.0000000000000002,0,0.0,0,1.9198528841249356,0.19423940038152404
163,0.8096190212688872,164.27547556928198,True,6542.2403154817,0.26682322600026964,0.0007782999964547344,True,True,6752.474917260193,94.96704492723032,0,0.9874663603007765,1.0358166873455048,0,0.0,0,2.4673121667991325,3.2135274383433976,True,True,100.00001979646429,0,0.9821475601177414,1.0499999741408157,0,0.0,0,2.8624442403479975,3.0890035144617364e-05,True,False,6129.527215394887,139.20167176657057,2,0.9648854557456347,1.0000000000252742,0,0.0,0,3.4668519708776557,-6.308407927129385
164,0.5641863799561335,109.96865932106903,True,3352.485740014754,0.24361858799966285,0.0003721000030054711,True,True,3365.857263950795,64.23845355352255,0,1.0040125917528164,1.0448974668979645,0,0.0,0,2.3919231099274896,0.39885703227901975,True,True,66.84844453653824,0,0.975464771681526,1.031605855781957,0,0.0,0,2.246733214874155,3.006489906137213e-06,True,True,3355.2788028055743,67.19079734722816,0,0.9726575987355522,1.0000000000213658,0,0.0,0,2.3394035608710624,0.08331619829430274
165,0.860134293412256,156.9292327088829,True,6016.646847386386,0.303209980000247,0.000393000002077315,True,True,6223.684206511811,93.58004422553911,0,0.9809626107242642,1.0394613325595856,0,1.0290849111527223e-05,0,2.193275245054764,3.441075675753156,True,True,99.9999355360225,0,0.9783285193926365,1.0499998743432448,0,0.0,0,2.3250279875097704,1.933895896431148e-07,True,False,6168.82144687148,105.43132842403855,1,0.966067313807033,1.0,0,0.0,0,2.6487335363009095,2.5292262496851743
166,0.8871936954883468,175.64320298120938,True,8403.195141778386,0.3378595319991291,0.00043089999962830916,True,False,8553.570258022402,100.62889712071004,1,0.9871123131344978,1.0380688101053241,0,0.0,0,4.186389870481264,1.7894992762549211,True,True,99.99999971160037,0,0.9737166849629342,1.0499999979666852,0,0.0,0,4.663647281008764,4.632330033888165e-12,True,False,8110.092837547232,111.89571968079926,1,0.9511986851380171,1.0,0,5.760061626211524,0,5.760061626211524,-3.487986406189158
167,0.8381730602561548,154.0398385244417,True,5770.228091407961,0.30284073599978,0.0004365999993751757,True,True,6102.9270565257275,88.54568928631404,0,0.9841101096493441,1.0375339835882187,0,0.0,0,4.231907743984209,5.765789859408682,True,True,94.91574191366058,0,0.9611809883641024,1.0499702840560676,0,3.3376284136465983e-06,0,4.798746195310201,4.277314516195958e-06,True,False,5729.9477645214865,95.9774902417331,0,0.9575054708239551,1.0000000000769418,0,5.09534509864433,0,5.095345098644344,-0.6980674101698902
168,0.8080758958540813,154.04199643194553,True,5304.267069125396,0.3029809509989718,0.0006034000034560449,True,True,5665.269341496172,95.29821771035328,0,0.9993625469491134,1.0388928890228273,0,0.0002438241361346627,0,3.073315881503504,6.805889951314992,True,True,99.99999743336578,0,0.9690129346179398,1.0499999876376158,0,1.182216308848183e-05,0,3.4372995203559924,5.420355518856564e-06,True,False,4783.375334161424,123.8515404780455,2,0.9662042475597257,1.0000000000598368,0,3.860679431635617,0,3.860679431635617,-9.820234707260159
169,0.6863364709507029,133.17887746971334,True,6325.692643968571,0.2884376029996929,0.000414699999964796,True,True,6520.334263252444,91.39285444762473,0,0.9901077642605414,1.0406579375267029,0,0.0,0,1.9703740133983842,3.077000902629993,True,True,95.37842707797903,0,0.9732310774692183,1.04999968848559,0,0.0,0,2.2807666680680825,7.187355766005355e-09,True,True,6340.946702797765,96.51154197655953,0,0.9664531539993988,1.0,0,0.0,0,2.4565295891455605,0.2411444903110317
170,0.6471795953791989,128.96190016466315,True,3898.7050112517886,0.2844845060008083,0.0003924999982700683,True,True,4118.946480339299,78.56750002389468,0,0.9911287682164746,1.0348974168300629,0,0.0,0,2.517237997224271,5.649128974669307,True,True,81.27773219058929,0,0.9714152273564411,1.0484452274388818,0,6.23170792550809e-05,0,2.4485251752867043,3.411891863773817e-05,True,False,3800.2009212653,81.8346624871435,0,0.9722191573110027,1.0,0,2.7305758210413558,1,2.7305758210413558,-2.5265515886620253
171,0.6230014403586998,120.25925984516964,True,5092.747120026345,0.2907928010008618,0.00038240000139921904,True,True,5265.88181726367,93.69008751399058,0,0.9890258646311547,1.0248334720730783,0,0.0,0,1.9249932571909767,3.3996334619157764,True,True,99.99999852725252,0,0.9892870670105793,1.049999979239716,0,0.0,0,2.3110860675822096,7.21357677558531e-07,True,False,4811.735139751435,142.79757535843422,2,0.9737024684653093,1.0000000000505564,0,0.0,0,2.805649756182291,-5.517885316945325
172,0.7152693535747142,134.88778651089618,True,7025.562121836972,0.28785923899886257,0.0003794999938691035,True,True,7364.773755537458,84.60450371875274,0,0.9932540231134335,1.0309722214937207,0,0.0,0,2.1793757019800637,4.828280696965494,True,True,88.86205943637914,0,0.9667648352015872,1.0487581010864069,0,0.0,0,3.5389968626184896,3.0226067526091315e-05,True,True,7033.848876712202,89.91256334934997,0,0.9620488952084044,1.0000000000586435,0,0.0,0,3.6969837363345164,0.11798174704593034
173,0.8415446310924632,156.6337243816135,True,8176.484826577779,0.28027947900045547,0.0003800999984377995,True,True,8641.998093713948,91.65177438166161,0,0.9857215505831021,1.0295090764760972,0,1.2500734218434673e-05,0,1.8583425404583807,5.693325821886753,True,True,99.99999031478475,0,0.9835349744673602,1.0499998966430235,0,0.0,0,2.098828509064589,7.5771601545667685e-06,True,False,8184.051691719444,105.84137283234676,1,0.9632783945444432,1.0000000000000002,0,0.0,0,2.323643515332492,0.09255181683662018
174,0.5803898523853129,110.5332682201573,True,4771.664293343257,0.2915021049993811,0.00042209999810438603,True,True,4795.235603544611,94.47250315696154,0,0.9983347584644328,1.0364624649286271,0,0.0,0,1.6622583713389645,0.4939850894141963,True,True,93.4878455291219,0,0.9837380990527486,1.0382078855942398,0,0.0,0,1.6776737923682816,-1.5710853734291929e-09,True,True,4784.988843731505,98.03611792363462,0,0.9753106794066492,1.0000000000000002,0,0.0,0,1.836433904067448,0.279243247092222
175,0.5812054461592479,112.76596691717299,True,5079.031496744829,0.32976692599913804,0.00040249999437946826,True,True,5274.415366187194,89.59293227043256,0,0.976735617043541,1.0250427335500718,0,0.0,0,1.3407751742892486,3.8469304914975675,True,True,90.54802844261698,0,0.9905760914450722,1.0471623250524762,0,0.0,0,0.9866507995892562,5.5776393648890715e-05,True,True,5096.600191571039,89.15232156681851,0,0.978770516166003,1.0,0,0.0,0,1.0983407898441868,0.34596236580256046
176,0.7060226297345249,134.55830508960605,True,5975.288331255863,0.2858461340001668,0.0003873000023304485,True,True,6038.272367177048,92.06996727417437,0,0.9888162338372538,1.0353542655706407,0,0.0,0,1.9666282956718533,1.0540863521657085,True,True,98.89866417574935,0,0.9809112042801107,1.0478153167994941,0,0.0,0,1.7614177795886974,1.0977993257272226e-05,True,True,6024.786660712093,95.65605438461299,0,0.9673214633857603,1.0000000000000002,0,0.0,0,1.9539354314923685,0.8283950181614033
177,0.5184215774720289,96.68065638464276,True,2761.548801570211,0.28237710400026117,0.0003093999985139817,True,True,2930.775903174434,63.05323480681177,0,1.0009643016005918,1.041339945793152,0,0.0,0,1.3647684899014223,6.127977944154067,True,True,60.735645641047206,0,0.9848801442890952,1.0256471450580598,0,0.0,0,1.3660145128071406,-4.331608102963236e-09,True,True,2771.5862416518503,58.007930969921,0,0.9790046806123327,1.0,0,0.0,0,1.4627297433438855,0.36347139532272493
178,0.6497137934816982,123.52730422418819,True,6105.653641531543,0.3507388509988232,0.0005278000026009977,True,True,6315.999841327285,83.31745409423144,0,0.993706831144167,1.0285589665174484,0,0.0,0,2.1957878115294136,3.445107672853112,True,True,86.74391610715,0,0.9724405922001708,1.0356015800215095,0,0.0,0,2.3748412544159834,2.2527944937193767e-06,True,False,6062.563579848399,85.52593567192443,0,0.9703182333838849,1.0,0,2.5800825675119228,0,2.5800825675119228,-0.7057381180770171
179,0.8451762529398912,154.56333653467954,True,6118.608703998492,0.33025092400021094,0.0005344999954104424,True,True,6173.2299569194565,93.82337703319212,0,0.9829128145392114,1.0351971626281742,0,2.014442216946577e-05,0,2.2737321400119868,0.8927095784257567,True,True,99.99973648452114,0,0.9798027632568493,1.049996174574325,0,0.0,0,2.100223161643129,2.479188745758838e-06,True,True,6236.432725891469,98.45557366054905,0,0.9652553776228504,1.0,0,0.0,0,2.3107708296135456,1.925669416135687
180,0.7541472896911707,139.87869149068658,True,8084.348910441512,0.30805604299894185,0.0004853999998886138,True,True,8637.252375191716,94.5766725895753,0,0.9819112527933161,1.0295901387929915,0,0.0,0,1.7639666947011676,6.839183629687689,True,True,99.99999855726601,0,0.950000077008058,1.0499999785368992,0,0.0,0,2.3757470753150756,2.893914465078389e-08,True,False,7791.41183643806,112.69097159937891,1,0.9734521194040652,1.0000000000026175,0,0.0,0,1.9883513605103929,-3.623508522378777
181,0.8109126354011758,148.439255938251,True,4230.926549555332,0.32492226000067603,0.00040609999996377155,True,True,4651.573231228861,93.71419281328663,0,0.9837185391672457,1.04065962433815,0,0.0,0,2.6283967632168697,9.942190314108517,True,True,97.09391707821507,0,0.9694650275281623,1.049971147800525,0,3.3696473167310614e-06,0,2.5419428168713694,1.890401425893337e-06,True,False,4161.665325815722,97.96271955485734,0,0.9680411841054422,1.0000000000000002,0,2.835475912413415,0,2.835475912413415,-1.637020738984664
182,0.6701877272639606,126.55167807447955,True,4625.1323902225695,0.29531849399973,0.00041009999404195696,True,True,4780.875550516383,87.88301546150151,0,0.9881281815475281,1.0244361370801927,0,3.308076275132521e-05,0,1.305801912152063,3.367323293960745,True,True,99.99999874211487,0,0.9970170087301067,1.049999985209488,0,0.0,0,1.7484135023637748,1.2272812654562109e-09,True,False,4380.7184428266455,144.17586068014302,2,0.9758553238725688,1.0,0,0.0,0,2.885768449641347,-5.284474620852931
183,0.5002075820587696,96.21057624309115,True,5228.27287017321,0.2951232209998125,0.0003524999992805533,True,True,5291.973104949898,98.18394127567502,0,0.9912081040068095,1.0266885191202164,0,0.0,0,1.4813440544439942,1.2183801275624908,True,True,99.99999744465757,0,1.0000000000514069,1.0499999693193847,0,0.0,0,1.520262445179938,5.4577828158301033e-08,True,False,5204.8431162657225,118.67801005244824,2,0.9839393180998338,1.0000000000514069,0,0.0,0,1.9271123674807882,-0.44813558221993194
184,0.5407694601054173,100.01029007109591,True,2708.5024961632116,0.2990597970001545,0.0003282999969087541,True,True,2722.517082544567,84.75147210646126,0,0.9931531268499887,1.0338058948516846,0,0.0,0,1.879669594009897,0.5174293333723142,True,True,93.17634383888645,0,0.9764851481924397,1.0298799826306742,0,0.0,0,1.9662045351399797,1.0620443757658732e-09,True,True,2713.801913372618,97.36801674852218,0,0.9771678430288591,1.0000000000025298,0,0.0,0,2.1564532112053882,0.1956585694764954
185,0.599041660674178,115.93014364171195,True,4284.426565441072,0.3124655810006516,0.00039850000030128285,True,True,4474.332133830704,88.86674620748856,0,0.9885309547843805,1.030092227458954,0,0.0,0,1.3215925483614797,4.432461748598265,True,True,99.99999480530191,0,0.961536660810074,1.049999971855069,0,0.0,0,1.5529621245028125,6.041699924789952e-09,True,False,4317.5589298514715,124.27606627219588,1,0.9755143417560702,1.000000000000649,0,0.0,0,1.7625412315710065,0.7733208672195455
186,0.8611839261211061,162.66313281081545,True,8884.830535093688,0.3034746150005958,0.0004332999960752204,True,True,9091.60872269905,95.70099344985566,0,0.996213826856339,1.038588747382164,0,0.0,0,2.81037738239678,2.3273171823189216,True,True,99.99999682052308,0,0.9647189221633166,1.0499999834372964,0,0.0,0,2.9470440279962418,6.356654948901484e-10,True,False,8546.095560479278,130.37169964488987,4,0.9649376084533813,1.0000000000000002,0,4.2768371903965345,0,4.27683719039652,-3.8125091212728863
187,0.6823488169432598,130.49425560107866,True,4321.82691430443,0.3410390749995713,0.00038299999869195744,True,True,4381.524262328094,88.52431925835761,0,0.9876745776468175,1.0333288550376896,0,0.0,0,2.0498044628769776,1.3813023637217134,True,True,93.06943563866957,0,0.9829984968072167,1.0444154926953595,0,0.0,0,1.8719630982630235,3.4074804909369376e-06,True,True,4355.824873027206,89.55470811696496,0,0.970149580671177,1.0000000000101275,0,0.0,0,2.0695365202814173,0.7866605447370355
188,0.8336852101290779,159.85309842426253,True,5728.453296668644,0.32629257400003553,0.0004231000057188794,True,False,5905.926389647802,101.5967897234961,1,0.9906762303519796,1.035713005065918,0,0.0,0,2.788753075719626,3.0981010317095414,True,True,99.99999606584649,0,0.9741852750641441,1.0499999856362645,0,5.13132576429598e-06,0,3.165510405817173,3.008942547376521e-06,True,False,5401.8150394885915,127.30193316247087,5,0.9615087713683927,1.0000000000000002,0,4.2116146175400075,0,4.211614617539993,-5.702029461119918
189,0.6261176393437763,117.59958810336292,True,4560.901936717541,0.3142075180003303,0.00038330000097630545,True,True,4702.606230916133,79.56107966561582,0,0.9851597997187768,1.027898722887039,0,4.815737288765831e-05,0,1.4649436716681237,3.106935915179257,True,True,91.23118730235265,0,0.9862891814328971,1.0356589757385664,0,0.0,0,1.5062582065264394,1.303402927786322e-07,True,True,4608.111164225956,88.67789544363013,0,0.9760945387142402,1.0,0,0.0,0,1.6150410955761743,1.0350854758481596
190,0.5402652653986652,104.68750455214143,True,6460.031917393916,0.32423242299955746,0.00039259999903151765,True,True,6559.39475074789,91.62502156681397,0,0.9827238784977826,1.0226369380950928,0,0.0,0,1.172156900618333,1.538118255090863,True,True,98.75368340877864,0,0.9953696989267987,1.0441621154491767,0,0.0,0,0.837692814923841,1.4765410856285732e-06,True,True,6487.646517667968,99.12063444562588,0,0.9783796332684567,1.0000000000000002,0,0.0,0,1.178163630776595,0.4274699633056628
191,0.5146559473319159,92.98322248220953,True,3659.523357061679,0.2530438680005318,0.0004006999952252954,True,True,3678.7163455090254,66.84369093058112,0,0.9850282951442195,1.0217060789465904,0,0.0,0,1.3756470284139652,0.5244718189504756,True,True,86.66210761123546,0,0.9843763846463567,1.0251449854965156,0,0.0,0,1.2901412194591302,4.9003058508376395e-06,True,True,3664.028851304557,83.91056421240025,0,0.9809207716206135,1.0,0,0.0,0,1.4043032753508697,0.12312187549791125
192,0.8322808062747256,151.19616261312245,True,7949.583596872924,0.34188861199982057,0.0004664999942178838,True,True,8323.671963813369,97.02437098721948,0,0.9834516664926749,1.029763102531433,0,0.0,0,1.964465193325566,4.705760536542603,True,True,99.99999706984948,0,0.9659777330766061,1.049999961019521,0,0.0,0,2.2838901842523285,9.37885740347974e-09,True,False,7727.685529746081,113.90675176177874,1,0.9695951219092501,1.0,0,0.0,0,2.149565934148711,-2.791316849468212
193,0.7461233319517703,145.89610062079046,True,9380.862423595261,0.3168230869996478,0.00046659999497933313,True,True,9899.07376862781,92.33870063938484,0,0.9915120875395343,1.0309414863586424,0,0.0,0,1.558799417316294,5.524143454257673,True,True,99.99999654933677,0,0.9500000973713134,1.0499999794612127,0,0.0,0,1.7906557118778892,9.622045747911244e-06,True,False,9043.447660114618,120.26483749676551,2,0.9705909921696457,1.0,0,0.0,0,1.7815598991762727,-3.596832338861405
194,0.5143212372252096,102.28566914675908,True,4203.933945120919,0.3409536039998784,0.0004045000023324974,True,True,4293.47246391236,86.5700323541131,0,0.993549765834405,1.0333313882350923,0,0.0,0,1.177063300770655,2.129874467021947,True,True,99.9999974456158,0,0.9880446534227688,1.0499999836193372,0,0.0,0,1.2888442910309408,-7.182628754620141e-08,True,False,4202.114477502361,125.85783860656186,2,0.978452150978599,1.0000000000795701,0,0.0,0,1.62003736483787,-0.04328019090052814
195,0.6162357495274084,119.7608235670643,True,3979.8288727185663,0.33800404199973855,0.00031999999919207767,True,True,4207.789482135931,81.4481928183034,0,0.9889618083538002,1.0300064593553544,0,0.0,0,1.6735858139972777,5.727899807961884,True,True,90.72088261345074,0,0.9764373941246242,1.0328589121340288,0,0.0,0,2.116742920389939,2.234649155163292e-08,True,True,3985.80836329163,88.46839236190631,0,0.9740699236413579,1.0000000000798945,0,0.0,0,2.273280202883285,0.15024493904099717
196,0.6769042544100606,131.29480279853942,True,5069.533335162845,0.2798108870010765,0.00036810000165132806,True,True,5321.246551760102,85.52654157162284,0,0.9910073887474151,1.0405218303203583,0,0.0,0,2.4513272633322742,4.965286998629502,True,True,93.75255507600949,0,0.9663767599495593,1.0478308063858726,0,0.0,0,3.266152255543375,6.883696774047935e-05,True,True,5078.480456587788,94.9091654763164,0,0.9613777262641555,1.0000000000234353,0,0.0,0,3.411378011284171,0.17655702616281435
197,0.5168898842464822,97.73760126216126,True,2667.920614633375,0.3102595710006426,0.0003974999999627471,True,True,2845.039069636428,54.181356344168755,0,0.9972391909115395,1.024053230881691,0,0.0,0,1.8594851549916172,6.638820287724174,True,True,56.10063977380234,0,0.973254161441141,1.0234627584217397,0,0.0,0,1.8529729479814137,7.593211310835007e-10,True,False,2606.7438873488645,56.213727894662135,0,0.978159584301909,1.0000000000075706,0,2.1210988154202397,1,2.1210988154202397,-2.293049010872603
198,0.6703564226569573,124.91747382707547,True,3521.81999470504,0.3200770269995701,0.0004267999975127168,True,True,3848.4178559627953,80.6930967508591,0,0.9970439426171991,1.0409232944250106,0,0.0,0,1.8614684837549191,9.27355782699999,True,True,99.99998235861689,0,0.992912283168747,1.0499998419282632,0,0.0,0,1.971290533933626,3.963032862538274e-06,True,False,3536.000708556683,113.07635134117395,1,0.9769762603865206,1.0,0,0.0,0,1.9614750650577122,0.4026569786597251
199,0.6372737328275604,119.06935500057983,True,4045.4680105156795,0.27631662099884124,0.0004962000020896085,True,True,4163.14150521484,84.41587344292397,0,0.9905917991517826,1.035120964050293,0,8.932358493396464e-05,0,1.4702754399013713,2.9087735169782833,True,True,98.53200769731978,0,0.9832836010879917,1.0429031931029287,0,0.0,0,1.7223345237704848,1.7843609970042016e-07,True,False,4109.399346605427,102.14276665519297,1,0.9728776185396432,1.000000000062225,0,0.0,0,1.8924421630570691,1.5803200830217468
200,0.6288118001048779,114.74418304421306,True,3374.4145160032954,0.3780353219990502,0.0004931000003125519,True,True,3388.8233246158443,75.56199054325972,0,0.9950039129160684,1.037373983860016,0,2.6762709062211343e-06,0,1.8108022062130829,0.427369901110157,True,True,70.43764720526191,0,0.9819346374729612,1.04767173181963,0,0.0,0,1.702551030014689,0.0003665982658616089,True,True,3514.783645396457,71.30251313146199,0,0.9744088420310741,1.0000000000085791,0,0.0,0,1.8439922775550315,4.160188793145805
201,0.7628318545007999,145.94377307188398,True,5701.703506262847,0.2957301839996944,0.0004566999996313825,True,True,5933.910716650553,86.75125387139676,0,0.9923414139234911,1.031612455844879,0,1.3208414515020195e-05,0,1.5602978829657843,4.072593571189698,True,True,99.99999734951345,0,0.9500003900298067,1.0499999867423337,0,0.0,0,1.9636040231232812,9.547319731013966e-10,True,False,5669.075243895621,119.15079104660646,2,0.9672352409394488,1.0000000000679024,0,0.0,0,2.6568283068407936,-0.572254630169088
202,0.8468047069176534,161.1644617088022,True,12901.663425701043,0.3253471339994576,0.00046999999904073775,True,False,12914.139099308444,103.91746248623281,1,0.986997637908322,1.0326221585273743,0,0.0,0,1.7501130101844922,0.0966981792648188,True,True,99.9999997231439,0,0.9832048468795882,1.0499999979602996,0,0.0,0,1.8548716952949462,1.5584896461313993e-10,True,False,12272.612106807515,114.68444199141781,2,0.966120334742082,1.0000000000695672,0,0.0,0,2.2118256614168104,-4.875738097626118
203,0.5178007104225107,97.03507650504582,True,5884.931532309074,0.27012830799867515,0.00034359999699518085,True,True,6138.584041996143,87.45860672383002,0,0.9949931361461016,1.0310868084430695,0,0.0,0,1.6232189331412314,4.310203251246493,True,True,94.89084783599041,0,0.9775403584314801,1.0282687148121978,0,0.0,0,1.8708447137749573,8.994690431682431e-09,True,True,5898.358281126481,98.86339476032508,0,0.9783939097964766,1.0,0,0.0,0,2.0491762444199537,0.22815472489750652
204,0.5031541666410726,92.09237269664688,True,3936.2887917553726,0.2990242069990927,0.0003345000004628673,True,True,4012.2807635873055,77.86175860437437,0,0.9960118148496537,1.0267056643962862,0,0.0,0,1.6701349884899912,1.9305487808607424,True,True,99.99998828028922,0,0.9912140249342257,1.0499997568821418,0,0.0,0,1.7390626794214938,8.594758654037253e-08,True,False,3857.7916135452233,137.88627397426998,2,0.9841468528606593,1.0000000000000002,0,0.0,0,2.2988855306962535,-1.9941924753814873
205,0.7013620371754609,132.67814816164403,True,4628.139736694895,0.3410964270005934,0.0004442999997991137,True,True,5054.48631509266,88.79249344651637,0,0.9938434332278143,1.0406956642866136,0,0.0,0,2.0370111633909005,9.212050777885004,True,True,99.99997833673537,0,0.9889984587264494,1.0499997941027677,0,0.0,0,2.193743053342274,8.345144074223127e-08,True,False,4651.326533849619,110.31422299881936,1,0.9732793966029082,1.000000000000006,0,0.0,0,2.199471074794019,0.5009961313934289
206,0.6130504101101015,112.3484733788084,True,3236.3109455715226,0.45286265399954573,0.0004358999940450303,True,True,3781.7132849997424,81.43854241425122,0,0.9865830466065196,1.028577947616577,0,0.0003050211979740425,0,1.4580484373922076,16.852593853482606,True,True,99.9999969115699,0,0.9739755375138186,1.0499999442895056,0,0.0,0,2.1949478273950405,1.7122206310766674e-09,True,False,3357.0047833428694,103.7521555212197,1,0.9775904731157818,1.0,0,0.0,0,2.0826631742758224,3.7293646951316655
207,0.562921279005465,101.8158338944211,True,3818.6484339142444,0.41988424100054544,0.00040109999827109277,True,True,3944.369004222274,62.32469012955762,0,0.9991878915524814,1.0368933528661728,0,0.0,0,1.2385642521042683,3.2922790860727673,True,True,99.99999725612936,0,0.9950917527718612,1.049999945504424,0,0.0,0,1.7864193950345992,-1.6599931450172483e-07,True,False,3765.539540270201,141.24169535040085,2,0.9829684047382603,1.0000000000012366,0,0.0,0,2.602096042221831,-1.3907774128443318
208,0.8071199594897682,150.81557066583449,True,4429.6262546681855,0.3621897929988336,0.0004017999963252805,True,True,4894.966510777419,91.33306932986824,0,0.988519949615055,1.0294160425662995,0,0.0,0,2.3568695333225946,10.50518101017012,True,True,99.99999881076653,0,0.9850799709589747,1.0499999936606037,0,0.0,0,2.5778592041396564,3.6115940452953556e-10,True,False,4260.64106180047,133.54921580523927,2,0.9674220331679615,1.0000000000473586,0,0.0,0,3.1951071235391737,-3.8148860228160713
209,0.5419270710472625,100.36415135100289,True,2566.3969357210376,0.44475349399908737,0.00040190000436268747,True,True,2737.9587073146836,72.95433542336193,0,0.98374511384647,1.0268789857625962,0,0.0,0,1.3378059931889226,6.68492749282475,True,True,99.99999972058627,0,1.0000000000166056,1.0499999529575614,0,0.0,0,1.8596631224926767,9.997892221209126e-08,True,False,2580.6011518880046,103.58244666524865,1,0.9803023338224277,1.0000000000166056,0,0.0,0,2.0234982820283705,0.553469284089269
210,0.6505892057251815,121.27507083478689,True,2688.2209929269247,0.311986111000806,0.0004059999992023222,True,True,2982.509534331586,90.83423153727624,0,0.9797905700818151,1.0230119705200196,0,5.154342834146064e-05,0,1.507307522020156,10.947334797350786,True,True,99.99999345299635,0,0.9895439020232303,1.0499999240846394,0,0.0,0,2.0744554270066544,3.6156520290319217e-07,True,False,2927.5756458326946,142.03278139462395,2,0.9760292654248744,1.0,0,0.0,0,2.7905817079291637,8.903831348711261
211,0.6108486773821729,119.55155735885799,True,7339.1153903676895,0.2786723080007505,0.00039619999733986333,True,True,7545.41970323446,91.75614749734798,0,0.990035271525667,1.034631395339966,0,0.00014229638491869423,0,1.3813672187398254,2.8110247530303285,True,True,99.9999936414794,0,0.9539485140727159,1.0499999692400956,0,0.0,0,1.652672642656583,4.957964588094024e-07,True,False,7278.447588432401,123.44078011538801,2,0.9751752979024026,1.0,0,0.0,0,1.785956466335577,-0.8266359448255469
212,0.60872050720232,114.13926929957792,True,2925.630993342697,0.27853775800031144,0.0003989000033470802,True,True,3513.789125905654,63.000152283446994,0,0.9855783641338348,1.03850856423378,0,0.0,0,1.8036024004099573,20.103634511112723,True,True,71.77423513360867,0,0.9725790580451931,1.0408612847110834,0,0.0,0,2.291761124172652,8.390513526746998e-07,True,False,2901.82808158193,71.99608183647094,0,0.9748426886054269,1.0,0,2.5122082289977357,1,2.5122082289977357,-0.813598415764087
213,0.6088600624490216,114.80146515025456,True,5413.1055870855425,0.35352001700084656,0.00039929999911691993,True,True,5561.2774074602785,71.74812938173523,0,0.998287421653473,1.0291051864624023,0,0.0,0,1.7515704262931138,2.7372793258128154,True,True,91.2292593065452,0,0.9787290729165354,1.0291178863477857,0,0.0,0,1.8972109310074643,-4.5857263254780654e-09,True,True,5419.9815554995175,87.97740041389513,0,0.9770214192364027,1.0,0,0.0,0,2.035307192308423,0.12702446044714122
214,0.577559940823462,108.0030637985185,True,4271.564914131898,0.30553120500007935,0.000357000004441943,True,True,4390.871297547338,95.73738560274882,0,0.9901803616794977,1.0241434782743455,0,0.0,0,1.977703196450335,2.7930368816023257,True,True,99.99999846134426,0,0.9933942858745112,1.0499999906815198,0,0.0,0,2.0094900264140705,1.3174750891918012e-09,True,False,4093.6407796429357,149.313865277232,1,0.9787086700059034,1.0000000000000002,0,0.0,0,2.3622447028874376,-4.165315007771312
215,0.7143990645011674,134.49465750137375,True,3310.1112149591418,0.2790194009994593,0.00040350000199396163,True,True,3484.481511797079,77.59492090480444,0,0.9953451545523909,1.031886985898018,0,0.0,0,2.0769136376220274,5.267814632936396,True,True,92.95868045789076,0,0.9829246063927047,1.0447419594783403,0,0.0,0,2.0491532312159393,6.489061530463065e-06,True,True,3314.773616521044,90.84390315276497,0,0.9711912812983565,1.0,0,0.0,0,2.1925820162400385,0.14085981880398443
216,0.8434321091871395,163.31706573167284,True,4414.190102563899,0.3532464660002006,0.0004441999990376644,True,True,4488.296764940443,91.97136851731874,0,0.9911258456034044,1.0356340825557708,0,0.0,0,2.7355135538646778,1.6788285714501083,True,True,99.99998751081169,0,0.9500036714203738,1.0499999435944212,0,0.0,0,2.7772913114291384,4.960327504601591e-07,True,False,4323.857076148167,155.44759515503233,2,0.9659574971674321,1.000000000068239,0,0.0,0,2.9234467658383494,-2.04642307805268
217,0.708881994950868,129.61742287230535,True,6058.366694816447,0.512901016001706,0.00039760000072419643,True,True,6826.9240880506495,88.37212446110918,0,0.9906867063068169,1.03822620511055,0,0.0,0,1.4684535235544445,12.68588445134946,True,True,99.99999993687223,0,0.950000000918502,1.0499999998298966,0,0.0,0,1.8363922395416523,7.776931031161646e-08,True,False,5864.339660920791,122.34317733424476,2,0.9721202663558288,1.0000000000058837,0,0.0,0,1.9234076935499616,-3.2026293406935835
218,0.709332849300029,131.27105744372253,True,6198.859288232391,0.3061990139995032,0.00040559999615652487,True,True,6428.019053993105,80.48987518715403,0,0.9846266483487256,1.0301842093467715,0,3.297249990907858e-05,0,1.5928653545375653,3.696828229565252,True,True,100.00004776886968,0,0.9939890687463745,1.0499998818039873,0,0.0,0,2.0483759321078594,2.200238792679728e-05,True,False,6318.564307700037,140.261447730057,3,0.9747763463386548,1.000000000018956,0,0.0,0,2.7493198356767437,1.9311038392163689
219,0.6250034962580019,116.97422331520328,True,4689.930900263051,0.30901794899909873,0.0003991000048699789,True,True,4931.6481376881475,70.46379439335372,0,0.9934316558060232,1.0252992630004882,0,0.0,0,2.168626328438407,5.153963381183096,True,True,87.99685216005807,0,0.9732888999044343,1.0396569922910093,0,6.353559456329094e-09,0,2.439278696690991,1.69876782008335e-06,True,False,4638.470985315383,92.21410183178085,0,0.9729585027368128,1.0,0,2.7441873586663945,0,2.7441873586663945,-1.0972408175124562
220,0.5303940553496356,99.54918420556983,True,4906.240199319734,0.2903029740009515,0.00041820000478764996,True,True,5197.263981811961,87.13867885404997,0,0.9820743114820149,1.0301708817481994,0,0.0,0,1.1220008661068306,5.931711692337921,True,True,91.69725061854412,0,0.9956270792812919,1.04197075711349,0,0.0,0,0.8127244323337806,4.638305959911618e-06,True,True,4919.334494997554,90.3939770021866,0,0.9803102702036753,1.0000000000671059,0,0.0,0,0.9103644574719993,0.266895286810896
221,0.6129960204884868,115.71026463389441,True,5693.145530211351,0.3010088539995195,0.0004123999970033765,True,True,5844.684014938976,90.15006370610301,0,0.995541976789973,1.034280776977539,0,0.0,0,1.7214438833389067,2.6617720219465224,True,True,96.37800213284581,0,0.9828136252647194,1.0438643848981173,0,0.0,0,1.7055636007465012,1.2004795995074771e-06,True,True,5718.790937809494,99.95923519051165,0,0.9722947047577949,1.0000000000469642,0,0.0,0,1.9084837557799403,0.4504623343101033
222,0.5454132235656518,104.52470671386709,True,3343.372366242845,0.2569148619986663,0.00042209999810438603,True,True,3582.1820685604735,67.0315931271367,0,0.9965177518206739,1.0271441280841827,0,0.0,0,1.9314626340048449,7.142784576597138,True,True,82.8429901808982,0,0.9731115617668794,1.0304306175688676,0,4.842754663059168e-06,0,2.1576702010654714,5.1196888626148704e-06,True,False,3287.688491416399,78.27833001214746,0,0.9744587774956296,1.0000000000881386,0,2.329947009212077,0,2.329947009212077,-1.6654952068530733
223,0.868011579589973,169.43465656428623,True,8359.404077176614,0.30347324300055334,0.0004490999999688938,True,True,8580.629262727814,98.4026497963287,0,0.992428393779337,1.0419611692428592,0,0.0,0,3.0579759212411375,2.646423150565851,True,True,99.99984761148707,0,0.9690703056649772,1.0499998145168752,0,0.0,0,3.2555202932425686,2.2371957280184695e-07,True,False,8304.96072975661,103.51395391644247,1,0.9648330998386113,1.0,0,3.75483303992948,0,3.75483303992948,-0.6512824160375884
224,0.7209631094713341,134.9978174824862,True,5155.610791570868,0.2458984889999556,0.00032329999521607533,True,True,5398.996941765492,78.60015065685134,0,0.9896951650134193,1.0384227633476255,0,0.0,0,1.911860363520816,4.720810565186718,True,True,81.49854473597546,0,0.9792108819550495,1.049990212434521,0,0.0,0,1.9055520882914152,8.682237927178763e-06,True,True,5222.823534631258,84.00490217400002,0,0.9700962322000631,1.0,0,0.0,0,2.1385469899944383,1.3036902752287887
225,0.7118940844374533,133.57299752134543,True,7136.398022571506,0.2644706369992491,0.0003940999959013425,True,True,7214.518296819162,88.83392050644152,0,0.9923556307667528,1.033178144693375,0,0.0,0,2.0848501922228593,1.0946737276383782,True,True,99.99999643709513,0,0.987190713069201,1.04999996029942,0,0.0,0,2.1963202261267725,7.122873292850425e-11,True,False,7071.307603089398,141.68891011749994,2,0.9727623460498702,1.0000000000748805,0,0.0,0,3.1660121890296296,-0.9120906551344025
226,0.5553040728397871,105.48014488023195,True,2817.812049804394,0.28285875899928214,0.00035770000249613076,True,True,2856.7339426059298,92.01907653832352,0,0.9993632586176696,1.0365221828222275,0,0.0,0,2.1433686564770085,1.3812815061479433,True,True,86.26247877514781,0,0.9735660070886015,1.0307447821668547,0,0.0,0,2.189930791481359,8.373345626086642e-07,True,False,2769.4334442459935,81.63222886198686,0,0.974929490239795,1.0000000000559806,0,2.3653019030087705,0,2.3653019030087705,-1.716884643613311
227,0.6996476520378347,138.65933013118914,True,8255.85298127939,0.364294286000586,0.0003981000045314431,True,True,8453.638533812386,97.36151481411868,0,0.9829097447620441,1.0361798644065858,0,0.0,0,2.0078215409581333,2.395701107157452,True,True,99.88893307101202,0,0.9754621884668183,1.0499999836894938,0,0.0,0,1.7472513011813078,1.0344428405569064e-07,True,False,8349.171589849213,101.17797651294846,1,0.9662956943815335,1.0000000000000002,0,0.0,0,2.233253357339322,1.1303328368149175
228,0.5992017254448632,114.46022406607763,True,7197.7605453897095,0.2790167080001993,0.0003980000037699938,True,True,7364.338509978954,72.26339729972466,0,0.9994361602480162,1.0288518100976944,0,0.0,0,1.4277432616400603,2.314302718639662,True,True,73.41212995598637,0,0.9828243079277778,1.032989724350667,0,0.0,0,1.4448438329201991,4.6085369385173675e-08,True,True,7204.63289936622,74.46174026341721,0,0.9740304476471896,1.0000000000056402,0,0.0,0,1.5322178431791258,0.09547910427770642
229,0.7408913723393309,140.31207756262134,True,6062.787409626057,0.34326696999960404,0.0003513999981805682,True,True,6282.768847937924,94.08801621011759,0,0.9850751063423516,1.0259019136428833,0,0.0,0,1.886526397797951,3.6284253820477668,True,True,99.99995021610395,0,0.9924904042784682,1.0499997759899506,0,0.0,0,1.9482622520825146,3.6272520220769654e-05,True,False,6147.3881044187165,117.73352144345199,2,0.9726294797659576,1.0000000000631133,0,0.0,0,2.5077226850210934,1.3954460034492824
230,0.649046870506326,118.54744003756423,True,8866.70321007649,0.31307856700004777,0.00040020000596996397,True,True,9059.380090220413,95.79234671296145,0,0.9880793819254501,1.0210111260414123,0,0.0,0,1.1684042715784528,2.1730385859079004,True,True,99.99999881322921,0,0.950000070765175,1.0499999843956223,0,0.0,0,1.8974086196263613,2.1071790754574097e-08,True,False,8847.32382312803,106.16613473393686,1,0.9747640762890355,1.00000000003668,0,0.0,0,1.7314271049043697,-0.2185635926343705
231,0.6537665910444805,126.23319028452529,True,4778.282245747743,0.32431211400034954,0.0003915999986929819,True,True,4941.513226254698,80.83024576200962,0,0.9927130502353285,1.0306561589241026,0,0.0,0,1.8348243004843852,3.416102317127965,True,True,89.4738897224834,0,0.9825941269313012,1.043219226874783,0,0.0,0,1.7652461104415806,6.072825676041207e-07,True,True,4804.677231177849,84.85148899324675,0,0.9704749786187264,1.0000000000487157,0,0.0,0,1.8880746600540732,0.5523954687181138
232,0.5878102020351101,112.336236048556,True,3276.5007261952383,0.3428387849999126,0.00033409999741706997,True,True,3382.0145726041055,92.54798889919387,0,0.988592890264051,1.029719877243042,0,0.0,0,2.2519207484849346,3.2203210763409684,True,True,96.42811520917685,0,0.9755590248953085,1.0282130026573448,0,0.0,0,2.4033340041319633,-8.742532183369894e-08,True,False,3281.854238243392,92.46524848223194,0,0.9750516647140467,1.0000000000706835,0,2.608495599196061,0,2.6084956368851664,0.1633910573002924
233,0.8886726721253677,169.83495323702647,True,10832.961985589585,0.34379373699994176,0.0004431000052136369,True,False,10757.493617562428,103.28066386852863,1,0.9978019238251641,1.0419672667980195,0,0.0,0,3.1571862687663383,-0.6966549676408494,True,True,99.99999940010525,0,0.9768080596984251,1.0499999962541564,0,0.0,0,3.4208728994288435,1.969814767160019e-09,True,False,10155.09437416774,118.7622070770682,1,0.953417756166442,1.0000000000037585,0,4.85309717087307,0,4.85309717087307,-6.257453982793752
234,0.796719091143255,159.74252861775528,True,6059.813396625028,0.2930804530005844,0.00044300000445218757,True,True,6133.397024584309,98.31634372468557,0,0.9859120325010081,1.0379450261592866,0,0.0,0,3.1483793740815713,1.2143069592835085,True,True,99.99999179405323,0,0.9730339656419946,1.0499999161725362,0,2.0592212379710872e-05,0,3.41591418446518,1.80623482598392e-05,True,False,5841.607333175212,133.88626666470282,2,0.9663934699321907,1.0,0,0.0,0,3.7354802107902856,-3.600853591298422
235,0.8697292410044388,159.07008071104633,True,6802.29158629673,0.30236715499995626,0.0004334999975981191,True,True,7306.277032975326,95.40227217933305,0,0.9811014985649182,1.0284569084644315,0,0.0,0,2.0067278107927677,7.40910759790796,True,True,99.99999429567929,0,0.9692270754528391,1.049999917609039,0,0.0,0,2.373838267519119,5.00401716627552e-05,True,False,6623.82054050881,116.09440689543133,1,0.9699448809151549,1.000000000044832,0,0.0,0,2.2293489831398006,-2.623641297239824
236,0.8243083679754544,153.70961801229586,True,4176.739652168788,0.298702243999287,0.0004458999974303879,True,True,4602.769405656178,87.20443174395479,0,0.9918652824375772,1.03880378305912,0,0.0,0,3.333526463495133,10.200083970726185,True,True,91.2994068767473,0,0.9615060333823494,1.049883878019146,0,2.754295829276998e-05,0,4.856863838222978,2.6033727473795856e-05,True,False,4160.285344578033,92.32329492054131,0,0.957951237876034,1.0000000000599878,0,5.16441014861266,0,5.16441014861266,-0.3939250679621087
237,0.6406543927437085,123.41555238572694,True,5493.76950090069,0.3058989660003135,0.00040269999590236694,True,True,5663.379996019145,84.8301658079346,0,0.9900871611595675,1.0288668364286422,0,0.0,0,1.0226073815709498,3.087334399244057,True,True,99.99993900753793,0,0.988894758894388,1.049747195332815,0,0.0,0,0.9287246813701273,9.543735908979793e-06,True,True,5521.579265505502,94.11652099269517,0,0.9768593116579238,1.0000000000007336,0,0.0,0,1.4406046362225169,0.5062151145073608
238,0.5259471038006354,98.70362029568544,True,2248.582019688917,0.26618023099945276,0.00039909999759402126,True,True,2249.5558956299114,82.49433362917065,0,0.9935865524593412,1.0323819100856784,0,1.5119783121519959e-05,0,1.4955805434249498,0.043310834423461536,True,True,71.08030783976422,0,0.9849543151142455,1.029380151872368,0,0.0,0,1.4668044569281875,1.642292563398035e-07,True,True,2288.993166820839,60.624037402087,0,0.9769648896563221,1.0000000000767093,0,0.0,0,1.5930089708838437,1.797183760132939
239,0.8907757235875375,168.2475074686257,True,7539.720880673718,0.27914469400093367,0.0003986999945482239,True,False,6711.119632342645,104.0855926735254,1,0.9874821924175333,1.0393481850624084,0,0.0,0,2.61794452069978,-10.989813302508281,True,True,99.99999975296323,0,0.9765970826411028,1.0499999984435975,0,0.0,0,2.8875387419228673,2.2050634780209793e-10,True,False,5513.740464356311,113.27597176294732,2,0.96294856432262,1.0000000000000002,0,3.293066951244626,0,3.2930669512446116,-26.870761509200793
240,0.7776322947804433,144.12694383888822,True,14280.605447373851,0.2918567880005867,0.00044489999709185213,True,True,14650.425363157548,82.66937715119036,0,0.9931793531213845,1.0335814833641053,0,0.0,0,2.504146685881466,2.5896840372143908,True,True,89.5286938825867,0,0.9678087361439518,1.0490366926776176,0,7.957742866437911e-06,0,3.3611291782114847,1.8046605793190063e-05,True,False,14294.934167073374,92.9204193576773,0,0.9648001070676245,1.0000000000000002,0,3.6322052978194392,0,3.6322052978194392,0.10035498496721985
241,0.5656311814602758,102.61568977392528,True,3031.5969882652457,0.32510465900122654,0.00035680000291904435,True,True,3242.0912301255994,88.36001026407139,0,0.9876388421367106,1.0209480792284011,0,0.0,0,1.4364932671668953,6.943348769580243,True,True,99.9999986815612,0,1.000000000058511,1.0499999662640225,0,0.0,0,1.6657035081855014,3.4028343173077043e-06,True,False,3174.0938342676,112.4217194492019,2,0.981630039966065,1.000000000058511,0,0.0,0,1.9258748824911862,4.700392386029145
242,0.7721360551428749,147.79723821022893,True,5097.170080041939,0.3516233230002399,0.0005650999955832958,True,True,5335.289671324844,98.73872164525153,0,0.9951820131776008,1.035366925597191,0,0.0,0,2.5927040041850375,4.671603812171147,True,True,99.99999898015164,0,0.9757314488630885,1.0499999916290437,0,0.0,0,4.3262801710014,9.16879959228739e-09,True,False,5089.0977627816355,104.89485398045922,1,0.9562830093586318,1.0,0,0.0,0,4.632663760763592,-0.15836859800503789
243,0.5062548020328724,93.32610683120089,True,4212.616886846575,0.2494802820001496,0.0003589999978430569,True,True,4404.099139283476,79.91574955203194,0,0.9945868329895411,1.0251749455928802,0,0.0,0,1.4931034469922793,4.545447779330394,True,True,95.13473118887642,0,0.9774259754161814,1.0299708313878417,0,0.0,0,1.7260663466669968,1.0966593227681175e-06,True,True,4222.373064173,99.75785164222863,0,0.9772800583649033,1.0,0,0.0,0,1.9118692509873796,0.23159532170930852
244,0.8941985575335167,172.288924072584,True,10906.342318874998,0.3706942520002485,0.0005969999983790331,True,True,11186.889198435194,96.55714741909684,0,0.9876228037844034,1.0378711521625519,0,0.0,0,2.9686314394558053,2.572327848370137,True,True,99.99999894189338,0,0.9762593910046723,1.0499999918366643,0,0.0,0,3.2685514437536085,1.0251316374496541e-08,True,False,10905.835027092817,106.01237100221763,1,0.9640815035447148,1.0,0,3.767070654347549,0,3.767070654347549,-0.004651336345019342
245,0.5311742237515003,101.98923545665835,True,2502.2326419247825,0.3033187919991178,0.0004198000024189241,True,True,2698.5128069039242,68.64311700224086,0,0.9837562882064239,1.0316296637058258,0,2.696436786919776e-05,0,1.2533956480105672,7.844201290537681,True,True,73.05899892313734,0,0.984139112632349,1.0313829655626732,0,0.0,0,1.415503048820412,7.818273872467163e-09,True,True,2635.090556489782,70.87527059119964,0,0.9773359656634018,1.0000000000000002,0,0.0,0,1.4995349362140757,5.309574839085325
246,0.7285211902063395,142.45222516659132,True,4888.801719463369,0.34195032699972217,0.0004087999986950308,True,True,5030.422395988907,92.71325278052504,0,0.9920269511077644,1.03229421377182,0,0.0,0,1.9658888514456407,2.8968388389152704,True,True,99.97974936489081,0,0.9785988434110647,1.047206082147771,0,0.0,0,2.1675724077294376,6.051466982249037e-07,True,True,4897.733960682235,97.43441102553838,0,0.9672685148644378,1.0000000000147475,0,0.0,0,2.3120586600931574,0.18270879798171905
247,0.5915992695524557,106.40397960514201,True,3751.550397986773,0.31476794500122196,0.0006780999974580482,True,True,3885.2361441446697,59.455550374665,0,0.9867393165826799,1.0299073517322541,0,0.0,0,2.0749794634370744,3.563479705699846,True,True,61.56248427944699,0,0.9737805974964375,1.0326290320680627,0,0.0,0,2.123215500405024,-2.336160728393272e-07,True,False,3720.031288700199,61.56992091594883,0,0.9774889479574735,1.0,0,2.326192244717376,1,2.3261922741418175,-0.8401624564094694
248,0.6057852633009709,115.53775001869171,True,8321.268731242855,0.3915534830011893,0.00038249999488471076,True,True,8386.56245107331,93.27106620921019,0,0.9964518182360502,1.031544613838196,0,7.160718240584174e-05,0,2.308691947480895,0.7846606230380532,True,True,86.9715901688701,0,0.9748993261917739,1.0337688765386208,0,0.0,0,2.3506935523923715,-9.052748600247993e-09,True,False,8291.551839127571,92.10076961663097,0,0.9757584110829692,1.0000000000251714,0,2.6341565284909905,1,2.6341565284909905,-0.35711973529136515
249,0.6945287456044711,128.10030028136845,True,5752.722941317503,0.26080428199929884,0.00043789999472210184,True,True,6015.623059046415,92.94952041639404,0,0.9931340522212061,1.0369650065898897,0,0.0002693415489432027,0,2.737131344259609,4.570013167484743,True,True,99.99999536312481,0,0.9780889911508119,1.0499999494080132,0,0.0,0,3.142186692515594,1.299586306516914e-06,True,False,5292.323550518511,144.8630993599036,2,0.9725610803978224,1.0000000000000002,0,0.0,0,3.640951308048784,-8.003154796730707
250,0.7864370456184795,147.94253937669473,True,7767.229463929995,0.26149405800060777,0.00035119999665766954,True,True,8263.293566668086,93.28915253787365,0,0.9842240375392396,1.0285625755786896,0,0.0,0,1.825874371910487,6.386628677114195,True,True,99.9999970346805,0,0.9500001342563322,1.0499999564211762,0,0.0,0,2.3527846400665737,1.963533674836354e-08,True,False,7437.307911077245,115.54528587956683,1,0.971523870686588,1.0,0,0.0,0,1.9803313623122278,-4.24760917550489
251,0.5261615285237303,97.27605826219427,True,4915.969129812852,0.26999418000013975,0.0003921999959857203,True,True,5149.258201951506,61.080896578125696,0,0.9944415322591251,1.027423948049545,0,0.0,0,1.0468476107651128,4.745535733064,True,True,66.11292691788786,0,0.978572634771645,1.037587266946569,0,0.0,0,1.552546423325552,-8.87486284750256e-09,True,True,4924.49147842614,61.73801984638379,0,0.980359313712713,1.000000000017706,0,0.0,0,1.678372718311337,0.17336049009263685
252,0.7154698142991893,132.32445982674693,True,6252.995530572178,0.3103836030004459,0.00042889999895123765,True,True,6462.033737739753,97.39286462428079,0,0.9865750884391179,1.0272183686494827,0,0.0,0,2.0074688443661444,3.3430090639142005,True,True,99.99999463444198,0,0.9906755810548934,1.0499999787739946,0,0.0,0,2.0840315209638334,2.872204647850216e-09,True,False,6315.155966917454,127.25281271576185,2,0.9748920333313705,1.0000000000664633,0,0.0,0,2.593082226844416,0.9940905318538166
253,0.5836064073383087,110.81249574416613,True,5074.95323083643,0.2811766560007527,0.0004158999945502728,True,True,5181.504716429682,89.29800899584357,0,0.9954923417730757,1.0290663063526153,0,0.0,0,1.4738705645777799,2.0995565086102,True,True,97.021601736109,0,0.9744516742628067,1.032884584096707,0,0.0,0,2.1229078258848375,4.877675275112181e-07,True,False,5085.939080075612,97.8618298651816,0,0.9739884122677104,1.0000000000711455,0,2.5652661072882665,0,2.5652661072882665,0.21647241948929066
254,0.7829974389235231,146.00380629666316,True,5651.168471074202,0.2932161360004102,0.0003941000031773001,True,True,6055.352771718895,92.87724228414413,0,0.9823655580856677,1.0354979336261747,0,0.0,0,2.0901832606114397,7.152225292631598,True,True,99.99995653081851,0,0.978863098640421,1.0499997822276577,0,0.0,0,2.277570055312623,1.2005583733035166e-09,True,True,5756.489701514292,97.73001290967692,0,0.9667954706215496,1.0000000000000002,0,0.0,0,2.4939842043000056,1.8637071438994004
255,0.8477927574172973,165.60291305047846,True,7609.553674991058,0.33459994199984067,0.0004341000021668151,True,False,5521.210597790386,110.07146523365203,1,0.9806038957661803,1.0385583579540254,0,0.0,0,4.3848837980195015,-27.443699938198698,True,True,99.99999998168076,0,0.985058677230009,1.0499999999059297,0,0.0,0,2.9388003611946942,-8.24688767602461e-13,True,False,5262.929078478533,121.05753038005085,1,0.9498784129155362,1.0000000000462739,1,5.542464829908411,0,5.542464829908397,-30.83787429248045
256,0.5499137142915643,101.98292421642759,True,2869.7101771444873,0.29656069000157004,0.0003087999939452857,True,True,3021.407907594781,61.74014387597255,0,0.9970529089190282,1.026666724681854,0,0.0,0,1.876144350287774,5.286169024150771,True,True,63.82697638926079,0,0.9728759852829088,1.02963390754551,0,0.0,0,2.0510135705110883,5.567018339105588e-10,True,False,2827.6864196650786,63.7854162469951,0,0.9769320950051122,1.0000000000000002,0,2.242679592987571,1,2.242679592987571,-1.4643902997020681
257,0.6410262631280178,121.15982359427528,True,3018.3729459863125,0.32408044099975086,0.0003848000051220879,True,True,3176.588191936637,86.72961860604491,0,0.9878692193199243,1.0326152920722962,0,0.00014780211684950473,0,1.2777036322661246,5.241739466694255,True,True,99.99999885002396,0,0.9611468246053982,1.0499999855739044,0,0.0,0,1.7549532126734562,3.6083013095690207e-10,True,False,3058.321669253433,108.1394399082103,1,0.9752483165565008,1.0000000000731544,0,0.0,0,1.8558322565263694,1.3235184648496676
258,0.721577137593052,135.38509371219894,True,4028.3685689794784,0.3167238759997417,0.0006351999982143752,True,True,4134.804758753004,88.78962202565134,0,0.9945525470421224,1.037722784280777,0,0.0,0,2.4776132206571617,2.642187269096413,True,True,89.46012776145386,0,0.9758442573913999,1.048025636959774,0,0.0,0,2.4864979472967548,2.0598513873623292e-05,True,True,4037.883363244363,93.8794835907001,0,0.9677758830808489,1.000000000046687,0,0.0,0,2.6612949400245896,0.23621537716594768
259,0.5531053308167961,105.11631018575736,True,6448.4080790728585,0.2825337060003221,0.0004214000000501983,True,True,6645.149915735723,93.51692460268586,0,0.9913373328369469,1.0222820505499841,0,0.0,0,1.681569956231968,3.0510140528019964,True,True,99.99999867229687,0,0.9867535405182654,1.0499999925192296,0,0.0,0,1.9479535015132257,1.7558286329823848e-10,True,False,6112.051905894953,137.45955149748983,4,0.980537163178106,1.0000000000477314,0,0.0,0,2.6381636649083475,-5.216111775846768
260,0.8469094145170247,165.37907623824233,True,9937.422804409469,0.2871070069995767,0.0004343999971752055,True,True,10396.280284918717,92.32050731626408,0,0.9898379839539759,1.045538020133972,0,0.0,0,3.043112152023838,4.617469667861332,True,True,99.99997344633022,0,0.9703470120028204,1.0499997673281978,0,0.0,0,2.639893364206756,3.127554864780753e-08,True,False,9738.3586145034,106.07269560525283,2,0.9650287175651264,1.0000000000675395,0,3.124699430147473,0,3.124699430147473,-2.0031771896835644
261,0.6085634468917475,116.12531923824841,True,4606.814187014419,0.3294211649990757,0.00038440000207629055,True,True,5229.460347872262,64.68986537832959,0,0.9943835938544628,1.0343978345394138,0,0.0,0,2.0606890458016807,13.515764669079033,True,True,72.0299159502116,0,0.972406348590718,1.0295247720036578,0,0.0,0,2.4642824300302664,6.50310400434272e-08,True,False,4512.3205638763,75.60863435946969,0,0.969406771438222,1.0000000000545937,0,3.1657985281370316,0,3.1657985281370316,-2.0511706434799635
262,0.6771381372296201,127.62933981115806,True,8978.694699765276,0.3174426059995312,0.00042519999988144264,True,True,9143.50530921805,84.72694739299259,0,0.9838036715746779,1.0326734006404876,0,0.0,0,1.5622355446324008,1.8355931765789375,True,True,94.48030520108142,0,0.9822541134403041,1.0496437530262113,0,0.0,0,1.389872996344863,1.8568392698972955e-05,True,True,8990.925269303021,92.49733116956715,0,0.9757325704937567,1.000000000070535,0,0.0,0,1.542085103613303,0.13623627283347156
263,0.6495869138008514,120.58304111896935,True,5963.415811701221,0.27735990600012883,0.00045620000310009345,True,True,6133.324654302001,70.27594033029641,0,0.9958044177098623,1.0417469859123232,0,0.0,0,1.8311657692584333,2.849225319498641,True,True,72.3753765199626,0,0.9770551958547785,1.0459305813196258,0,0.0,0,1.7273374674025632,3.767309455548519e-05,True,False,5988.711791142362,73.59619347521726,0,0.974494694403873,1.0000000000192146,0,2.7100492024154192,1,2.7100492024154192,0.42422390745514005
264,0.6212424464281208,120.90141438455638,True,2953.214561272703,0.27936776200112945,0.0004828000019188039,True,True,3011.6358447541015,83.32479671470314,0,0.9936441981649339,1.0294935226440427,0,0.0,0,2.1314799591167883,1.9782569240874157,True,True,71.5542732514256,0,0.9728635479430624,1.0444478965837767,0,1.2179934174127993e-05,0,2.393544720078694,2.948763338007951e-05,True,False,2952.760113184199,71.97610831639352,0,0.9745297740543534,1.0000000000000002,0,2.6934235444455226,1,2.6934235444455226,-0.015358768555983613
265,0.5011775271599471,95.487450569215,True,2949.0288958079927,0.4909081080004398,0.0003310999964014627,True,True,3039.620894341858,65.81584456500651,0,0.9970969414210792,1.0246160835027696,0,0.0,0,1.3327329702114667,3.071927282753079,True,True,99.99995383639416,0,0.9943328625962491,1.0499996966338945,0,0.0,0,1.765391861136564,8.123622440849076e-07,True,False,2919.18970466465,138.4594826093607,3,0.981241598198885,1.0,0,0.0,0,2.5236862815729353,-1.0118302832286168
266,0.5083076401403598,97.31482554501068,True,4311.249586655378,0.28587639900069917,0.00040269999590236694,True,True,4469.603516288735,53.34526129610014,0,1.0004372196233875,1.0260166943073272,0,0.0,0,1.787360957005589,3.673040231259443,True,True,58.49390651882958,0,0.9747665777651068,1.0204013147180047,0,0.0,0,1.9137948348296305,4.82034242492897e-08,True,False,4248.720487989624,55.169366030397484,0,0.9788131515845175,1.0000000000553724,0,2.0553909216192494,1,2.0553909216192494,-1.4503706027893037
267,0.8812644067670841,171.28992862245775,True,11612.370492600157,0.3288848309985042,0.0003843000013148412,True,True,12211.302026768431,86.34698920779275,0,0.9909881226509694,1.0383084535598752,0,0.0,0,2.6358540324622197,5.157702594409241,True,True,95.27348613269261,0,0.9697039585127669,1.049999960377364,0,0.0,0,3.1021668574923353,8.004425847455711e-12,True,False,11597.136264205028,97.76020661423873,0,0.9666596408590261,1.0000000000000002,0,3.5009322393226796,0,3.5009322393226796,-0.1311896516211644
268,0.6330202187000887,123.52632402528234,True,4220.155946158685,0.2862461880013143,0.0003108000018983148,True,True,4258.31066785251,88.97787458685524,0,0.9930000010935875,1.0326684534549713,0,0.0,0,2.4225674859834925,0.90410691644233,True,True,92.81263979755418,0,0.9742900424667517,1.0346201417296328,0,0.0,0,2.2541686219074393,2.349469893179212e-09,True,True,4227.025615536096,88.9266454564777,0,0.9719363688910609,1.0000000000000002,0,0.0,0,2.4196931518420257,0.16278236075556826
269,0.5021692289628104,98.0862229756674,True,4445.007638995347,0.3186545610005851,0.00038440000207629055,True,True,4485.9500890687395,69.93550171307315,0,0.9920579095962204,1.0233469411730767,0,1.212245742721052e-05,0,1.1582801547938288,0.9210884671822656,True,True,76.87323911272499,0,0.9839700835889954,1.0328282796122403,0,0.0,0,1.3432438181286557,5.917954206413771e-08,True,True,4536.072481574384,97.66152005798313,0,0.9773059482536877,1.0000000000324327,0,0.0,0,1.5521457875466638,2.0486994097505327
270,0.7782449696573666,149.7905730637142,True,5699.08223269567,0.2963071049998689,0.0003467999995336868,True,False,5434.673338975915,105.24813481305395,1,0.9912309731131748,1.038317549228668,0,0.0,0,2.989980788919553,-4.639499535504503,True,True,99.99999961693845,0,0.9758447125913482,1.0499999974690144,0,0.0,0,4.217188244206113,1.0709827818570784e-10,True,False,4991.491513888309,111.64438859964463,1,0.953787785334519,1.0000000000068652,0,4.918689140221218,0,4.918689140221204,-12.415871361577542
271,0.725999750471133,136.2049315676691,True,7677.36138440978,0.28764468699955614,0.00042669999675126746,True,True,7914.417176737366,97.72896401008673,0,0.9849054593266733,1.0360376477241517,0,0.0,0,1.9723919016037712,3.087732046920019,True,True,100.00000277510956,0,0.9656454864522834,1.0499999834425076,0,0.0,0,2.635053677878261,7.0187947430674e-06,True,False,7517.795244149729,139.5826639674214,2,0.9743085695505248,1.0000000000159657,0,0.0,0,2.7698181759955673,-2.078391319776339
272,0.6831756585166228,132.757531658365,True,5059.535981075561,0.329942944999857,0.0003108999953838065,True,True,5198.516829356002,82.97377241645523,0,0.9958488647508799,1.0313760489225388,0,0.0,0,1.8307374952177042,2.7469089860517903,True,True,99.99999237395782,0,0.9847990198237557,1.0499999047270996,0,0.0,0,2.132033372350719,4.544511105664433e-09,True,False,4996.845374023345,145.87672387993976,2,0.970146129624351,1.0,0,1.6696223915212869,0,3.912090733156276,-1.2390584247175653
273,0.7683753078035138,143.59106276959196,True,6230.092981432176,0.33732546099963656,0.00042409999878145754,True,True,6510.331658266353,94.31819469907025,0,0.9830485026484219,1.0264286279678345,0,0.0,0,1.7888691004546615,4.498145985934453,True,True,99.9999995137714,0,0.9500000328151739,1.049999992675302,0,0.0,0,2.301652539659443,8.142425416582808e-09,True,False,5937.221568791919,115.32097174161251,1,0.9731878089637068,1.000000000000437,0,0.0,0,1.9029135537129775,-4.700915588734892
274,0.5509925002787315,104.70406053611494,True,5780.436670788051,0.36781833399982133,0.00042519999988144264,True,True,5927.053365452645,98.33794529111698,0,1.0026374439531949,1.0397103428840637,0,0.0,0,1.3891738399846218,2.536446929806677,True,True,100.00000698430446,0,0.9937024130431955,1.0499999056548812,0,0.0,0,1.7792907072923612,1.710463810368848e-05,True,False,5778.684164636586,111.3524008697629,1,0.9797058918621302,1.0000000000470661,0,0.0,0,1.7549227946947354,-0.030300785705397907
275,0.7381764024130236,136.8497551781038,True,6830.945079530963,0.3803318030004448,0.00042720000055851415,True,True,7104.206958178329,99.42018355272229,0,0.9876221511035278,1.0299574822187423,0,0.0,0,1.8289553957744147,4.000359041994087,True,True,86.26260568302413,0,0.9764150710183175,1.0499377518907138,0,0.0,0,2.232478110678244,6.341246867674278e-06,True,False,6860.753459598813,86.24706885485429,0,0.9701943001831337,1.0,0,2.8884318573090724,0,2.888431857309058,0.4363790775376904
276,0.7546084169084517,146.40766921476373,True,5247.918590341158,0.2563057070001378,0.00030900000274414197,True,True,5337.710153677096,83.71403242050827,0,0.9829816289137225,1.033423948287964,0,0.00023806473891951896,0,2.160288490410238,1.7109939708811017,True,True,81.43269374092279,0,0.9795125384257015,1.049999095699301,0,0.0,0,2.0127388070521874,1.3754114595546708e-07,True,True,5370.909063445003,84.74204529123924,0,0.9692914755802295,1.0,0,0.0,0,2.2622999416715857,2.3436049621162187
277,0.5143748174351838,94.19066614855203,True,2588.270108294478,0.25326330800089636,0.0003491000024951063,True,True,2715.129500300979,56.79345335503441,0,1.0006372261258263,1.0367430806159976,0,0.0,0,1.9525866033910688,4.9013198694309015,True,True,59.3851943049695,0,0.9713333245307401,1.0203948347976544,0,0.0,0,2.161702417048147,1.87316186871448e-07,True,False,2569.935821116426,59.21850433407386,0,0.9760572377350916,1.000000000070358,0,2.305219306746963,0,2.305219306746963,-0.7083604723244213
278,0.5209926592976077,96.10156932950511,True,2336.697718281078,0.2444223439997586,0.0003158999970764853,True,True,2494.9288793016476,82.3357153133729,0,1.0009785659560702,1.0324262887239457,0,0.0,0,1.7812112704493757,6.771571710514477,True,True,53.095196362562426,0,0.9750700208495883,1.0184855273113365,0,0.0,0,1.9031602943780115,2.5282844768045416e-08,True,False,2304.4031628331645,50.947428095413485,0,0.9796640041127737,1.0,0,2.0451341845719355,1,2.0451341845719355,-1.3820595883087183
279,0.6170675995779974,120.19287622193185,True,5113.558439160791,0.2632451810004568,0.0004251000063959509,True,False,5250.600336977662,100.1677392400376,1,0.9953031820185468,1.0395375847816468,0,7.451911221778573e-05,0,1.6879240994004618,2.679971285903266,True,True,99.99999739384155,0,0.9915117131099539,1.049999975180866,0,0.0,0,1.9212875536081953,7.717499481908784e-10,True,False,5175.40738989893,114.54441288163513,1,0.9762943847630905,1.000000000039565,0,0.0,0,1.9743524276411222,1.20950902417438
280,0.5993958367840071,115.67396722391035,True,5677.49841805364,0.2611245730004157,0.0003930999955628067,True,True,5830.792193259409,93.26796783196,0,0.9853677453191323,1.0367222279310229,0,0.0,0,1.4204456194164834,2.700023213173269,True,True,99.99999818774376,0,0.9931611646634799,1.0499999823072046,0,0.0,0,1.5843643913750896,1.58206467238487e-10,True,False,5597.500478003313,125.0564835125322,2,0.9806287962265184,1.0,0,0.0,0,2.161015334075657,-1.409035003639796
281,0.5128677518549328,98.14205433225783,True,6700.684618172608,0.3309455329999764,0.0004291000004741363,True,True,7103.316707521258,80.19301990079543,0,0.9922654796713162,1.025780737400055,0,0.0004123785165006666,0,1.3554847250096316,6.00882024483579,True,True,99.00485499333959,0,0.9995482468844676,1.0499998030977316,0,0.0,0,1.8329780781147775,6.378292967606366e-08,True,False,6786.39943359238,104.66438970383072,1,0.9807814835556546,1.0,0,0.0,0,2.0092563321905317,1.2791949574208192
282,0.5406684543043636,101.04345015656986,True,2814.760740456936,0.2838213069990161,0.00030890000198269263,True,True,2863.126380940218,58.553601400987766,0,1.0030951934832772,1.0446196258068086,0,0.0,0,1.8581202022344883,1.7182866942558528,True,True,60.87667949590041,0,0.9776150234812865,1.0280551322590896,0,0.0,0,1.8451245660219797,6.564546839181575e-07,True,True,2818.4935705124376,61.17554706442302,0,0.9746309478101178,1.0,0,0.0,0,1.918875188168613,0.13261690430670373
283,0.8172490308723013,151.18266693900765,True,6903.181835204205,0.2969467760012776,0.0005410999947343953,True,True,7061.224630668115,81.7097662549817,0,0.9963000593133197,1.0375817596912384,0,0.0,0,2.5420765468064133,2.2894219934740625,True,True,99.19623317565761,0,0.9781133076290299,1.0490356851843636,0,0.0,0,2.4487201060143207,2.375236158594561e-06,True,True,6911.3035346086845,96.33455119577658,0,0.9671243867452066,1.000000000005923,0,0.0,0,2.6022237133546184,0.11765391319755335
284,0.6305040778663148,118.4801998707074,True,4062.0102277924557,0.26801673699992534,0.0004942999948980287,True,True,4197.661225514139,76.61030296408416,0,0.9805958178414587,1.0334788054227828,0,1.0139207752501989e-05,0,1.3996486561712942,3.3395665791439355,True,True,95.9113297142761,0,0.9816836203098107,1.0441692658760147,0,0.0,0,1.7015735819008029,6.0469078984953025e-05,True,True,4161.345651911126,99.86865443953886,0,0.9709029017433497,1.0,0,0.0,0,1.890578315899134,2.445536443172515
285,0.5131411633699676,95.68199551953798,True,2464.689821307601,0.2640808889991604,0.00043480000022100285,True,True,2624.8266923945002,79.38678351471856,0,0.9932209124684052,1.0312126100063324,0,0.0,0,1.8181334663133697,6.497242361070598,True,True,56.78720510149638,0,0.9743172660800272,1.0202632385511807,0,0.0,0,1.9507617260404686,1.984645415562797e-09,True,False,2440.242134187076,54.522807938866066,0,0.9776564814386031,1.0,0,2.1253475245940194,1,2.1253475245940194,-0.991917395071024
286,0.8893353487274707,167.64406485038148,True,6525.466836520769,0.2739658540012897,0.0008597999985795468,True,True,6929.325394120336,96.74632012945051,0,0.9871509768005735,1.0298229038715363,0,0.0,0,2.83945461105219,6.188964912451191,True,True,99.99999119629705,0,0.981079476355657,1.0499999319372322,0,0.0,0,2.9035079077359,4.261401011789185e-06,True,False,6099.9374939716545,127.12629373473645,4,0.963514162386076,1.000000000058749,0,0.0,0,3.793327273341589,-6.521051953321992
287,0.5370389336590579,100.3545186300339,True,4958.749399484407,0.3008119030000671,0.00043220000225119293,True,True,5155.563470250961,53.52621625634361,0,1.0061734753752236,1.0370652347803115,0,0.0,0,1.2788990473026587,3.96902636106241,True,True,65.50427602916645,0,0.9844560741731523,1.0286033431700643,0,0.0,0,1.3780885581989537,1.513058220520161e-09,True,True,4981.601685114345,63.12615632802429,0,0.9784810157074206,1.0000000000000002,0,0.0,0,1.4537213026836753,0.4608477635044116
288,0.7747769447392501,149.0271284614747,True,8437.53327284268,0.2850018689987337,0.00043789999472210184,True,True,8716.122266130837,93.6252383072681,0,0.9915371513173047,1.0294789969921112,0,0.0,0,1.940254101765646,3.30178309447205,True,True,99.9999939790589,0,0.9791849839714593,1.0499999537107632,0,0.0,0,2.410895927137659,6.184518279168956e-07,True,False,8290.899800582518,109.70359357871693,2,0.971467564187364,1.0,0,0.0,0,2.566421649695343,-1.7378707288408575
289,0.6514247693777093,127.07057948029106,True,5230.015275884722,0.2558732809993671,0.00042749999556690454,True,True,5248.576576859476,81.03474653072807,0,0.9952837118395138,1.0422902405261993,0,0.0,0,3.078640253612349,0.354925663892416,True,True,83.61739164498458,0,0.9695911771250282,1.0422073872504116,0,0.0,0,3.0961489481741467,2.6015908020902105e-05,True,True,5235.266879650322,84.3661178165654,0,0.9655858896117073,1.0000000000000002,0,0.0,0,3.221064607940349,0.10043882265578996
290,0.7156610749927165,139.28212961959952,True,6393.169384094736,0.30774639700030093,0.0004422000056365505,True,True,6638.303363189372,92.21798458658543,0,0.9893235794496313,1.0343734502792359,0,0.0,0,2.67635990027145,3.8343107608188935,True,True,96.92623043287536,0,0.9732596332477037,1.049999286080299,0,0.0,0,2.558384827874306,3.852019857996354e-08,True,True,6407.028886429062,97.92266195902683,0,0.967141636773839,1.0,0,0.0,0,2.7388764448855056,0.21678613485209086
291,0.6448198177758874,122.73083441180691,True,5305.200238668427,0.2704416830001719,0.000632800001767464,True,True,5588.42015454454,92.47317666023595,0,0.9919634786619005,1.0278407841920851,0,0.0,0,1.9497028253460655,5.338533950805924,True,True,99.99999754961895,0,0.9819994814493612,1.0499999570654563,0,0.0,0,2.2993083983518403,4.1939752286995327e-10,True,False,5144.7638836427905,117.97841332481505,2,0.9735472603184706,1.0000000000000002,0,0.0,0,2.3401756062019388,-3.0241338269321987
292,0.6721672742706124,130.3717558040234,True,7431.846527557945,0.268785227999615,0.0004665000014938414,True,True,7652.509999495622,90.02668403933274,0,0.9889951922552034,1.0279948234558107,0,0.0005001219072227059,0,1.7383935975846612,2.9692004510408685,True,True,99.99999084974961,0,0.9811491758840892,1.0499998911948594,0,0.0,0,2.1100564650132583,3.8532184064270386e-05,True,False,7163.868766121291,144.5124959503471,2,0.9710692363035001,1.0,0,0.0,0,2.538497921503847,-3.605766077755775
293,0.502896498101713,97.17753005978506,True,4674.69114893313,0.33042189099978714,0.0005194999976083636,True,True,4890.890804605279,92.85277102760607,0,0.9892833133151407,1.0207643449306487,0,0.00012069038165307688,0,1.3352854413509618,4.624899246425101,True,True,99.99999968253962,0,0.9999999999985428,1.0499999758553697,0,0.0,0,1.7696213361975168,2.0455897200522292e-06,True,False,4176.284064686024,138.61198905430425,2,0.9822172821970051,1.0000000000000002,0,0.0,0,2.2032640457696573,-10.661816640682579
294,0.6268963058096841,115.87157400319389,True,3643.15405423985,0.31111979900015285,0.0004122000027564354,True,True,3784.7368187588645,97.12320731001795,0,0.9905385456630245,1.0288609743118287,0,0.0,0,1.9492796779369286,3.88626966840075,True,True,99.99999573262764,0,0.9911840068689461,1.0499999514851481,0,0.0,0,2.164177624263033,6.992301572717063e-07,True,False,3703.4745634237383,103.57493387523331,1,0.9748797408113189,1.0000000000046003,0,0.0,0,2.173210214500145,1.6557228758827527
295,0.8643881833615505,163.9986013282087,True,11058.756457529325,0.3077021800017974,0.00042969999776687473,True,False,11468.493464443272,101.90714140075194,1,0.9826044707612825,1.0295998007059097,0,0.0,0,2.2080364480675314,3.7050911510498006,True,True,99.99999884165261,0,0.9824081975790323,1.0499999924407568,0,0.0,0,2.21432585388186,8.82457099720993e-11,True,False,10671.744039378691,127.5948820615771,2,0.9651298682775361,1.0000000000050782,0,0.0,0,2.368830020055327,-3.4996016019298506
296,0.6918154883779193,131.99097193424933,True,4986.6599173203085,0.28992938400006096,0.0006087000001571141,True,True,5362.475124367176,77.44876810369654,0,0.9921739806506529,1.0310755372047424,0,0.0,0,1.827626194244857,7.536411430007051,True,True,99.9999966597563,0,0.9865879575691078,1.0499999789811592,0,0.0,0,2.3438273814528827,1.7485211298251228e-08,True,False,4927.688991192677,139.06868173497534,2,0.9751724622842073,1.0000000000000002,0,0.0,0,2.7721070396818845,-1.1825736313236228
297,0.8744167119296651,167.38293184389383,True,7414.806102613652,0.2749292610005796,0.00046329999895533547,True,True,7753.091725662258,94.36211794125565,0,0.9909302764920762,1.0384220957756043,0,0.00031142334447054054,0,3.5773608067577527,4.562298978251299,True,True,99.99999820631086,0,0.9699030077914761,1.0499999914323153,0,0.0,0,3.8659596094774997,1.3222669277446359e-10,True,False,6870.75281869343,130.65523690526027,4,0.9637249799705835,1.0000000000000002,0,4.633668985750717,0,4.633668985750717,-7.337390572079337
298,0.5789956349388596,111.48336779057762,True,5495.488826214452,0.3986553550003009,0.00038530000165337697,True,True,5929.513027617943,78.73109945905144,0,0.9940267170358684,1.0240113675594331,0,0.00031396478213707724,0,1.0499350880553777,7.89782916542914,True,True,99.9999989651586,0,0.9758450159506667,1.0499999933298894,0,0.0,0,2.302033503873801,1.988294364715829e-06,True,False,5333.6553252802205,147.9735694733818,2,0.9748071170564849,1.0000000000702125,0,0.0,0,1.8569068646603313,-2.9448407594514547
299,0.8967976826258377,172.45568399906742,True,9636.650867545395,0.3290346820012928,0.00038079999649198726,True,False,8542.020717343445,107.7881207075886,1,0.9850052491438402,1.0445290386676789,0,0.0,0,3.021925336474652,-11.358990516079226,True,True,100.0000056487125,0,0.9746765307244786,1.0499999948601542,0,0.0,0,3.2743149555299738,4.556404077511306e-05,True,False,8240.399213880384,113.67122546111787,2,0.9635688166309537,1.0000000000675136,0,3.236309081999508,0,3.236309081999508,-14.48893311792045
300,0.5890266984360767,111.61670910708777,True,3177.892421287744,0.2847895890008658,0.00033989999792538583,True,True,3382.2092617821127,77.9763082682746,0,1.001935576770784,1.0386932849884034,0,0.0,0,2.0484392123346566,6.429340078832116,True,True,67.3757138506183,0,0.9694737039755661,1.0282612284859285,0,2.430525387353555e-05,0,2.7913899438466814,1.982756242582074e-05,True,False,3145.3395209565733,67.38229928407345,0,0.9721903212886688,1.0,0,2.9633867447100783,0,2.9633867447100783,-1.024335388729835
301,0.5296226755648548,98.84185749847424,True,6575.316099786323,0.2727804660007678,0.0004345999986981042,True,True,6669.827519346959,84.25936674346237,0,0.9927761631571433,1.0315295368433,0,0.0004099185992281207,0,1.2187183302971363,1.437374352359631,True,True,89.70099683503689,0,0.9954381573284677,1.0499814783168373,0,0.0,0,1.2516073830498726,7.311197555490055e-06,True,True,6649.261367489536,95.38793401431492,0,0.9802056250835193,1.0000000000134759,0,0.0,0,1.4239889546198867,1.1245961824747837
302,0.6662826876957471,121.92523947766803,True,8063.261103365099,0.315204716000153,0.0006626000031246804,True,True,8096.354032103485,84.40775019189729,0,0.988212021494554,1.03012580871582,0,4.253134901688327e-05,0,1.85547076037939,0.4104161897256393,True,True,91.44774860024,0,0.9860285204048207,1.0391226789678107,0,0.0,0,1.7211117673785026,3.0837899119899566e-09,True,True,8132.304495601828,89.26210185587306,0,0.9751681930628859,1.000000000044871,0,0.0,0,1.8403052847206567,0.856271322513642
303,0.7970868323596999,153.56144386551745,True,8389.58581548457,0.32263690600120754,0.0005253999988781288,True,True,9203.829208468173,83.23070389747272,0,0.9860694128614738,1.0281423509120942,0,0.0,0,1.8726829336242758,9.705406349311536,True,True,99.99999598289364,0,0.9658846131884363,1.0499999836954772,0,0.0,0,2.7013925301897643,1.5573702964245597e-08,True,False,8026.446690402294,158.06205355105857,2,0.9676316524491723,1.0000000000000002,0,0.0,0,2.8936742568772615,-4.328451151450399
304,0.8733914763904806,161.46330870610518,True,8462.497351671527,0.3533592910007428,0.0004453000001376495,True,True,8965.246429291052,81.42670152995919,0,0.9889308535473315,1.036630541086197,0,0.0,0,3.574202621368528,5.940909835937524,True,True,84.60479162491058,0,0.962260948431529,1.049991875926062,0,0.0,0,4.987070912254211,2.8991047120823596e-06,True,False,8423.795924386428,87.71157795041924,0,0.9573649001714943,1.0,0,5.584814622762622,0,5.584814622762622,-0.45732579240087284
305,0.5919320089842847,112.85877979650452,True,6222.657664439919,0.299785729001087,0.0003539000026648864,True,True,6305.166217516625,81.01157807935057,0,0.993826926400886,1.0349595785140993,0,0.0,0,2.1368417670220623,1.3259375288948372,True,True,91.79035999624983,0,0.9711342033978156,1.0378099480881533,0,0.0,0,2.432383685348313,3.025365325669445e-09,True,False,6219.77710560935,95.89009368461218,0,0.9706877277953632,1.0000000000000002,0,2.6896554388716254,0,2.6896554388716254,-0.04629145290861486
306,0.6541712509001547,120.28495987206598,True,4915.650359212841,0.3436214960001962,0.00031409999792231247,True,True,4950.99597187616,86.1882725879799,0,0.9899161226301254,1.0328838020563127,0,0.0,0,2.379107028574964,0.7190424885173369,True,True,92.98415482632927,0,0.9762721209036758,1.0328188575719233,0,0.0,0,2.1370624673305656,4.052470086580742e-08,True,True,4922.404435430853,89.61233459095284,0,0.9743149040559669,1.0,0,0.0,0,2.2914882440195896,0.13739948367448027
307,0.6510576397349283,121.79302360940252,True,6644.122857478739,0.29147645799821476,0.00043429999641375616,True,True,6885.586532014744,95.51028153390327,0,0.9832372485818068,1.0330937027931213,0,0.0,0,1.8367526078113343,3.634247429340527,True,True,99.99999153886048,0,0.9884740951403087,1.0499999609909525,0,0.0,0,2.3878167608654053,2.75378345318753e-06,True,False,6661.1100412863825,139.4126941339632,2,0.9754881693231576,1.0000000000458396,0,0.0,0,2.6789064748507485,0.2556750921766618
308,0.6980131820331485,134.2349352438019,True,7126.298644632826,0.3048451600006956,0.0003839000055450015,True,True,7535.589412656228,79.32341402251602,0,0.9921487834945125,1.0320468693971634,0,0.0,0,1.980673082592773,5.743390096944249,True,True,81.71600829774961,0,0.9804812795238392,1.0499731358514508,0,0.0,0,1.8145883449205655,4.811980749831568e-06,True,True,7191.974891452452,82.83319939547779,0,0.9718589105509232,1.0000000000000002,0,0.0,0,2.0043017921687465,0.9216087645377781
309,0.7307040005599037,136.06200827639398,True,5010.4778011519775,0.3426090539996949,0.0004254000014043413,True,True,5452.342005241459,95.41730962435688,0,0.9912308003380825,1.0275207310914993,0,0.0,0,2.0355616590475165,8.818803747386495,True,True,99.99999951369301,0,0.9607886173101304,1.0499999958507353,0,0.0,0,2.604569604059094,8.749194461131052e-12,True,False,3861.3776145600855,160.83363535707204,2,0.970199021754019,1.0,0,0.0,0,2.741219252488605,-22.93394427029215
310,0.7919348275741914,150.586051645182,True,6550.042607949193,0.3583660840013181,0.0004307999988668598,True,True,6740.6321746184585,97.58563161355337,0,0.9814121450869269,1.0369959354400635,0,0.0,0,2.2072382999455726,2.909746406826515,True,True,99.99999498186472,0,0.9829189933700611,1.0499999795748396,0,0.0,0,2.5179102997626615,9.310868756527695e-07,True,False,6501.612314847864,140.49187566119383,3,0.9712121570748957,1.000000000066384,0,0.0,0,2.9460401170314867,-0.7393880538562394
311,0.7472371124367508,142.81502655245782,True,5180.501526544164,0.31804036399989855,0.0003843000013148412,True,True,5449.748426672306,80.0305572369507,0,0.9847063371346031,1.0355639576911926,0,0.0,0,2.5221540336615647,5.197327748786128,True,True,83.07278832649997,0,0.9715945658513193,1.0494203820734962,0,1.879934931992011e-05,0,2.4096790971526048,1.363800985098503e-05,True,False,5146.013803361659,83.70153540674623,0,0.9711884579195134,1.000000000037121,0,2.70151609744093,0,2.70151609744093,-0.6657081595658192
312,0.8749146200101882,164.14920083597846,True,12092.416711174636,0.2920549580012448,0.00042409999878145754,True,True,12543.625500510634,94.2591812503315,0,0.9794682781053946,1.0401820182800294,0,0.0,0,2.413756869683027,3.7313367556453905,True,True,99.99999604251406,0,0.9500000790733373,1.0499999893277867,0,0.0,0,3.116020922199567,4.29430367253742e-10,True,False,11979.737407133545,131.01669852637497,4,0.9668272463795268,1.0,0,0.0,0,3.7379338786122958,-0.931817904402173
313,0.695057078705533,131.60256277418418,True,4526.504793575302,0.2510283610008628,0.0003865999970003031,True,True,4600.407801865437,77.86739447761298,0,0.9923386560804508,1.0291651368141177,0,0.0,0,2.159885171494494,1.6326731977354756,True,True,75.48836303409968,0,0.9732194816582367,1.0339010740041206,0,0.0,0,2.2344411997499094,4.840610011327125e-07,True,False,4523.884666042676,136.2024507233625,2,0.9712272031366509,1.0,0,3.703735506897516,0,3.703735506897516,-0.057883637679631894
314,0.8156733219949073,151.7702339184097,True,10888.809071918888,0.31465208400004485,0.00042499999835854396,True,True,11470.992829520272,89.52264209538393,0,0.9919174403773624,1.0360350728034973,0,0.0,0,2.2628769147349885,5.346632781162099,True,True,99.9999757091838,0,0.9782796690152161,1.049999603012272,0,0.0,0,3.261810132068547,7.65161304518819e-06,True,False,10884.020924796845,112.39502655465425,1,0.9670053037572054,1.0000000000477125,0,3.6056876199712633,0,3.6056876199712633,-0.04396545377238397
315,0.8068676685261429,153.43812117038067,True,7357.428519630957,0.27108146699902136,0.00045279999903868884,True,True,7544.461818643462,93.06853120249878,0,0.9918782647762492,1.0363306581974028,0,0.0,0,2.7483827624618584,2.5421302772203194,True,True,99.9999912710759,0,0.9766085632366804,1.0499999131134052,0,0.0,0,3.111297725244924,2.8086958723746596e-05,True,False,7014.867775674767,150.92297226331564,2,0.9646021366624832,1.0000000000000002,0,4.6383630187387865,0,4.638363018738801,-4.6559578904391
316,0.6823830784858689,124.60205459009356,True,7064.1876474441215,0.27492336700015585,0.0003910000014002435,True,True,7491.591847552041,83.3996108314306,0,0.9864404125762748,1.0303667038679123,0,0.0001180339248492146,0,1.6216937633148518,6.050296691404944,True,True,99.99999548436308,0,0.9945796445717787,1.0499999683643455,0,0.0,0,2.1180126344406176,1.487000774669546e-06,True,False,7069.907009298447,140.64286943326687,2,0.9770496239907978,1.0000000000226077,0,0.0,0,2.714498784230358,0.08096425617978152
317,0.6500659462449679,124.54432053005006,True,8764.192861919033,0.2609531029993377,0.00038139999378472567,True,True,8946.704354946722,88.33036993419591,0,0.989891047240435,1.0309704422950745,0,0.00018050455132367915,0,1.690527865176179,2.082467787228638,True,True,99.99999785061169,0,0.9902681966766554,1.0499999652375267,0,0.0,0,2.074275600753168,1.479504863443781e-09,True,False,8718.114438901202,107.58232124910887,2,0.97444292365777,1.0000000000772202,0,0.0,0,2.261207904998585,-0.5257577464898027
318,0.724714612071394,133.08251139309345,True,4022.3985879387924,0.29451217299902055,0.0003958000015700236,True,True,4178.166001650219,92.90034809712834,0,0.9876440081391751,1.028003454208374,0,0.0,0,1.8930730922038492,3.8725026232715987,True,True,99.99999460382081,0,0.9896236540678219,1.0499999389923345,0,0.0,0,2.096185705126885,1.8459042234733196e-06,True,False,3885.760868985115,145.95631839501058,2,0.9733255202290227,1.0000000000501554,0,0.0,0,3.1679865169604398,-3.3969196298935413
319,0.6527000484711694,124.81985106222587,True,8511.410879525316,0.24373756100067112,0.00038079999649198726,True,True,9091.271265196363,91.6274536674933,0,0.9845135470872467,1.0311555206775662,0,0.0,0,1.6813972661608432,6.812756094528601,True,True,99.99998973261675,0,0.9884423578248059,1.0499999663785873,0,0.0,0,2.158758407931643,1.4054736099735571e-05,True,False,8110.516193404595,133.4633022641362,4,0.9731475361775048,1.0,0,0.0,0,2.8029449706089906,-4.710071595456006
320,0.6070223120641107,112.20276470971025,True,4360.524184382893,0.252990895000039,0.0003364000003784895,True,True,4406.9833415378,68.27454806900568,0,1.000706288813883,1.0433598875999452,0,0.0,0,2.27209291881978,1.0654496381676948,True,True,70.76296621416527,0,0.9739729747376129,1.034259233778732,0,0.0,0,2.3162673996401537,7.258891783298898e-07,True,True,4365.150859020058,71.22030541738985,0,0.9707288682236442,1.0000000000000002,0,0.0,0,2.4110958884663063,0.10610436102828742
321,0.8629065791949009,166.73093123230393,True,6272.474297557858,0.27514575500026694,0.000443900004029274,True,True,6633.526471757563,93.75482766597224,0,0.9821624702469318,1.029628336429596,0,8.911171509140559e-05,0,2.038579028275308,5.756156925345749,True,True,99.99996379141439,0,0.9729823121238945,1.0499994536735024,0,0.0,0,2.1673852873300916,1.9438675790020182e-05,True,False,6325.806953195227,120.30346915256524,1,0.9685948660054787,1.0000000000000002,0,0.0,0,2.229387587726194,0.8502846366582718
322,0.8767075887063684,169.35065404269352,True,4724.123179071865,0.2894713550012966,0.000428699997428339,True,True,5073.271414401339,96.48637564109558,0,0.9830776066196395,1.028776115179062,0,0.0,0,2.611349754731606,7.39078883966339,True,True,100.00001055006096,0,0.9829189367585459,1.0499999783461171,0,0.0,0,2.8240914506907018,3.416654026644472e-05,True,False,4606.367214643346,135.54285005000523,2,0.9657116360450173,1.000000000045314,0,0.0,0,3.4252911473810173,-2.492618971365265
323,0.5025826599644113,95.82485998482365,True,6849.905569544817,0.2864370469997084,0.0006904000038048252,True,True,6915.634788503592,91.13787865407153,0,0.9847096290487009,1.0180048644542694,0,0.0,0,1.1597514386573522,0.9595639524286494,True,True,93.29090241722369,0,0.994238107154715,1.043977312462441,0,0.0,0,0.909106553465719,8.187215555014725e-08,True,True,6865.07937165086,92.07726048364758,0,0.9805376465375972,1.0000000000000002,0,0.0,0,0.9826529340463566,0.22151849500079404
324,0.7986993273728458,150.62720970214718,True,5281.866303935919,0.2954388010002731,0.0006207999977050349,True,True,5773.9703456885845,86.77979045752605,0,0.9924342321748472,1.0418656766414645,0,0.0,0,3.9984690318113962,9.31685959807014,True,True,91.29278498403191,0,0.9624885467009987,1.0499928480479042,0,8.497243300098489e-07,0,4.6842908848409195,4.4930644087753703e-07,True,False,5153.9886078225345,92.22951955786357,0,0.9591695137903019,1.0,0,4.971762321869164,0,4.971762321869164,-2.421069856707473
325,0.6410941660690058,123.06079831672118,True,5671.887572885175,0.27928023200001917,0.0004704999955720268,True,True,5806.895350441099,92.42501358960034,0,0.9875668044379599,1.026563307642937,0,0.00021309499540222987,0,1.8334196191606509,2.380323527835735,True,True,99.99999082830672,0,0.9937037792610351,1.049999916899607,0,0.0,0,2.061300731105291,2.5776490927123865e-05,True,False,5811.911412145996,106.29034569011344,2,0.9751072091001813,1.0000000000630123,0,0.0,0,2.275898636870764,2.4687608061386612
326,0.81154847919039,156.6613967072533,True,5260.226431819324,0.31102868400012085,0.0004571999961626716,True,True,5484.109716859949,95.8842260034533,0,0.9853023094638899,1.0380693286657334,0,0.0,0,4.22056060933545,4.256154481738834,True,True,98.8368418826609,0,0.9590835608847185,1.049993094140233,0,2.1878256006857555e-07,0,4.793987290939242,1.4220514857394214e-06,True,False,5226.676926295826,100.15203102497753,1,0.9549572128297139,1.000000000058153,0,1.8036009483676452,0,5.142204241114371,-0.6377944301887666
327,0.6307903519722221,118.95353637149499,True,4964.610106506839,0.32312700799957383,0.0003347999954712577,True,True,5018.842427404963,88.39653304961178,0,0.9874020692216277,1.0304125130176545,0,0.0,0,2.261579533927545,1.0923782397273887,True,True,90.86932655244236,0,0.9765556346441376,1.0322358925328248,0,0.0,0,2.0690771314262406,-8.116151078108958e-09,True,True,4971.917045445898,89.95668361921744,0,0.9743940178479832,1.0,0,0.0,0,2.2244896334433832,0.1471805112339893
328,0.7876288449911486,148.42656873654772,True,5782.233089742738,0.30078248599966173,0.0004008999967481941,True,True,6078.499137584995,94.08536967490633,0,0.9876936544740351,1.0272376000881194,0,0.0,0,2.3775889463531996,5.123731423489592,True,True,99.99999715669092,0,0.9846100941894698,1.0499999873039396,0,0.0,0,2.5067071264132323,7.560469127033247e-07,True,False,5764.425955118299,139.1390542870235,2,0.9682427531759367,1.0000000000503015,0,0.0,0,3.2810685290716037,-0.30796217942620924
329,0.5500993187174755,105.61944003342421,True,4638.79406424858,0.2722256449997076,0.0003341999981785193,True,True,4725.605708474653,62.057112855903895,0,0.9983812037004436,1.0323212176561358,0,0.0007915172879080501,0,1.3757975817387376,1.8714271119544397,True,True,63.88914534369764,0,0.9827508115183029,1.0387369845109635,0,0.0,0,1.4679177610270813,1.1765705787368233e-07,True,True,4702.822607965225,64.46078314520103,0,0.9767443249922559,1.0000000000252087,0,0.0,0,1.5770292093739613,1.3802843662174802
330,0.504306917476499,92.7679513743365,True,4230.720817197354,0.23482553800022288,0.00039969999488675967,True,True,4304.670174372682,75.49404359004102,0,0.9883020804780743,1.021877121925354,0,1.0949339056764984e-05,0,1.322713195360663,1.7479228382992478,True,True,51.44992225443771,0,0.984420304412491,1.0230584571033183,0,0.0,0,1.2683142326497574,8.786112070259782e-06,True,True,4320.818310877564,52.68141839263224,0,0.9792323127812026,1.000000000060181,0,0.0,0,1.3517058949840646,2.1296104660442725
331,0.7065175798256775,133.3741892477518,True,6605.997363345289,0.2652466130002722,0.00040270000317832455,True,True,6807.514753865176,84.80804287787835,0,0.986714449111919,1.033298933506012,0,4.772784176054756e-05,0,1.7082821138634756,3.050581732774882,True,True,97.65430340696278,0,0.9823909642320552,1.0444942191159607,0,0.0,0,1.8322935565386445,5.814624070155526e-05,True,True,6709.572246392296,94.5122386605987,0,0.9694836080253928,1.0000000000201184,0,0.0,0,2.0355877980167634,1.5679507380030575
332,0.5599920083138804,108.36731088040231,True,5803.054814231367,0.28900629400050093,0.00044720000005327165,True,True,5919.629003809521,92.60325528668628,0,0.9880333699744321,1.026387095451355,0,0.00029355290666188694,0,1.7866591267830927,2.008851634535761,True,True,99.37031423148477,0,0.9954366844011181,1.049999805012104,0,0.0,0,1.736994758960023,9.661256452811828e-06,True,False,5876.2709270957885,105.94792096985712,2,0.9794406510473673,1.00000000004921,0,0.0,0,1.9998486394746067,1.2616920385874906
333,0.6659658761324174,120.42011934440785,True,2790.9343818391067,0.2616239469989523,0.00039820000529289246,True,True,2834.149689007338,90.29425418220062,0,0.9825336554229467,1.0273241311311723,0,3.891689274126975e-05,0,1.8615848365172383,1.548418071329654,True,True,79.27991873855001,0,0.9843166343761669,1.0368808041883466,0,0.0,0,1.5922867739852222,8.877130925388795e-07,True,True,2938.9384461285667,75.14719722686466,0,0.9743404675779016,1.0000000000000002,0,0.0,0,1.6969575948507867,5.303030101383934
334,0.76345759575917,143.662101514437,True,5620.967815407233,0.3099657090006076,0.000432699998782482,True,True,5895.958344114831,96.02145057458003,0,0.9866931007778043,1.032128956913948,0,0.0,0,2.2470858485993688,4.892227576815686,True,True,99.99999714951024,0,0.9707871769762151,1.049999984289869,0,0.0,0,2.7828211693447997,1.4996185966268816e-07,True,False,5588.978669978394,135.7097553939022,2,0.9722203421326737,1.0000000000000002,0,0.0,0,2.9141127354317575,-0.5691037219572678
335,0.8666741677940724,164.66490965039904,True,8168.545034247266,0.3523395129996061,0.0004440000047907233,True,True,8627.868045340105,94.36974186021006,0,0.9842138631227653,1.0286441147327423,0,0.0,0,2.1260316864884032,5.623070239433456,True,True,99.99999873573373,0,0.9500000493427118,1.0499999951184624,0,0.0,0,2.6452661383004,1.5905016728554945e-07,True,False,7826.978804930593,130.77013888781443,2,0.9668722202779393,1.0000000000133031,0,0.0,0,2.2319488175548656,-4.181481713521897
336,0.5877713717635888,111.85041977072876,True,4385.6118644893895,0.27730279800016433,0.00039200000173877925,True,True,4402.318852585305,69.0318220449976,0,0.9994705580614901,1.0370912969112394,0,0.0,0,1.7493538850486772,0.38094999629269777,True,True,72.70557991701315,0,0.976439820327018,1.0351895716970227,0,0.0,0,2.016761815656551,3.1635423417000763e-09,True,True,4395.246199725936,73.59610532996305,0,0.9707382988216671,1.0000000000000002,0,0.0,0,2.4373645183192423,0.21968052972498428
337,0.8328017600191068,160.97348083541408,True,13387.282814877102,0.2858022919990617,0.000446999998530373,True,True,13634.190658693207,93.58979034877703,0,0.9865986345414963,1.0327784925699235,0,0.0,0,2.1011841850073836,1.8443462169188118,True,True,99.9999894791078,0,0.9721574434538708,1.0499998799493286,0,0.0,0,1.8487484791045858,2.407939449573144e-09,True,False,13302.569596505658,140.58994660491965,2,0.9657356579243475,1.000000000018356,0,0.0,0,2.63766900797134,-0.6327887385555598
338,0.5797316837264153,109.96693315379868,True,4077.3433009909595,0.2490149940003903,0.00039760000072419643,True,True,4091.4781224878966,96.7486876868742,0,0.9960486853575595,1.0362319588661195,0,0.0,0,1.6880421037688507,0.34669681099744654,True,True,95.9910221429827,0,0.9836911304810626,1.0403696672076035,0,0.0,0,1.6455652127788198,2.9273064176943574e-05,True,True,4088.757734895166,99.51215192300555,0,0.9744575613627422,1.0000000000000002,0,0.0,0,1.8448147238792671,0.27997718038870256
339,0.7983765440885943,143.3347976116648,True,4737.67911738844,0.2735189509985503,0.0003921000025002286,True,True,4872.387185421639,92.06461211604274,0,0.987801110443861,1.0361326515674592,0,0.0,0,2.6748355178127383,2.8433346422265955,True,True,99.9999825400255,0,0.9749736405122017,1.049999838629015,0,0.0,0,2.95486890907182,7.283991021334887e-08,True,False,4555.551895198599,147.36054722207194,2,0.9697497743450978,1.000000000000049,0,4.1409549117187225,0,4.1409549117187225,-3.844228668909431
340,0.7444264449030008,143.41019381367468,True,4650.276757676016,0.3410628670008009,0.00039880000258563086,True,True,4811.312078945331,89.50219890854314,0,0.9891001111880876,1.0332286179065704,0,0.0,0,2.1112659340232085,3.4629191096778413,True,True,96.71649188266655,0,0.9728454031942906,1.0443276518155225,0,0.0,0,2.557542979197933,2.5464042707452498e-08,True,False,4648.530364551242,93.25830440779728,0,0.9696139557731105,1.0000000000663836,0,2.851971207556659,0,2.851971207556659,-0.03755458077172456
341,0.529308271367873,99.44973044177273,True,3760.536143356924,0.25995875599983265,0.0004549000004772097,True,True,3846.1824397631576,94.95275793908908,0,0.9925684922132237,1.0258240759372712,0,0.00011173965553368248,0,1.9080900658244673,2.2775038261029965,True,True,97.57144834215521,0,0.9987849156497519,1.0499984249696683,0,0.0,0,1.8764495311694844,1.5116471328574704e-06,True,False,3782.904526809341,103.14126600152187,1,0.9798060159126288,1.0000000000000002,0,0.0,0,2.0631405118215156,0.5948205198372833
342,0.5866267705672668,109.00887611693892,True,4977.639917804468,0.24909750199913105,0.0003515999997034669,True,True,5056.960152324479,65.50658499700926,0,0.9971713141543663,1.0325019091367724,0,0.0,0,2.197371758804337,1.5935309894361154,True,True,67.54579358290036,0,0.9705558943335851,1.0258686470190024,0,0.0,0,2.281928094381641,2.2295012364364906e-09,True,False,4974.555411717383,68.68494174227548,0,0.9719330349682939,1.0000000000210956,0,2.8872824783572923,0,2.8872824783572923,-0.06196723803068906
343,0.7229907501113004,133.37832811564016,True,3227.293965194705,0.3337963279991527,0.00046570000267820433,True,True,3250.321343643199,92.34733332445674,0,0.9953586532954666,1.033846402168274,0,0.0,0,2.4264342502387706,0.7135361000032014,True,True,97.73374505876149,0,0.9747673439966629,1.032921127554234,0,2.2499572295942016e-05,0,2.4903156478315225,1.627674125570014e-05,True,False,3183.4864659286995,94.43282885176706,0,0.9736960260668822,1.0,0,2.708696145361756,0,2.708696145361756,-1.357390481641715
344,0.5968307867466078,116.25000524305841,True,5296.786909838906,0.3100027560012677,0.00042780000512721017,True,True,5545.292073067099,79.28520252295786,0,0.9951640125810458,1.035200709104538,0,0.0,0,1.8000894519560688,4.691628197481892,True,True,99.99999379322405,0,0.9872999529443025,1.0494685373048025,0,0.0,0,1.8903412286169043,6.942724259044634e-06,True,False,5302.829209960123,112.05930203670891,1,0.9783060306729128,1.00000000006194,0,0.0,0,2.0801454507567883,0.11408177041827187
345,0.5198128030420164,100.77696948813333,True,2936.169815218967,0.30805540999972436,0.00036980000004405156,True,True,3251.690170295043,93.8474058157873,0,0.9848043122354374,1.028979229927063,0,0.0,0,1.6512965327136726,10.745994524963873,True,True,99.99999346836893,0,0.9985594516394704,1.0499999623193763,0,0.0,0,2.0631578496096807,8.995660119938139e-06,True,False,2943.9215351428215,132.9150062583846,3,0.9815143930409236,1.0,0,0.0,0,2.4366105748227653,0.2640169076342054
346,0.6399240541112841,117.54957601115346,True,6489.65843799081,0.2663523319988599,0.00044640000123763457,True,True,6938.216322180419,99.5595982757616,0,0.9891317971660708,1.0290726840496063,0,0.0,0,1.8677098842910027,6.911887407073525,True,True,99.99999427431638,0,0.994341413216548,1.049999881070684,0,0.0,0,1.7828660967049927,2.1325620000608467e-09,True,False,6507.994832316767,108.14502261373191,2,0.974605620995776,1.0000000000000002,0,0.0,0,2.0594343967002686,0.28254791280542835
347,0.6082626812843362,110.8580652864967,True,4265.793932169155,0.2659850849995564,0.00039180000021588057,True,True,4825.292030526457,83.36589479960097,0,0.988560454241258,1.0215236082673071,0,0.0002200039960804645,0,0.8750714144745473,13.1159921034705,True,True,99.99980085671373,0,0.9936958702826216,1.0494343481779758,0,0.0,0,0.8482895231281589,6.418132432565744e-05,True,False,4318.77109937355,100.1390976034916,1,0.9771541032777434,1.0000000000000002,0,0.0,0,0.9370278099764562,1.2419713631582103
348,0.6734869970443412,124.53884395702174,True,4246.048383431023,0.27727406499980134,0.0004043000008095987,True,True,4378.92513397278,72.67635651419509,0,0.9899138037475114,1.0396606624126432,0,0.0,0,2.043914665602827,3.129536390368621,True,True,76.2546496299947,0,0.9720344227958532,1.0475173013908856,0,0.0,0,2.7061991655819924,0.00011141479303469048,True,False,4253.626563814927,76.58011065515015,0,0.9731132544989162,1.0000000000309694,0,2.96576852902993,1,2.96576852902993,0.17858768597002347
349,0.6452027307877484,123.05655237042828,True,7488.367827001179,0.33808064599907084,0.00039939999987836927,True,True,7586.092515486674,80.72315479200176,0,0.9894582431463731,1.0324854761362077,0,0.00010527659884829177,0,1.5553081468175094,1.3050198767502756,True,True,99.99999080443361,0,0.9946545626268057,1.0499999096548398,0,0.0,0,1.9136403909505617,1.3319532074935898e-09,True,False,7553.039608810144,106.84375613070696,2,0.9747955427690334,1.0000000000000002,0,0.0,0,2.2166916059172053,0.8636298777469003
350,0.6980519071119539,133.98071144425333,True,4227.378281058166,0.3080718179990072,0.00035349999961908907,True,True,4335.851065517126,88.84885879660429,0,0.9951021471233823,1.0316815614700316,0,0.0,0,2.688190302062594,2.56595905406898,True,True,99.99999763499844,0,0.9799608490952497,1.0499999728192642,0,0.0,0,2.9868347459297695,2.6047015262418575e-07,True,False,3925.346461292353,145.47502081560785,2,0.9703375385125447,1.0,0,2.9099916190103556,0,3.929280174757025,-7.1446601051717264
351,0.8648116906404819,161.5886094696633,True,11180.935735330204,0.2901095590004843,0.0004426000014063902,True,True,11403.291587499607,93.60277480677783,0,0.9913384757637559,1.0356661200523376,0,0.0,0,2.3936039653481203,1.988705216435294,True,True,99.99998900292498,0,0.9789883876125386,1.0499999617134004,0,0.0,0,2.776267151411446,3.9801298219886645e-10,True,False,11174.96098064765,136.79786343030415,3,0.9703112038308279,1.000000000054539,0,0.0,0,3.291293372427873,-0.05343698219458961
352,0.7399225920431853,145.6727733900865,True,5403.641055403924,0.3295014720006293,0.00039739999920129776,True,True,5753.069544289934,91.1580424732728,0,0.9875571051156622,1.035035276412964,0,0.0,0,1.8652676004033424,6.46653781451725,True,True,99.9999946307604,0,0.9596112028874835,1.0499999737467358,0,0.0,0,2.0654015802410584,5.775114514439436e-08,True,False,5484.603516478201,115.1467130584496,1,0.9681138167775677,1.0000000000772413,0,0.0,0,2.191366982577307,1.4982946389588798
353,0.5606217698565852,103.38007773647266,True,6259.260750945073,0.2435728479995305,0.00038950000453041866,True,True,6488.057478573017,90.71862011452781,0,0.9919036003519579,1.033042585849762,0,0.0,0,1.054260175373372,3.6553324521263995,True,True,99.9999900154873,0,0.9577537255501779,1.0499999446038668,0,0.0,0,1.293304058383768,9.535143893756575e-07,True,False,6213.785146505651,125.38154217065885,2,0.9777570985056332,1.0000000000764888,0,0.0,0,1.5812501014302711,-0.7265322056317898
354,0.5620573562726608,110.19860532655458,True,5901.082066804954,0.2614258029989287,0.0003252000024076551,True,True,5983.605930566866,64.45323150907592,0,0.9958724671928071,1.0327912986278533,0,0.0,0,2.140813840609141,1.3984538611447757,True,True,66.89302297869983,0,0.9750658562583007,1.04067775039744,0,0.0,0,2.087579083236122,7.729560417093497e-07,True,True,5910.249380651959,66.62675971182259,0,0.9772669436393686,1.000000000067731,0,0.0,0,2.241574611831055,0.1553504836376263
355,0.6479074725220937,120.43679926688147,True,4518.905671740148,0.27068970300024375,0.0004058999984408729,True,True,4562.8696338432255,75.72180194237774,0,0.9890031438759871,1.0336099505424503,0,0.0002366108111431231,0,2.5362253089101756,0.9729175821678647,True,True,78.1441939311808,0,0.9716498711665807,1.0471206229010508,0,2.7633802758941783e-05,0,2.517527294848165,2.773909764970973e-05,True,False,4466.1954218165965,78.50518809031608,0,0.9729688675196422,1.0,0,2.763320501767197,1,2.763320501767197,-1.1664109603098893
356,0.8191057205939809,150.02882942055317,True,8569.67599552423,0.29627188199992815,0.00044409999827621505,True,True,8965.47045057001,94.41878178751847,0,0.9885841292803025,1.0341314107179644,0,0.0,0,1.8485187847092845,4.618552893661795,True,True,99.99999564247868,0,0.9500000578466814,1.0499999777370557,0,0.0,0,2.2853833715100222,6.286596426130802e-06,True,False,8463.335079069413,111.63526443496895,1,0.9697969617122463,1.0000000000145632,0,0.0,0,2.301936586821455,-1.2408915395942195
357,0.8003084726791098,145.26587665932587,True,11044.646682105622,0.29295538000042143,0.0004014000005554408,True,True,11243.49829687803,86.24327987892052,0,0.9879693273205928,1.0289344191551208,0,0.0,0,1.949744809609939,1.800434403356324,True,True,92.59342277016069,0,0.978795659237602,1.0499992127510345,0,0.0,0,2.2423780317198805,3.398741792070473e-08,True,False,11105.197708033123,111.02190332068369,1,0.9712631299793735,1.0000000000669673,0,0.0,0,3.304438097098995,0.5482387209359572
358,0.6255847019649529,117.94852449935574,True,5018.859340692465,0.2790780760005873,0.000392699999792967,True,True,5908.999704103143,64.61051488931513,0,0.9967900606651371,1.0339473009109494,0,0.0,0,1.6403027613755938,17.735978553181695,True,True,67.71952534695106,0,0.9821359097120852,1.0494649202762494,0,0.0,0,1.7593601600897557,5.8434067801888036e-05,True,True,5098.390960623688,68.5810371425879,0,0.9746151661767714,1.0,0,0.0,0,1.909666076408726,1.5847146478801477
359,0.8708641847785072,162.91466403815903,True,6041.113494058563,0.2983064789987111,0.00040240000089397654,True,True,6158.403590028752,90.78405802239703,0,0.9814597911449962,1.0377356588840483,0,0.0,0,2.7853326942538956,1.9415336773902183,True,True,99.99429717203031,0,0.9722841164087801,1.049999489759629,0,0.0,0,2.6756872584617497,2.5494646678028845e-06,True,True,6052.11236932967,98.60814760013021,0,0.9694343512464738,1.0000000000568614,0,0.0,0,2.900459364128835,0.18206957340548252
360,0.794225942876158,149.17527241582667,True,11314.23500349599,0.2777253309996013,0.00044669999624602497,True,True,11511.203637435405,94.54536928509408,0,0.9873907061019412,1.0294014781713485,0,0.0,0,1.8777801092403479,1.740892248692068,True,True,99.99999423423588,0,0.9783911951747599,1.049999915856201,0,0.0,0,1.9877648966368042,5.41668166493406e-08,True,False,11161.381791008664,116.55661665965991,1,0.9720328830512304,1.0,0,0.0,0,2.0561510569788197,-1.3509813645759687
361,0.6028088384906723,114.1811501202615,True,7840.503696731216,0.26058144899980107,0.0003530999965732917,True,True,7855.0621320914315,88.78781359916229,0,0.9876254862546188,1.028789758682251,0,0.0,0,2.071152917231686,0.1856865930813133,True,True,71.93896984864668,0,0.9750977634785671,1.0242528878733055,0,0.0,0,2.1661238173331867,4.186276999369312e-06,True,False,7847.950779697917,69.43775286830642,0,0.9765623897845032,1.000000000001435,0,2.339156380296629,0,2.339156380296629,0.09498639107541015
362,0.899328706214795,167.23343949954693,True,8487.904252474911,0.34112629199989897,0.00046019999717827886,True,True,8934.649474324331,94.74581925211675,0,0.9890543322277167,1.0326231598854065,0,0.0,0,2.368381219637797,5.2633159963347955,True,True,99.99999136584496,0,0.9546731759806515,1.0499999149632104,0,0.0,0,2.723749943055793,4.753106359348797e-09,True,False,8441.292808719294,116.49422819053561,1,0.9673930434022588,1.0000000000000002,0,0.0,0,2.6848302456438944,-0.5491513802220664
363,0.8032556771739423,149.3916532184862,True,8700.715624004713,0.3724662109998462,0.0004015000013168901,True,True,8838.904320604523,96.40616580828566,0,0.9869119281347011,1.0329505145549776,0,1.7272460919315336e-05,0,1.9866809492664856,1.588245197040823,True,True,99.99997659689845,0,0.9765651408468422,1.0499994289297194,0,0.0,0,2.059481341176479,1.5914032855674288e-08,True,False,8732.93893286291,104.67297331525924,1,0.9681541355796457,1.0000000000269933,0,0.0,0,2.108552727451638,0.3703524128412707
364,0.5886201989613561,110.27767624504312,True,6838.721591178087,0.26381820300048275,0.00044049999996786937,True,True,7096.426048707169,95.21885685425656,0,0.9910236314935432,1.0253108471632004,0,0.0,0,1.8284569040941818,3.768313701182698,True,True,99.99999488286402,0,0.9925698753878622,1.0499999286536559,0,0.0,0,2.1267447605747805,3.5478452275767663e-07,True,False,6748.31267676324,105.10123062164527,2,0.9778953769339858,1.0000000000000002,0,0.0,0,2.1982939985044254,-1.3220144915608876
365,0.5071626077863406,94.76574474195513,True,3693.942064748006,0.24941133899847046,0.0004181000040262006,True,True,3698.6180002042847,58.64709709328436,0,1.0027871292144073,1.0421003103256226,0,7.559854374505903e-06,0,1.3429031735119565,0.12658407843873012,True,True,60.96048075738341,0,0.9823184992692949,1.0326468378884939,0,0.0,0,1.324281339818583,1.910022383794059e-07,True,True,3707.7727957433344,61.45462546165885,0,0.9769132229103636,1.0000000000071945,0,0.0,0,1.4207152559350789,0.37441675680966413
366,0.7292323232437883,137.10295880359178,True,6000.698683225897,0.29644024899971555,0.00039570000080857426,True,True,6114.309218121328,93.09508890160404,0,0.9949432536559364,1.031631726026535,0,0.0,0,2.2621112603362974,1.8932892018632586,True,True,100.00000025607905,0,0.9500000638278662,1.0499999767205461,0,0.0,0,2.546593886406299,7.410556841933418e-07,True,False,5896.600016462082,123.92404592090178,2,0.971173862566213,1.000000000000177,0,0.0,0,2.470146134801979,-1.7347750414084062
367,0.5783682295545667,107.98792885022398,True,7759.5404191569705,0.2828597420011647,0.00039819999801693484,True,True,8131.920892984867,92.99329022762089,0,0.986575085805135,1.0287208080291748,0,4.200397390263788e-05,0,1.3195028886772064,4.799003627817892,True,True,99.9999998990554,0,1.0000000000609388,1.049999987929316,0,0.0,0,1.7297148810797438,1.8739661128739253e-06,True,False,7503.437623129947,123.98636224949826,2,0.9814552764775986,1.0000000000609388,0,0.0,0,2.0486351367853786,-3.3004874204002106
368,0.8775176059201255,169.73478028855084,True,11375.203217694203,0.2420139179994294,0.0004074000025866553,True,False,11292.288511468194,105.6849486747881,1,0.9828657130733915,1.0366954863071443,0,0.0,0,2.040769712429494,-0.7289051555100345,True,True,99.99999805299342,0,0.9831030643200497,1.0499999843401782,0,0.0,0,1.9369676242093306,2.333650015735187e-06,True,False,10872.235824324316,118.94037008999322,2,0.9656294676859685,1.0000000000000002,0,0.0,0,2.322545812305009,-4.421610146424331
369,0.8937110405084581,165.65438652005773,True,5987.44055422086,0.32543055699898105,0.0004419000033522025,True,True,6210.145588362371,93.18184629506528,0,0.9907175081758163,1.0373347997665405,0,0.0,0,2.9883579100753934,3.7195507194141264,True,True,99.99998787291203,0,0.9691473083122621,1.0499998775833574,0,1.2508957922818809e-05,0,3.4918393000644414,1.3752777474657789e-05,True,False,5833.604342545903,127.23806169547277,2,0.9651681432287498,1.0000000000000002,0,4.03543434374734,0,4.03543434374734,-2.5693016573481664
370,0.7357980501450303,138.2846062965508,True,3966.5041630530777,0.2686931030002597,0.0004178000017418526,True,True,4148.605176886203,92.99528339237504,0,0.9892906323411172,1.0296162605285644,0,0.0,0,1.9138812925216655,4.590971829975906,True,True,99.99998247429362,0,0.9778785510272648,1.0499997303116295,0,0.0,0,2.540806557684874,1.8060880785134503e-06,True,False,3893.819085664175,111.3781850321993,2,0.9733457741311722,1.0000000000598452,0,0.0,0,2.557807819782738,-1.8324702073967751
371,0.8882334117892784,171.65130235639768,True,12834.573961535973,0.28974144000130764,0.00040109999827109277,True,True,13071.594794693476,96.18569761035648,0,0.9842293824103537,1.0356937140226368,0,8.1976522423588e-06,0,2.3156882069518474,1.8467371975521818,True,True,99.99999956709773,0,0.9530304579330814,1.0499999897509766,0,0.0,0,3.158990105294322,1.4028531796720617e-07,True,False,12645.68791537462,119.77019972684882,3,0.9636033257148278,1.0000000000129667,0,0.0,0,3.0546177703010073,-1.4716969101380653
372,0.871259669442779,164.78145628625649,True,6525.256695041452,0.30488905499987595,0.0003930999955628067,True,False,7381.803827988797,100.7089751297822,1,0.9879200664440072,1.0371742606163026,0,0.0,0,2.0055651359793387,13.126642720474877,True,True,99.99999823030454,0,0.9500000300266733,1.0499999857062872,0,0.0,0,2.6441826568077715,6.249829598046874e-11,True,False,6435.732475598541,116.26586651400959,2,0.9662224648344434,1.0000000000000002,0,0.0,0,2.5045943674889486,-1.3719647153025933
373,0.5512677250044306,101.62606403995115,True,7353.739739415014,0.29990353399989544,0.0003969999961555004,True,True,7429.9083185916015,81.20284214511948,0,0.9871754166827065,1.0258826583623886,0,9.761970673594078e-05,0,1.2384869135589298,1.035780177849511,True,True,87.83349906577882,0,0.9888514184484868,1.0304935665655908,0,0.0,0,1.1896004124348423,-8.413086630675154e-09,True,True,7378.706789757982,85.5615286496449,0,0.9789030755852667,1.0000000000071285,0,0.0,0,1.2861561567728756,0.339515003344095
374,0.5512460340267651,107.51883776117006,True,3896.441980701065,0.2532264249985019,0.000393600006646011,True,True,4240.8348586654465,66.35512619578184,0,0.9962873298834384,1.0257547110319136,0,0.0,0,1.8524618755307216,8.83865023102192,True,True,67.7744379258651,0,0.9727980060435444,1.0254334300424972,0,0.0,0,2.004155905275809,3.878673944092103e-09,True,False,3789.5334965299567,68.14051805411665,0,0.9742376645451559,1.0000000000000002,0,2.170362130176585,0,2.170362130176585,-2.7437463345698063
375,0.6836803150056652,128.60304777044362,True,3202.921510701912,0.31958377699993434,0.00043680000089807436,True,True,3252.4689247623523,83.31979821757808,0,0.9855154097888935,1.031176072359085,0,0.0,0,2.8785785524888183,1.5469817714367962,True,True,87.74846433944083,0,0.9674675578576984,1.0469327906819215,0,0.0,0,3.243143905089056,3.6829361762126246e-05,True,True,3206.3526384506367,88.83036523719173,0,0.9624520060934518,1.0,0,0.0,0,3.3843448951486153,0.10716180888194551
376,0.7430379938648106,140.8670103386096,True,5811.170254953287,0.34251050199964084,0.0004470999992918223,True,True,5895.743143531154,91.66188333933947,0,0.9942624909635182,1.0359687566757205,0,0.0004464343555241612,0,3.070316489306151,1.4553699378465181,True,True,94.4197855139164,0,0.966821544208748,1.0490196391615847,0,2.7849948708080774e-05,0,3.1930591130762025,1.9274072412711724e-05,True,False,5774.010979663034,95.60709701011237,0,0.9637366579378076,1.0000000000337081,0,3.47726038574514,0,3.477260385745126,-0.6394264971246268
377,0.7668882225051961,138.7136653595353,True,4608.632852283144,0.2591324179993535,0.0002620999948703684,True,True,4703.407233241444,94.36750612980634,0,0.9885687128152979,1.0377737164497376,0,0.0,0,2.7751856679648483,2.056477727190067,True,True,99.99999603318281,0,0.9796533242527524,1.0499999543084924,0,0.0,0,2.893173281465806,2.3965113171980395e-05,True,False,4328.666540432287,148.4570668967565,2,0.969265964793211,1.0,0,0.0,0,3.4255223639660244,-6.074800997487255
378,0.8046449135271578,152.24046317519594,True,6238.037582772583,0.26041754000107176,0.00039459999970858917,True,True,6625.184015486388,80.39577033507783,0,0.9825600641809643,1.0316975533962252,0,7.3333616974480265e-06,0,1.984482782628561,6.206222530979792,True,True,99.99977060618622,0,0.9804592130494405,1.0499990327833082,0,0.0,0,2.217192252600512,9.243398280605088e-07,True,False,6433.811116241267,107.88281933284681,1,0.9673834204224442,1.0000000000359506,0,0.0,0,2.6540625227094665,3.138384313035003
379,0.6909407869311212,133.34590472973235,True,5175.811071097123,0.2837703759996657,0.00044779999734601006,True,True,5345.751111507474,89.24072983486387,0,0.9905736827286978,1.036851018667221,0,0.0,0,2.1899105482049492,3.2833509176006754,True,True,98.75824773438032,0,0.980089881144029,1.0499998670657371,0,0.0,0,2.0749120461868813,-2.1363889606011004e-09,True,False,5230.154566259378,100.53561466610131,1,0.9697405748336889,1.0,0,0.0,0,2.313534382933227,1.0499512888711207
380,0.8288423687730833,156.50425959760506,True,5847.212965883759,0.31227804999980435,0.0004413999995449558,True,True,6459.7198595111895,99.35068575245032,0,0.9734327365862104,1.037719365954399,0,0.0,0,2.2334841278172064,10.475193862741136,True,True,99.99998431644661,0,0.9815237949208098,1.0499998729984896,0,0.0,0,2.0804004685643065,1.7992935904239017e-09,True,False,5972.863587645636,103.45629595637674,1,0.9658367684753852,1.0,0,0.0,0,2.2522178068052483,2.148897647519744
381,0.7660515287012526,148.04135326156216,True,7648.341391714609,0.2945530599990889,0.00044609999895328656,True,True,7888.558845300629,91.10676074103006,0,0.9824249209790892,1.0311013519763947,0,0.0,0,1.707318117265288,3.1407783906624096,True,True,99.99999818926074,0,0.9500002020024153,1.049999972786175,0,0.0,0,2.369636145300518,1.1287314814004065e-09,True,False,7477.621532223317,112.1099500828016,1,0.9703506947961038,1.0000000000000002,0,0.0,0,2.080228257138174,-2.2321160976395333
382,0.8533115220151883,161.31583943228233,True,13149.597659416435,0.31983697800023947,0.00046010000369278714,True,True,13388.607848250587,94.90914006782403,0,0.9846107069544464,1.0277249097824097,0,0.0,0,2.0158909011824164,1.817623597409611,True,True,99.99999455222162,0,0.9631766765678244,1.0499999450446091,0,0.0,0,1.832871810497096,8.87189083066156e-09,True,False,12982.99400916155,129.07968244336809,2,0.9673430014158233,1.0000000000699991,0,0.0,0,2.123720606775919,-1.2669866669551137
383,0.8038203226293832,153.12691048189873,True,9860.093760449587,0.30553306600086216,0.0003540999969118275,True,True,10194.270653843,92.80046572103583,0,0.9842415163880052,1.0259981364011763,0,0.0,0,1.9836120126769856,3.389189462198562,True,True,99.99999924859446,0,0.9545976238171124,1.0499999931325357,0,0.0,0,2.562595526005339,3.5833720238494276e-06,True,False,9720.90390517587,119.92074708798073,1,0.9697632367724954,1.0000000000000002,0,0.0,0,2.035527017563936,-1.4116448617950974
384,0.8758398347797558,168.69032308101944,True,13116.42714791881,0.26297305899970524,0.00040189999708672985,True,False,12984.908774370993,108.01524229987585,1,0.9857861321084577,1.032774418592453,0,0.0,0,1.6669993212393308,-1.0026996828472599,True,True,99.99999907380231,0,0.9772323577525007,1.0499999937852935,0,0.0,0,2.042869474538378,1.037688842976808e-09,True,False,11668.125110970152,118.19403865119796,2,0.9643096420235259,1.0000000000000002,0,0.0,0,2.2632705096470147,-11.041894416021535
385,0.5648437367184703,108.62642675643929,True,8421.999201051703,0.28288163900106156,0.0004014000005554408,True,True,8456.735923244638,84.76807285790034,0,0.9913279860926083,1.030091017484665,0,0.0,0,1.2853326304309434,0.41246529947130217,True,True,91.14932897985611,0,0.9893344620811734,1.0458452589857805,0,0.0,0,1.0554298422275679,1.3031424466782025e-05,True,True,8432.819506883112,89.36539492907418,0,0.9791835585324798,1.0000000000107576,0,0.0,0,1.1812849489236754,0.12848973847636477
386,0.7601359456265466,148.64024714774462,True,7187.742676266155,0.2755970720008918,0.0005424999981187284,True,True,7771.661459649927,94.51500010014745,0,0.9887284645342126,1.028800892829895,0,0.0,0,1.9225039694234738,8.123813131486715,True,True,99.99999857354065,0,0.9500000583556608,1.0499999867642023,0,0.0,0,2.5547871923961054,1.0568129788922131e-10,True,False,6378.691824602134,149.6492686481679,2,0.9698282779585472,1.000000000021905,0,0.0,0,2.627536282424046,-11.255979632225245
387,0.8882367627977765,168.62332966587246,True,9789.776258137399,0.2770051559982676,0.0005316999959177338,True,True,10390.249728390929,94.32985679996352,0,0.9858052612404681,1.0325062960386275,0,0.0,0,2.0418596495291297,6.13367923354618,True,True,99.9999980073175,0,0.9752078746273357,1.0499999841949414,0,0.0,0,2.2622996025345685,2.985951425161913e-08,True,False,9128.544639647791,135.61038425689887,2,0.9660142476322341,1.0000000000000002,0,0.0,0,2.6572570070169945,-6.754307742367902
388,0.7938728191926274,145.82789228668224,True,7944.926254775092,0.2824393720002263,0.0004721999939647503,True,True,8212.938559556904,86.88940586455138,0,0.9941039429708791,1.0350654304027558,0,0.0,0,3.0671274101960364,3.3734010714466405,True,True,90.02311700161894,0,0.9666766025581373,1.049665283954875,0,2.4964448272157824e-05,0,3.5658635568308057,2.340967733970828e-05,True,False,7925.774981128412,94.35796921396361,0,0.9635006350930211,1.0000000000722666,0,3.858898005350028,0,3.858898005350028,-0.24102701062607373
389,0.710366043291602,131.88608013929982,True,4760.4178165268195,0.2844939299993712,0.0003982999987783842,True,True,4820.349773743465,74.75109118631524,0,0.989858242965468,1.0338669419288635,0,0.0,0,1.8577614531702409,1.2589769543841256,True,True,74.42963215114887,0,0.9812313778812861,1.0499525330365658,0,0.0,0,1.8119514216618882,1.2572237516314423e-05,True,True,4832.973961863169,76.49666466573491,0,0.9728577129846323,1.0,0,0.0,0,2.035356347558519,1.5241677463145973
390,0.6320034594211252,123.41280742140943,True,5149.085297771222,0.25980984999841894,0.0003921000025002286,True,True,5276.4612081243,78.00730807079923,0,0.9893764039553518,1.034551987051964,0,3.4212978832215413e-06,0,1.6496893894075697,2.4738380277198684,True,True,80.29860535634141,0,0.9799611443746554,1.0497625895343963,0,0.0,0,1.7383557745662728,7.807927996589362e-05,True,True,5242.77258426504,81.43951088631906,0,0.9719852674015884,1.0000000000505136,0,0.0,0,1.9274092312872995,1.8195732755380072
391,0.5689648407549084,106.62119988256329,True,3516.1919232863133,0.2771878990006371,0.0004202999989502132,True,True,3821.940063269213,85.707084030278,0,0.9915068717343555,1.033939164876938,0,0.0,0,1.1407842612494363,8.695436062818736,True,True,99.99998954646489,0,0.9500007072244128,1.0499999494927807,0,0.0,0,1.509591166192962,2.1076326834409866e-06,True,False,3418.655023980493,125.08493991573665,2,0.976156529610877,1.0,0,0.0,0,1.6809211983747758,-2.773933544616351
392,0.8442313016067645,161.83370803917796,True,11637.925106807528,0.3278926869988936,0.00044019999768352136,True,True,12045.843881445302,94.86312078270825,0,0.9991054708903302,1.0404726684093475,0,5.943050307166686e-05,0,3.286656728289671,3.5050817547073887,True,True,99.99999610343436,0,0.9720195936288407,1.0499999516316656,0,0.0,0,4.149561506965938,1.2375593911890368e-07,True,False,11472.623658365328,104.37134996524368,1,0.9583752366251486,1.0000000000000002,0,4.421343426295067,0,4.421343426295067,-1.4203686028831288
393,0.7987846643140458,146.16214843729207,True,7970.333944676855,0.2961895459993684,0.0003956000000471249,True,True,8213.349593039027,82.63525207792851,0,0.991118282819592,1.0344990968704224,0,0.0,0,2.6162899016816823,3.049002088121255,True,True,99.99997888579269,0,0.9743199072100117,1.0499996895019412,0,0.0,0,2.9292201531953026,5.023806281943625e-10,True,False,7881.229074695537,99.53670040018203,0,0.9688485215757187,1.0,0,3.2723936513894785,0,3.2723936513894785,-1.1179565443582808
394,0.5119733512064839,103.70512738954994,True,6683.023223456464,0.2516527319985471,0.00038949999725446105,True,True,6730.462650852967,75.39874824909596,0,0.9974055294279498,1.0347163438796998,0,0.0,0,1.4619295364915388,0.7098505452870786,True,True,72.49706889253711,0,0.9749936834606202,1.0333787990353833,0,0.0,0,1.8243303587116912,7.339296985086807e-07,True,True,6688.49227306023,73.25520547028242,0,0.9705638047214058,1.0,0,0.0,0,1.977852709042054,0.08183569785306029
395,0.6115267656281196,115.01925043182092,True,4206.43248460988,0.2720941560000938,0.0004025999951409176,True,True,4232.420448134206,66.43566566927129,0,0.9908216885285406,1.0406051576137543,0,5.4647181144673596e-06,0,1.7646831056877375,0.6178317908062666,True,True,68.21477161226751,0,0.9827033683937532,1.0472604830542622,0,0.0,0,1.6958210355157064,1.6860905113129978e-05,True,True,4314.794047464815,69.01039510446246,0,0.9754038211598383,1.0000000000000002,0,0.0,0,1.832214895907768,2.576109108246276
396,0.8884582957651963,162.4731045619158,True,6806.795306844915,0.3344321360000322,0.0004745999976876192,True,True,7323.4792313377,96.32754742493947,0,0.9994241075225606,1.0405430614948272,0,0.0,0,3.1913102336241366,7.590707557170322,True,True,99.99999875310199,0,0.9741118169692693,1.0499999943098766,0,0.0,0,3.3510456205848698,1.727330289607387e-08,True,False,6357.705326926029,128.8680709923432,4,0.9665123559227377,1.0000000000643863,0,4.376331951518779,0,4.376331951518779,-6.597671276659308
397,0.7855010019661453,145.99282647830935,True,5726.848518750642,0.31532861799860257,0.00039059999835444614,True,True,5903.858780345294,87.53420453900182,0,0.9910993349864371,1.0391562640666963,0,0.0,0,2.5411370353138523,3.0909061325711873,True,True,75.91226228180132,0,0.9741760910537535,1.0496120201834889,0,2.6077034846139213e-05,0,2.673397063238866,2.118062983376457e-05,True,False,5716.062389622216,76.52512395617468,0,0.9727633644398612,1.000000000059435,0,3.013357047109807,1,3.0133570471097926,-0.18832204824518714
398,0.6909257732823826,124.99749807559832,True,6080.518318850061,0.2594199489994935,0.00038979999953880906,True,True,6204.153535060065,95.55489118779884,0,0.9917761794373405,1.028242027759552,0,0.0,0,2.003412885135674,2.033305328654015,True,True,99.99999706243212,0,0.9909255163487857,1.0499999658229124,0,0.0,0,2.125609856423168,4.6223381866332994e-06,True,False,5932.00467598579,143.83885576746047,2,0.9756025884807864,1.0000000000000002,0,0.0,0,2.9119757816628606,-2.442445871868388
399,0.8549229266372087,159.24026469608134,True,11112.124731852946,0.2851415429995541,0.0003857000046991743,True,True,11616.446696977113,83.2552331898442,0,0.9963437206535029,1.038403683900833,0,0.0,0,2.4661313792338717,4.538483792132131,True,True,96.58592179779227,0,0.9644480989390302,1.0499980325659888,0,0.0,0,3.8952396243037413,1.273408755802838e-07,True,False,11036.47077383001,97.7726369215327,0,0.9607099353980098,1.0000000000000002,0,4.192635457620668,0,4.192635457620668,-0.6808233870173865
400,0.6275962511145118,115.87126392360031,True,8820.406323592133,0.34900326900060463,0.00031290000333683565,True,True,8939.391862906075,85.06088005577398,0,0.996641031317555,1.0250244319438935,0,0.0,0,1.7977943254408473,1.3489834194466201,True,True,99.99995684873232,0,0.9796798057541521,1.0499722653239154,0,0.0,0,2.382533107015675,3.126824967636429e-06,True,False,8794.624764217668,141.51402062330308,2,0.9751597117295023,1.0,0,0.0,0,3.101982330963267,-0.2922913461819175
401,0.5346964680814607,99.21577085238783,True,4441.585737799778,0.3194598150003003,0.0007206000009318814,True,True,4479.497635526799,60.843894402329866,0,0.9893012560270025,1.027416843175888,0,9.075862262619694e-06,0,0.8480944410827362,0.8535668857649662,True,True,79.74944255731397,0,0.9915098585104162,1.0437261142787577,0,0.0,0,0.815602807012894,1.6371696439219736e-07,True,True,4455.994782511097,87.72488100459907,0,0.9797061388198012,1.0000000000000002,0,0.0,0,1.0386596361444873,0.32441233507913125
402,0.8551199242320461,166.12796872163418,True,6713.096063174292,0.2855143769993447,0.0004628000024240464,True,True,6892.427455715357,97.20039973781095,0,0.9861379804951204,1.0295991122722628,0,0.0,0,2.6104453130787704,2.6713664934929255,True,True,99.9999924364505,0,0.9757277613798033,1.0499999733402894,0,0.0,0,2.7584587536522918,9.2370444786835e-08,True,False,6654.56824606031,129.21954854869833,4,0.9617315882550321,1.0,0,0.0,0,3.748691390891622,-0.871845276998054
403,0.7556714719468374,143.267389113211,True,6455.016885694507,0.28493752099893754,0.00039039999683154747,True,True,6668.504823180982,95.76797594631526,0,0.9865987200373225,1.0332891762256624,0,0.00014479102321729442,0,1.7324596671971335,3.3073200827615867,True,True,99.99999588666482,0,0.9500000970311998,1.0499999549208536,0,0.0,0,2.1043206390891385,1.9842491615565353e-06,True,False,6416.188406397169,111.46278190416359,1,0.9706044144369,1.0000000000850837,0,0.0,0,1.936980384740309,-0.6015220823081687
404,0.8084283219607731,158.9312899586194,True,8803.711012355723,0.32555418599986297,0.00034559999767225236,True,False,8647.896621267944,105.20275943541026,1,0.9885162891770706,1.0386942207813263,0,0.0,0,3.2328484604767596,-1.7698711254484412,True,True,99.99999934718363,0,0.9814312996489285,1.049999995666864,0,0.0,0,3.483942412750366,6.002866654747312e-07,True,False,7774.025820647492,119.96225402171865,1,0.9511005054244629,1.0000000000000002,0,4.384051517474461,0,5.452761558855059,-11.696035269634148
405,0.6365083076706423,117.19601718376032,True,2955.230991083957,0.3093893969999044,0.0005099999980302528,True,True,3278.6139873670872,73.00389884930229,0,0.9769688246483369,1.0308619439601898,0,2.3966035485045722e-06,0,1.4411473237423138,10.942943698475867,True,True,75.07214989987544,0,0.9814821647378332,1.0490188023132525,0,0.0,0,1.7143075931639657,0.0001911548941675213,True,True,3067.740892262875,75.99107901898621,0,0.97384638313757,1.00000000005888,0,0.0,0,1.857274762480543,3.807342493877406
406,0.8600466697152409,162.7077030079458,True,5458.172477226897,0.33993470599853026,0.0007917000039014965,True,True,5818.031571643729,90.30582668654141,0,0.9941984036164554,1.038180446624756,0,0.0,0,2.857409696854063,6.593032733135604,True,True,99.99999252288276,0,0.977711570581032,1.0499999481286155,0,0.0,0,3.2340095475270516,6.25252017158376e-08,True,False,5032.886243621802,126.97074408347946,4,0.96577262244897,1.0000000000000002,0,4.410069421647336,0,4.410069421647336,-7.791733079756859
407,0.7193695153851563,139.3636742405621,True,5027.680426820102,0.3081497709990799,0.0004243000003043562,True,True,5079.714487399904,90.00748842589866,0,0.9930366202840303,1.0292068868875506,0,0.0,0,2.4417851733969087,1.0349592781515105,True,True,91.56587101165262,0,0.9719669257376335,1.0495622086846226,0,1.2119931881215962e-05,0,2.55512625263205,7.568799017180884e-06,True,False,4987.140817567458,104.24502552512922,1,0.9698863044996486,1.0,0,3.1558855943094812,0,3.1558855943094954,-0.8063207750779688
408,0.8121213609858697,153.22946934173774,True,4311.871091773207,0.29031835999921896,0.0004050000061397441,True,True,4934.743927596323,87.26292267914937,0,0.9767767728668827,1.0312104403972626,0,1.796098646522637e-05,0,1.7106848337713814,14.44553491645295,True,True,97.61140815738014,0,0.9770996076043456,1.0499992128172027,0,0.0,0,1.858021644779086,1.6802134542739228e-07,True,True,4431.566738532005,99.16990063376274,0,0.9671179051137775,1.0,0,0.0,0,2.040794248627037,2.775956230072558
409,0.6892126009055277,125.94346093266934,True,5146.271746847768,0.30220319100044435,0.0004316000049584545,True,True,5281.550914877554,83.9129166091739,0,0.9946075897086407,1.0299479126930238,0,0.0,0,1.7396353769401145,2.6286827651458613,True,True,99.9999968098917,0,0.9897917176349282,1.049999983483673,0,0.0,0,1.9446421852545939,-1.812503187385574e-07,True,False,5069.883864796162,156.78960600916753,2,0.973699874318453,1.0000000000590723,0,0.0,0,2.5694285059865223,-1.4843345823619978
410,0.7065179674765357,135.6135265293623,True,8570.614836118522,0.3053912979994493,0.0004343999971752055,True,True,8856.724693402628,89.04413101594798,0,0.9927078728854403,1.0328706085681916,0,0.0,0,2.3899659776946294,3.338265256316173,True,True,96.13876854281193,0,0.967667347430726,1.049999855644162,0,0.0,0,2.597677933869562,4.823265772132623e-10,True,False,8543.080411891597,97.0171437188914,0,0.9673543088131098,1.000000000063273,0,2.8873195099307907,0,2.8873195099307907,-0.3212654484213176
411,0.6011210517551809,116.0692712177899,True,7295.539013752941,0.26911573899997165,0.0003858999989461154,True,True,7533.733468955615,97.07292954101406,0,0.9822204733832307,1.0206351742148398,0,0.0,0,1.3284565912791777,3.264932923550462,True,True,99.99999705731831,0,0.9616509217778658,1.0499999612457922,0,0.0,0,1.678123335248003,1.0373332798569102e-10,True,False,7334.4519657608935,103.76779368091509,1,0.9743184266938724,1.0,0,0.0,0,1.6033582717289647,0.5333800825710769
412,0.6138982636099477,116.76986024181183,True,5270.622483038262,0.3228242789991782,0.00038219999987632036,True,True,5695.46230365071,88.16663256267135,0,0.9928050645738639,1.0252706110477448,0,0.0,0,1.261162237785399,8.06052459396839,True,True,99.9999946872492,0,0.964877286544199,1.049999970356611,0,0.0,0,2.3311389896368837,1.5592730597006158e-08,True,False,5026.12667490432,133.6125269930253,4,0.9783186882670499,1.0000000000736953,0,0.0,0,2.7430550537751373,-4.638841202098226
413,0.5764972196543946,109.46155165091992,True,4244.485000247871,0.32393003499964834,0.00039260000630747527,True,True,4295.490051938696,72.20731697842523,0,0.9979184520691897,1.0382688641548157,0,6.400269562334415e-06,0,1.5772011295554762,1.2016803566761372,True,True,74.26801214474065,0,0.9815053516142108,1.0436254600576091,0,0.0,0,1.6016818410406302,2.113826773358071e-06,True,True,4299.774057370611,75.0821286550725,0,0.9744795805159054,1.0000000000000002,0,0.0,0,1.7236414691430468,1.3026114595595752
414,0.6059306783566835,111.1503301854846,True,3937.799917584361,0.32976849199985736,0.0003809000045293942,True,True,4110.223005052989,91.64421017429768,0,0.9880401413671255,1.0262022614479065,0,0.0002453558845800785,0,1.4936507564106165,4.378665526556048,True,True,99.99999854332634,0,0.9817398873608391,1.049999972864421,0,0.0,0,2.203200552764045,6.664154077660263e-10,True,False,3947.549188325217,104.43686384471735,2,0.9772467003914577,1.000000000080054,0,0.0,0,2.196681662775987,0.2475816692368602
415,0.5290336620882954,99.39433242513383,True,3249.7828237451336,0.26571366999996826,0.0003830999994534068,True,True,3396.95337985714,89.39504895397661,0,0.9785589942587906,1.0235956460237503,0,0.0,0,1.3065316235671105,4.528629499095394,True,True,93.54050299491125,0,0.9954389041844839,1.0419299563377569,0,0.0,0,0.7876233508069959,1.9870938236455744e-06,True,True,3279.6227894719896,92.16459665008179,0,0.9801010565034294,1.0,0,0.0,0,0.8823793336165977,0.9182161551844709
416,0.8276158657597493,157.57417027847853,True,7269.63913270854,0.27440577400011534,0.0003862999947159551,True,True,7491.775906979145,92.2098695541987,0,0.9870070083686028,1.037738984823227,0,0.0,0,2.8489623726948423,3.055678168911281,True,True,99.99993717353175,0,0.9728132118553713,1.04999953648976,0,0.0,0,3.177627734686922,2.2240413702110482e-08,True,False,7135.052394215172,139.09788280061625,2,0.9688356224914427,1.0000000000110716,0,4.14491981077299,0,4.14491981077299,-1.8513537529112296
417,0.72487104757719,132.15060372235135,True,4146.722072189843,0.3326095240008726,0.0004291000004741363,True,True,4349.706180326152,92.33356537136626,0,0.9927447622492411,1.0374197393655777,0,0.0,0,1.6053363204717925,4.89505046716073,True,True,99.99999794383857,0,0.9500000687412974,1.049999977898511,0,0.0,0,2.0408558934068424,6.903978221907185e-07,True,False,4111.005374718253,108.81054271249234,1,0.9705485425544722,1.0,0,0.0,0,1.9208225550247846,-0.8613229550355885
418,0.5116523286395577,97.96659188581471,True,6509.248075831582,0.2829435809999268,0.0004210999977658503,True,True,6603.502755248529,94.08704479437353,0,0.9873447016425959,1.0226382046937943,0,0.00044184916391998286,0,1.4939319692228423,1.4480118111455051,True,True,99.99999695118308,0,0.9993028162495248,1.0499999280913808,0,0.0,0,1.7767346424094086,2.32884925238866e-08,True,False,6579.399619604332,101.40264115057343,1,0.9801897090220247,1.0000000000000002,0,0.0,0,1.7582763776204757,1.0777211820434458
419,0.5604059469082483,104.61927521732406,True,5019.424669326156,0.3580772440000146,0.00042660000326577574,True,True,5055.146935977346,92.79438069688817,0,0.9918915008756545,1.0245157152414321,0,0.0004529627853493423,0,1.3635697165738918,0.7116929697949762,True,True,96.043349566181,0,0.9931719125818461,1.0495966015847327,0,0.0,0,1.172207942733877,1.2380343563000765e-05,True,True,5049.144619182724,95.03836534567422,0,0.9782933592781706,1.0,0,0.0,0,1.244199312253727,0.5921111863605177
420,0.5240845297938148,99.71475290999831,True,5165.210939529925,0.2592604729998129,0.0003074999985983595,True,True,5202.806733808555,84.173571596381,0,0.9963511156121987,1.034981268644333,0,0.0,0,1.9056551374868889,0.7278682854394593,True,True,92.84018777860402,0,0.9770510144219502,1.0281602307463074,0,0.0,0,1.960159710943742,2.6529191838626745e-06,True,True,5175.633243007269,97.1017138254347,0,0.978069430931494,1.0000000000000002,0,0.0,0,2.146116198304952,0.20178151298618108
421,0.8001320559327332,151.1430382462796,True,10822.142410694723,0.2786265410013584,0.00038669999776175246,True,True,11153.237417440783,89.12726329827076,0,0.9854873127055185,1.030487561225891,0,1.567607762353873e-05,0,1.6137615097575235,3.059422003237819,True,True,99.99995765540655,0,0.9692484233067664,1.0499996006577326,0,0.0,0,1.6740189210320864,-5.483016086254599e-09,True,False,10885.80594047499,110.79838041892869,1,0.9689175865391624,1.0,0,0.0,0,2.054659330603158,0.5882710351370117
422,0.6429079873359531,123.3147911850653,True,7449.395682852258,0.3160061099988525,0.0003934999986086041,True,True,7463.3729291051295,83.4079621176074,0,0.9872778280848126,1.030546298623085,0,3.89911709284263e-05,0,1.8092963300469762,0.18762925062110233,True,True,85.95858511077749,0,0.9827270086982444,1.039782784247258,0,0.0,0,1.686441947190687,-1.2827113219407629e-08,True,True,7548.1473481706835,81.40072388448628,0,0.9716641487698392,1.0000000000000002,0,0.0,0,1.7983771634618932,1.325633226565377
423,0.5777256329312427,104.67206128952623,True,3921.739704485136,0.3069221240002662,0.0003834000017377548,True,True,3948.5455294210915,78.73788702975673,0,0.9872945729917699,1.0276577293872833,0,3.667754514680155e-05,0,1.464548245853834,0.6835187337780784,True,True,66.83924992017474,0,0.9828087959848286,1.028676286046503,0,0.0,0,1.3863897779919228,1.6061949353150322e-08,True,True,4005.721708370205,67.55886246777987,0,0.9757277809620334,1.0,0,0.0,0,1.4693021590327078,2.1414476955831385
424,0.8345518339722776,159.77656787896774,True,8132.862746509863,0.305135896000138,0.00038499999936902896,True,True,8911.847584501988,91.06631849893013,0,0.9916001876831918,1.0315503299236297,0,0.0,0,2.269126825178887,9.578236621937096,True,True,99.99999469517456,0,0.9500000670032249,1.0499999800709505,0,0.0,0,3.2712118486440147,6.690764335161365e-11,True,False,8036.942843454824,118.7406758845482,2,0.9651683838169521,1.0000000000000002,0,3.129347304712894,0,3.3527794257451546,-1.1794113098837873
425,0.5235072952786562,95.69956265194496,True,3007.0237390204284,0.2545659050010727,0.0004304999965825118,True,True,3237.001099859833,78.63879852916995,0,0.9702986190994196,1.0212529599666595,0,3.2539688767485586e-05,0,1.2413614005241556,7.648006186041614,True,True,86.32685702481375,0,0.9905245951636695,1.028028185756393,0,0.0,0,1.0958103420234977,2.275616721142983e-08,True,True,3105.8889334962987,84.25425605581877,0,0.9806451630049368,1.0,0,0.0,0,1.189515096660969,3.2878089354511735
426,0.694989663701779,134.92866513714796,True,8124.21904795898,0.32818064500133914,0.00048439999955007806,True,True,8524.310677890262,89.72892519199726,0,0.9805126820808708,1.028792509436607,0,0.0,0,1.613962157508098,4.9246785548301375,True,True,99.9999981227281,0,0.961477038539536,1.049999971391159,0,0.0,0,1.9341107747167712,5.076185108020722e-07,True,False,8073.492685491647,106.70648350556817,1,0.9752674215675099,1.0000000000000002,0,0.0,0,1.5848304061015028,-0.6243839707588108
427,0.8907665220036198,166.57730842231706,True,12407.017488216494,0.28810752499884984,0.0005907000013394281,True,True,12709.789654968465,94.18647150913641,0,0.9832923463512271,1.0292778611183164,0,0.0,0,2.0571220269993944,2.4403301595875244,True,True,99.99999533566431,0,0.9500001759273209,1.0499999470120478,0,0.0,0,2.1555141882263342,1.8031985883396008e-07,True,False,11803.580863407546,130.19516224459414,2,0.9651340716398691,1.0000000000309297,0,0.0,0,2.418462914618601,-4.863671741398438
428,0.7176683738402457,138.97505963657295,True,6678.762819013233,0.3133725780007808,0.0005297000025166199,True,True,6914.342349900643,91.86964738158304,0,0.9862491771305503,1.0341599375009538,0,0.0001693491264482816,0,2.0155820367884303,3.5272932595883595,True,True,99.99999709180305,0,0.9912617518873212,1.0499999716878545,0,0.0,0,2.280457190206704,2.8710665370121635e-07,True,False,6740.63694318862,137.7337732233076,2,0.9748420851344669,1.0000000000000002,0,0.0,0,2.7730758525871977,0.9264312149558529
429,0.7582719034199323,141.4317639369512,True,3885.3912249715813,0.3359582140001294,0.0003913000036845915,True,True,3927.6356112727003,92.40545953345305,0,0.990551808330297,1.0327080428600313,0,0.0,0,2.318316315584269,1.0872625023377593,True,True,99.99999182029637,0,0.9803817690386334,1.0499999184435493,0,0.0,0,2.6128843673329243,3.9609373895602714e-07,True,False,3728.9471884613718,151.54911922435312,2,0.9682361092318149,1.0000000000378633,0,0.0,0,3.6129388727568426,-4.026467675497144
430,0.827829436886931,160.796105361322,True,6741.419496409886,0.31095274800100015,0.0004576999999699183,True,True,6903.4753409433215,87.21457170480961,0,0.9893857134139513,1.0348809301853181,0,0.0,0,2.6587526907263452,2.403883109984442,True,True,99.99997723198015,0,0.9714604883408858,1.0499998393408025,0,0.0,0,3.1907492410534815,1.6507630518370064e-09,True,False,6715.624479976089,131.7027744436312,2,0.9691795421777106,1.0,0,0.0,0,3.7220266032131804,-0.3826347898491579
431,0.6073594281901015,115.15446677746311,True,5296.119960281006,0.2555502390005131,0.0004067000045324676,True,True,5518.683813001936,60.12481680215787,0,0.9939759014368544,1.0392103612422943,0,0.0,0,2.008010676812873,4.202397844934191,True,True,63.503420405965315,0,0.9744330180764115,1.0344861656623312,0,0.0,0,2.4214931571081735,3.2318403134423885e-06,True,True,5300.723521330488,63.93348642992444,0,0.971373637109811,1.0,0,0.0,0,2.5215267824421517,0.08692651214339518
432,0.7973147458780827,150.14902806706465,True,7721.284101795041,0.28226802999961365,0.00037090000114403665,True,True,8018.036290486864,96.61161020211377,0,0.9849160519915869,1.0293582141399384,0,0.0,0,1.9923875423091317,3.8433057862722206,True,True,91.79989329603724,0,0.9721549427982151,1.0499835945437768,0,0.0,0,2.8814015936895885,4.614184439878192e-06,True,False,7738.6769758739065,85.43534296049276,0,0.9686308789997431,1.000000000064283,0,3.2959045663027666,0,3.2959045663027666,0.22526345263801956
433,0.695392559289217,139.7780916286531,True,4845.595317232465,0.2575286880000931,0.000395799994294066,True,True,5003.4141089909235,87.43116837580918,0,0.9892642092193497,1.0335537493228912,0,0.0,0,1.9479738712400092,3.2569556402180715,True,True,90.84873491267822,0,0.9780874880556201,1.0499982143037838,0,0.0,0,2.0781881729058114,1.963225212841963e-06,True,True,4917.1174787571035,92.28678786064135,0,0.9692089480470466,1.0000000000356895,0,0.0,0,2.2698787835694816,1.4760262336471357
434,0.7188352321441199,139.49337767107403,True,6801.574105409278,0.2803632850009308,0.00045089999912306666,True,True,7039.536306769055,85.26724122569362,0,0.9915025456490804,1.03922079205513,0,0.0,0,2.2121636702896126,3.4986342659646503,True,True,99.99995985438287,0,0.9831609452668485,1.049999614569018,0,0.0,0,2.062873536367647,1.3027141118055015e-08,True,False,6823.592388954178,112.9708689488244,1,0.971172100457449,1.0000000000000002,0,0.0,0,2.352675225728177,0.32372336304192223
435,0.5899768660857484,113.81843576264923,True,5807.103833537974,0.3631740040000295,0.00045200000022305176,True,True,6130.444617750566,92.65858756147954,0,0.9885815781056538,1.033101600408554,0,0.0,0,1.536468859562902,5.568021478364447,True,True,99.99999991493873,0,0.9678703692728421,1.0499999963347488,0,0.0,0,1.5478463929308504,7.356281986654722e-08,True,False,5869.884481191693,103.14651836733164,1,0.9748815230859772,1.000000000032895,0,0.0,0,1.5281104338345273,1.0811009028147924
436,0.6120747589005577,115.56966728187088,True,4941.903501218895,0.2622304489996168,0.00039709999691694975,True,True,4993.159692312715,77.28898520288516,0,0.9954471745026817,1.0295454621315003,0,0.0,0,1.559475716276438,1.0371768497334726,True,True,84.99877252859996,0,0.9839834695829692,1.0362781664745635,0,0.0,0,1.5028674628063357,1.7615497101924426e-06,True,True,4979.219687773738,75.10994513707365,0,0.9731481229407741,1.0,0,0.0,0,1.6394222136113399,0.7550992093849835
437,0.598538611377581,114.88967469497713,True,4073.5616866062064,0.32885912700112385,0.00040689999877940863,True,True,4203.922829022182,70.6143320771312,0,0.9841792352419308,1.024551512300968,0,9.03016137350221e-05,0,1.1393021906135061,3.200179398781003,True,True,100.00000261109412,0,0.9956075955336257,1.049999875031351,0,0.0,0,1.4871129692838991,3.3177448331981586e-06,True,False,4159.834514831173,108.03452697106486,1,0.9793721620712306,1.0,0,0.0,0,1.7887660771040004,2.117875531904302
438,0.8280092006623556,155.45244052502227,True,6156.934140378,0.27137505799873907,0.0004458999974303879,True,True,6420.880084511635,96.44628063629929,0,0.9906433379992673,1.0386250972747804,0,0.0009219833904552388,0,3.5368067557098755,4.286972990652974,True,True,99.99999182393923,0,0.9706093773394366,1.0499998860739288,0,0.0,0,4.318471551536021,2.4843426413084806e-06,True,False,5307.420267999627,154.9571233615598,2,0.9668134297427189,1.0,0,4.752016561824803,0,4.752016561824803,-13.797674640575462
439,0.7941340520268255,152.39452590543712,True,7969.292132877702,0.340508694998789,0.00039770000148564577,True,True,8476.286843387257,94.8867677328861,0,0.9942229088472705,1.0377147644758224,0,0.0,0,2.757379376764078,6.361854011654424,True,True,99.9999999363609,0,0.9500077255697511,1.0499999952035957,0,2.952212270201926e-07,0,3.0884369690088818,2.447579423065621e-07,True,False,7903.202249698697,104.66236240510408,1,0.9672164250438346,1.0,0,3.0346526443369157,0,3.034652742829735,-0.8293065774641694
440,0.5520520524508565,101.10711288018075,True,2505.213156078057,0.33889118200022494,0.00041819999751169235,True,True,2563.091143183506,61.23488251452609,0,0.9967148310680776,1.0332831621170044,0,1.6804584891616514e-05,0,1.0666949834152035,2.3103043268643257,True,True,53.263329542685476,0,0.9845439234025215,1.0241322567207058,0,0.0,0,1.2688251033250708,2.373563535109994e-06,True,True,2542.0236737071364,53.648459285175285,0,0.9789801250637233,1.0000000000000002,0,0.0,0,1.3421841148633717,1.4693591192556879
441,0.8080663969655528,156.00224217261066,True,7881.869320069958,0.2619136610010173,0.00040720000106375664,True,True,8099.912488452987,89.76443071155454,0,0.9871860073643668,1.0348491311073305,0,3.823084959719836e-06,0,2.2831656630656596,2.7663890357591394,True,True,99.99999145091462,0,0.9796337980015288,1.0499999375231799,0,0.0,0,2.5060646648656473,3.7068235419624305e-09,True,False,7840.65564840122,140.07447925680813,2,0.9664945760289602,1.0,0,0.0,0,3.3678913506231822,-0.5228920920213019
442,0.8752857075336051,164.40891129657538,True,11107.538096926131,0.2712679249998473,0.0003977999949711375,True,True,11127.71627931082,93.70188658201202,0,0.9764743749537644,1.035734272003174,0,0.0,0,2.226086127370678,0.1816659585270321,True,True,99.99955572445387,0,0.977788894076843,1.0499981307978858,0,0.0,0,1.963558428386051,3.892693133232403e-06,True,False,11154.970065899237,102.3962877062874,1,0.969342406225414,1.000000000056855,0,0.0,0,2.1198286980682894,0.4270289490610491
443,0.65645090212523,127.50432789613694,True,7766.022897151151,0.34073629299928143,0.00044859999616164714,True,True,7938.837097773225,96.75272766340018,0,0.9882064531169978,1.033458587527275,0,0.0,0,1.8321474963198625,2.2252660387000955,True,True,100.00000171882239,0,0.9969935423351479,1.0499999859229896,0,0.0,0,1.966170270837921,5.913534914998876e-06,True,False,7508.4382051888815,126.16176258088718,2,0.9778867801483075,1.0000000000028875,0,0.0,0,2.5070764645254826,-3.3168103076626925
444,0.6579514123636359,124.83900855251805,True,4305.175754491932,0.28247775999989244,0.00035119999665766954,True,True,4383.675290753806,83.01072821918237,0,0.9972925285398063,1.0406303763389588,0,0.0,0,2.227444970112515,1.8233869921717123,True,True,90.33799339325819,0,0.9769009114172217,1.047326888907422,0,0.0,0,2.2334969156095212,1.0914030595989837e-05,True,True,4312.004948485547,94.8811436257744,0,0.9677017448721954,1.0000000000569949,0,0.0,0,2.4094298913810093,0.1586384620890032
445,0.7971449173472326,152.80498148355142,True,8174.311367009132,0.2965483019997919,0.0004371999966679141,True,True,8281.606906403114,99.9545958393789,0,0.9886486687189757,1.0347086131572725,0,0.0,0,2.2247948489600446,1.3125942556481582,True,True,99.99996387259895,0,0.9814667827360529,1.0499997214269299,0,0.0,0,2.0395924664985614,2.473159469659843e-08,True,False,8250.871266930753,109.10735393492527,2,0.9654425798847115,1.0000000000171838,0,0.0,0,2.6660552256366543,0.9365914573695279
446,0.5106000297734686,97.898696981172,True,3542.428643741224,0.2422103850003623,0.00039600000309292227,True,True,3788.841227989454,74.98833481154333,0,0.9964752817178792,1.0361649572849274,0,7.639205136911187e-06,0,1.447271874438556,6.956035326305179,True,True,61.651337342337385,0,0.9834994705938034,1.0283854000295138,0,0.0,0,1.4053741179197345,9.553217984135785e-08,True,True,3619.080727608372,59.47603763095216,0,0.9766011461979687,1.000000000072601,0,0.0,0,1.5036808862439415,2.1638286902395065
447,0.6870682509004137,130.53408372925128,True,4408.953145273105,0.2752099139997881,0.00042190000385744497,True,True,4917.977955957125,84.34982269361105,0,0.9914596044666509,1.035809373855591,0,0.0,0,2.6276600626957247,11.545261888499729,True,True,88.09345632865154,0,0.9649981163018635,1.0435854056868124,0,1.0518642113765964e-05,0,3.6361489797828597,7.655158468198816e-06,True,False,4360.35349970102,88.7237130225415,0,0.9637335499276449,1.0000000000598133,0,3.8558077387551464,0,3.8558077387551464,-1.1022868735227749
448,0.6545543393451299,126.11540166712855,True,3952.026426366264,0.2504777699996339,0.00048120000428752974,True,True,4039.6352157862607,92.08316570997245,0,0.9894412032115585,1.0351781606674193,0,0.0,0,1.959999744281319,2.2168094059843626,True,True,99.99998335184937,0,0.9866473443812503,1.0499998255996017,0,0.0,0,2.108418034709004,2.5776257664513163e-06,True,False,3882.0877761348106,125.67421926610191,2,0.9716697136656076,1.0,0,0.0,0,2.6934817649030975,-1.7696883224048752
449,0.7366639519701895,139.65700535599305,True,5128.085996021608,0.2967398110013164,0.0004115999981877394,True,True,5579.799944315486,74.02044052599994,0,0.986393000431482,1.0368034482002257,0,0.0,0,2.712969625523641,8.808640419981344,True,True,77.42711173802104,0,0.9720743400143471,1.0479784200012485,0,2.49417603299662e-05,0,2.4679728293316145,1.2680079769636316e-05,True,False,5037.336659205094,77.99959365898428,0,0.9720618367050139,1.0,0,2.7621910237930223,1,2.762191023793008,-1.7696407226518798
450,0.6668331076364985,127.18089180435457,True,9131.52902028902,0.25388617399949,0.0003983999995398335,True,True,9510.137849889756,94.24141796080653,0,0.9840988804173064,1.0328467249870301,0,0.0,0,1.6779337126069862,4.146172140271329,True,True,99.99998448123331,0,0.9712097788019192,1.049999918694591,0,0.0,0,2.251729844312351,8.68749533909673e-07,True,False,8819.131107471167,133.62061633703058,4,0.974966804153069,1.0000000000022313,0,0.0,0,2.787350254884032,-3.4210901099650073
451,0.7766947707352005,143.74849378557073,True,9236.3655766491,0.28692073300044285,0.00044690000504488125,True,True,9624.297667686442,91.4230891539998,0,0.994491337494984,1.0352623343467713,0,0.0,0,2.0979362931105925,4.2000565183364005,True,True,100.00002974232636,0,0.9806533061987499,1.049999921117766,0,0.0,0,3.2122698383873285,5.02293366264745e-06,True,False,9233.82852726269,109.6220831755172,1,0.9713004375706394,1.0000000000000724,0,0.0,0,3.181646326682312,-0.027463027056224533
452,0.7583838798835575,136.8545980553962,True,8423.832726730623,0.29568416500114836,0.0004493000014917925,True,True,8956.26725078101,92.37506228462384,0,0.9851271342689483,1.0283882021903992,0,0.0,0,1.9118583250865129,6.320573332323357,True,True,99.99999881943351,0,0.950000097714466,1.0499999806012992,0,0.0,0,2.3663073788114843,9.321706854011587e-09,True,False,8261.739467431595,107.83100991851336,1,0.9722445873415712,1.0,0,0.0,0,1.9971212438760233,-1.92422218943803
453,0.6680047648213459,120.3701362944044,True,4050.4874111033823,0.3743910560006043,0.0003539000026648864,True,True,4213.094561057591,85.24991648524595,0,0.9983496062618892,1.0403386682271958,0,0.0,0,2.129921790092567,4.014508221227516,True,True,99.99999773210256,0,0.9886734165068006,1.0499999762047663,0,0.0,0,2.3885552388548916,3.900274785838333e-09,True,False,4039.8552388557655,112.4815209407011,1,0.9754844995391541,1.0000000000000002,0,0.0,0,2.3123004270927794,-0.26249117725698845
454,0.5486244874519299,103.44301951647603,True,3420.938286394578,0.3033799999993789,0.0003147999959765002,True,True,3541.6339958975873,53.44191677246114,0,0.9925272904574652,1.0251804530620574,0,0.0,0,1.9553528252293404,3.528146358135347,True,True,55.267238015167344,0,0.9747412474918823,1.0263649280376363,0,0.0,0,2.0532033913443968,1.7641218836721937e-09,True,False,3384.7480530420103,55.09759963105193,0,0.9796969363688534,1.0000000000456415,0,2.2392891212113852,1,2.2392891212113852,-1.057903717140671
455,0.6954723126381925,127.93129889443442,True,7718.593649541911,0.27729086500039557,0.00045039999531582,True,True,7883.483835189284,76.78256302936079,0,0.9956256227162029,1.0407954335212708,0,0.0,0,2.7345617774872863,2.1362725030184793,True,True,80.10128468033979,0,0.9706686108693819,1.0408757908140813,0,0.0,0,3.115401970548916,1.0284185856752043e-07,True,True,7727.606537420615,80.73102261423212,0,0.9671519570727855,1.000000000060531,0,0.0,0,3.2399139085009523,0.1167686269694054
456,0.8240169725295661,152.0291160260656,True,7076.010685998469,0.2725735980002355,0.00045030000183032826,True,True,7211.379883932583,92.6402400814363,0,0.988849919453503,1.0349709808826446,0,0.0,0,2.449749459158795,1.9130727524144262,True,True,99.9999085522709,0,0.9737621230785459,1.0499996138960377,0,0.0,0,2.2804862762109224,4.778233372971389e-07,True,True,7166.08246113577,92.07193781881564,0,0.9618336850023007,1.000000000068154,0,0.0,0,3.464758818424798,1.272917938871173
457,0.736830682423646,139.01405313159043,True,7994.976575649737,0.2742879860015819,0.00039739999920129776,True,True,8188.137801036954,87.34882177506998,0,0.9948935744728296,1.032353436946869,0,0.0,0,2.373429956288419,2.416032974739509,True,True,99.999930884354,0,0.978373563572444,1.04999917973053,0,0.0,0,2.93834108169591,5.496143465831982e-07,True,False,7892.929051324464,144.4341963744482,2,0.9719835746373712,1.0000000000000002,0,3.983526347954111,0,3.9835263479541254,-1.276394996020479
458,0.8449459541498898,158.53400545857275,True,9269.078838148871,0.37511381299918867,0.00035400000342633575,True,True,9634.046998273152,92.40475250608536,0,0.9831419050417602,1.0285279840230939,0,0.0,0,2.1127901355674226,3.937480931196228,True,True,99.9999947662478,0,0.9500014165343776,1.0499999754389044,0,0.0,0,2.5805980300521014,5.358638556196591e-07,True,False,9139.367290644497,120.8637598223115,2,0.9662918517863135,1.0000000000593703,0,0.0,0,2.568773680721762,-1.39940009999648
459,0.8076907457597056,155.49947676238932,True,4756.165209956695,0.309825878999618,0.0004402999984449707,True,True,4923.251346740618,89.45891245880051,0,0.9850246920984015,1.0285900950431823,0,0.0,0,2.175585030568868,3.5130433583303247,True,True,99.99994894246183,0,0.9747975027732755,1.0499998510902646,0,0.0,0,2.602867738680686,1.875930781463633e-07,True,False,4767.066470203928,136.86663603161543,2,0.9694199543995572,1.00000000006502,0,0.0,0,3.231847540333291,0.22920291261325035
460,0.7987355781882435,153.1107606842545,True,11314.953440112455,0.29679449000104796,0.0003949000019929372,True,True,12039.364870555683,90.5023697224667,0,0.9912980249701796,1.0324648290872573,0,0.0,0,2.1299272805696887,6.402248452309355,True,True,99.99999720938706,0,0.9574337304432511,1.0499999790889096,0,0.0,0,3.1222638680439445,8.770362223491729e-09,True,False,11240.749758935066,121.40743251228278,2,0.9666421726079176,1.0000000000109752,0,0.0,0,3.013789783054449,-0.6558019048357372
461,0.5443779096131887,102.50830714938104,True,4402.34008283537,0.2556573319998279,0.00041310000233352184,True,True,4440.992254108682,77.23553388461379,0,0.9994652567415732,1.0380585908889772,0,0.0,0,1.4978091335674435,0.8779915179036715,True,True,73.89858922619584,0,0.9852629105059812,1.0284158390192772,0,0.0,0,1.484997225221349,2.7995005591335705e-08,True,True,4415.743074090455,71.40558638065545,0,0.9780048585994706,1.0000000000771654,0,0.0,0,1.590245082298253,0.30445154711083094
462,0.7587588338612967,142.1699964090934,True,8342.035500269394,0.2777403759992012,0.0004015000013168901,True,True,8476.199637777052,89.81551297474003,0,0.9918065717466632,1.0320039182901382,0,0.0,0,2.6446939834780494,1.6082901961101415,True,True,99.99995913754702,0,0.972618733025008,1.0432701200778132,0,0.0,0,2.5280622148796397,1.8866974092967945e-08,True,False,8319.118668087205,98.49585886661542,0,0.9705171484667805,1.0000000000455307,0,2.723313322050842,0,2.723313322050842,-0.2747150933592038
463,0.812343345547901,155.01812738398954,True,11100.080238602615,0.23878740399959497,0.0004454000008990988,True,True,11726.495668295795,89.70877642293686,0,0.9847638655896749,1.0366434752941134,0,0.0,0,2.0332591617953426,5.643341730290076,True,True,99.99998763065938,0,0.9742451760610342,1.0499999595001246,0,0.0,0,2.634449261562679,2.601592597651851e-07,True,False,10802.931966129578,132.23504370315226,4,0.9680316903772551,1.0000000000832192,0,0.0,0,3.338339160200661,-2.676991859345493
464,0.8815132011236573,168.8319704273072,True,6126.0121827227495,0.2595081529998424,0.00039480000123148784,True,False,6375.596218380292,100.90052150192943,1,0.9776211978829497,1.0373175710439682,0,4.848034301119242e-06,0,2.008504887963255,4.074177977693485,True,True,100.00000005631588,0,0.986488019292748,1.049999997283016,0,0.0,0,2.212811710288804,9.467377588949534e-06,True,False,5976.001582683453,107.05994855793574,2,0.9642166190931188,1.0000000000000002,0,0.0,0,2.3817067938382763,-2.4487387519687984
465,0.6429470319003304,123.80467035109542,True,5325.44141812326,0.26187938100156316,0.0003842000005533919,True,True,5497.667622308007,91.32530912170449,0,0.9818813502468506,1.0277746945619581,0,0.00014856958674158705,0,1.349265849979517,3.2340268284103035,True,True,99.99999736082972,0,0.9846233007548312,1.0499999577798675,0,0.0,0,1.144540014404214,1.5703494088500078e-10,True,False,5392.086754008084,104.32188937851414,1,0.9748335915143473,1.0,0,0.0,0,1.2247185766377413,1.2514518639992622
466,0.5419574396672445,103.89705084291492,True,3931.6764799914504,0.2778771670000424,0.00033289999555563554,True,True,4067.5756350633883,64.85883628809773,0,0.9904275529086589,1.0320876777172088,0,0.0,0,1.9889684474031526,3.456519535769956,True,True,67.24843002612072,0,0.9726051314580658,1.031744138877322,0,0.0,0,2.089951600902026,2.5917745749036067e-07,True,False,3906.939694400968,67.25051973352731,0,0.9762650207169479,1.0000000000000002,0,2.2854407355558095,1,2.2854407355558095,-0.629166097222451
467,0.8578958519999038,167.13226746567457,True,14226.9508556679,0.264995920999354,0.0003558999960660003,True,True,14719.884889255283,93.20479215164973,0,0.9962506506000072,1.0402021169662479,0,0.0,0,3.445333935494773,3.4647904663139006,True,True,99.99999434907201,0,0.9731466025463766,1.0499999529506308,0,0.0,0,3.856032286059161,2.2465945610483922e-08,True,False,13951.638802716803,110.54759537630738,1,0.9555865120090717,1.0000000000191311,0,4.650541926491428,0,4.650541926491428,-1.9351444495012542
468,0.6926866870183448,130.69892639463598,True,7226.104480960074,0.2757866430001741,0.0003150999982608482,True,True,7513.665216081273,86.93681777677251,0,0.9952281845059415,1.0266968369483946,0,0.0,0,2.4933421679210994,3.979483959113116,True,True,99.9999949575163,0,0.9850046316401884,1.0499999779896023,0,0.0,0,2.556623033656507,1.2424926251437087e-05,True,False,6942.567782688993,129.7665788609641,4,0.9769464244692432,1.0,0,0.0,0,3.0774343335397987,-3.9237716034861854
469,0.5774158877732781,111.08916587225127,True,4770.67897290347,0.2598084400015068,0.0007432000056724064,True,True,4948.040036999237,98.00076054398751,0,0.9852897626225542,1.0376713037490848,0,0.0,0,1.4677373184987346,3.7177321245734816,True,True,99.99999722654934,0,0.9934009903819745,1.049999970651441,0,0.0,0,1.6298057332960667,1.293719831402419e-08,True,False,4659.338265917291,124.0180272998447,2,0.9813773144031807,1.0000000000658067,0,0.0,0,2.147940187242412,-2.333854510349249
470,0.6980406903320842,129.86903607107732,True,6365.695423642733,0.2594931629992061,0.0005232000039541163,True,True,6671.089107933588,90.31396090340766,0,0.9871107771150363,1.0314212679862975,0,0.0,0,1.7473360454643512,4.797491364749473,True,True,99.99998332789546,0,0.9936877807609793,1.0499998946194975,0,0.0,0,2.2089330510610807,5.9430435911815595e-08,True,False,6357.847814971285,138.52459389228127,2,0.9757546172443621,1.0000000000461307,0,0.0,0,2.713496933380867,-0.1232796162977701
471,0.749532433043751,142.40861046746267,True,5407.955618475591,0.2907075849998364,0.0004741000011563301,True,True,5441.271558078425,89.33953280389021,0,0.9793659633193463,1.0363213956356052,0,6.393944047999867e-06,0,2.170846490564429,0.6160546244101686,True,True,94.72602604157699,0,0.9758163723960401,1.0499990763127665,0,0.0,0,1.7883363952958007,3.872409989046601e-07,True,True,5542.8256114296255,93.1594517093054,0,0.9667979192809106,1.0000000000000002,0,0.0,0,2.322104920545513,2.493918662301174
472,0.795040899055842,154.37377558358642,True,11319.137273654458,0.2826481079991936,0.0004071000003023073,True,True,11843.057290008746,91.47671278649322,0,0.9946400716007502,1.035278207063675,0,0.0,0,2.176267686363417,4.628621455201999,True,True,99.99999213734459,0,0.9500002553746294,1.0499999676201948,0,0.0,0,2.8193858946367243,3.1958480044789636e-10,True,False,11185.294733798382,117.53867987095956,2,0.9685921124976811,1.0000000000000002,0,2.9999563664612765,0,2.9999563664612765,-1.1824447092081012
473,0.7931632070119776,145.79533925226576,True,6213.503781886347,0.2734656949996861,0.0004413999995449558,True,True,6400.4053964058385,91.99914337067364,0,0.9907469272670018,1.0355396747589112,0,0.0,0,2.5198658488570516,3.007999716097523,True,True,94.98390976710776,0,0.9705736715479252,1.049921420346625,0,0.0,0,2.945008495578122,8.774434172132994e-06,True,True,6224.255777876071,96.42311238746153,0,0.9628926782400057,1.0,0,0.0,0,3.1347001307106552,0.17305118835360364
474,0.565063020955759,106.08048309089008,True,5427.729659312264,0.25040722799894866,0.00041120000241789967,True,True,5551.365652320844,58.349997573399214,0,0.9967020004890139,1.0298779606819155,0,0.0,0,0.9224669994920021,2.27787802026656,True,True,65.53005370982149,0,0.9853045195093509,1.0438928429074399,0,0.0,0,1.3034376139645474,1.923671489009324e-05,True,True,5447.981019158813,61.73171624398117,0,0.979066241378298,1.0000000000000002,0,0.0,0,1.4892913826216017,0.37312852942811103
475,0.6845458101519311,132.34971390128933,True,8494.830891247908,0.3035854039990227,0.00044799999886890873,True,True,8759.932374543276,94.2230569476778,0,0.991793497196791,1.0298656433820725,0,0.0,0,1.8049607954195892,3.1207389392021154,True,True,99.99995897075368,0,0.9779997397145258,1.049999313437762,0,0.0,0,2.4939332494510325,1.3866745978489446e-07,True,False,8506.068028356014,112.1257680353958,1,0.9715113252171345,1.0000000000714635,0,0.0,0,2.7846335157465205,0.1322821966336278
476,0.5335225402414985,104.98468931108769,True,2328.271972991412,0.2510277210003551,0.00039280000055441633,True,True,2345.647165931884,68.23394785789093,0,0.9887591057558764,1.038343507051468,0,3.6643994292262505e-06,0,1.5393996123050897,0.7465077325360188,True,True,69.7935762847454,0,0.9835000308318012,1.0456025522808592,0,0.0,0,1.371252727199277,0.0002360701327199071,True,True,2447.9922669667194,70.48838173843336,0,0.9771737465032497,1.0,0,0.0,0,1.4794046744597011,5.142271793963764
477,0.5792354945375965,107.18667416629316,True,5900.725957943509,0.3133405259995925,0.00040079999598674476,True,True,6065.005197362668,58.43638209620201,0,0.9954390577284251,1.0284592866897586,0,0.0,0,2.0354130590242505,2.7840513290397966,True,True,87.44980735479574,0,0.9761004005971592,1.0238747706382931,0,0.0,0,2.302316142335883,5.929638305776878e-10,True,False,5824.628100126969,82.02983413749784,0,0.9775278905659279,1.0000000000285272,0,2.4993230352770865,1,2.4993230352770865,-1.2896355181443275
478,0.8491826774046024,160.55550243931518,True,6734.1748452858255,0.3188425810003537,0.0004397000011522323,True,True,7032.958731200296,85.62349263518152,0,0.9915739412196952,1.0353829085826873,0,0.0,0,2.738347896287422,4.436829944738219,True,True,99.99999507600596,0,0.9713945536144283,1.049999987785249,0,0.0,0,3.0330726075349332,2.1640928010424297e-09,True,False,6611.489718924338,130.15458686158817,4,0.965930831439279,1.000000000056776,0,0.0,0,4.245681528626648,-1.8218286432567543
479,0.8073547869450077,156.52731401597603,True,6865.592409907926,0.275520653998683,0.000400099997932557,True,True,7012.792212606799,94.36817362733956,0,0.9871792037161772,1.0361382395029068,0,3.6408788744779486e-05,0,2.227211378670148,2.144022320333007,True,True,99.99999110725648,0,0.9664343782998407,1.0499998528437235,0,0.0,0,2.3557038222761832,4.4194438789502883e-07,True,False,6908.3678182189,106.3869800581739,1,0.9659799278454237,1.0000000000722558,0,0.0,0,2.2247365744793512,0.6230407558186443
480,0.7948467836889057,152.87971191898967,True,7612.544537097196,0.28608214300038526,0.00032189999910769984,True,True,7656.400989585895,88.46097457950378,0,0.9916556903239135,1.0345788300037384,0,0.0,0,3.0844736430669855,0.5761164758176065,True,True,91.73872553198541,0,0.9729792388868039,1.048363202653149,0,2.1290882500579755e-05,0,2.8733646826080985,8.761537846754772e-06,True,False,7508.07690001551,135.43153959387095,2,0.9654333683499768,1.0000000000737348,0,3.9960488701140235,0,3.9960488701140378,-1.372300401654163
481,0.5741918490944484,107.1569157307214,True,3150.569537434939,0.2534440180006641,0.00033740000071702525,True,True,3322.9007956927007,56.31558224024034,0,0.9927771723657485,1.0377273648977279,0,0.0,0,1.255059345381568,5.469937027760726,True,True,65.46384054576642,0,0.9850611311047411,1.0433009293018196,0,0.0,0,1.4120325642926872,8.761789534702925e-05,True,True,3191.3743892395346,61.7200900802101,0,0.9791964341163542,1.0000000000274443,0,0.0,0,1.515661637769938,1.2952467017405398
482,0.5781191470275774,108.24154665903589,True,5854.818580204885,0.30763208200005465,0.00041140000394079834,True,True,6013.870005222247,87.5825155837376,0,0.9898198886985817,1.0283400177955628,0,1.539790435245436e-05,0,1.6480863054879222,2.716590368953639,True,True,99.99999572621667,0,0.9900428560478106,1.0499999491929146,0,0.0,0,1.8667449970742496,2.103835328731848e-07,True,False,5731.267398677754,139.352297828764,2,0.9766673437914823,1.0,0,0.0,0,2.4594109903981547,-2.1102476153097935
483,0.7124331849294607,140.73149283801754,True,5420.052082223012,0.31457333599973936,0.00040579999767942354,True,True,5819.030391790416,89.6628665225361,0,0.9879058121542753,1.0301524728536606,0,0.0,0,1.765961252474625,7.361157271382792,True,True,99.82881462860162,0,0.9686523501730248,1.0499647385207418,0,5.952804116304833e-06,0,2.463185255872787,4.268681775279535e-06,True,False,5408.465030155954,101.02307831580615,1,0.9666441722640404,1.0000000000000002,0,2.848730174241922,0,2.848730174241922,-0.2137769346331532
484,0.8530105073783292,166.39591121666697,True,8343.45518945674,0.34283766800035664,0.0003980000037699938,True,True,8854.169760651988,97.40325326718197,0,0.9819798527429285,1.0360371410846714,0,0.0,0,2.2918868787070323,6.121140674379342,True,True,100.00000099704565,0,0.9766868982421602,1.049999996616499,0,0.0,0,2.8044008597090055,6.556820469289688e-07,True,False,8086.742379521821,108.19224890548303,2,0.9652820377806609,1.0,0,0.0,0,3.083133827150988,-3.0768159123812056
485,0.5099275762242882,96.04574088622233,True,4097.465365415527,0.29297944700010703,0.00045729999692412093,True,True,4512.430121386009,84.41479222052605,0,0.9857335672349433,1.0290864288806916,0,0.0002497073171312536,0,1.4831542950120138,10.12735732235075,True,True,100.00000006266627,0,0.999999999985508,1.0499999863726324,0,0.0,0,1.741588252330942,4.493027218171093e-06,True,False,3983.287188729816,117.70515345113253,2,0.9827609699296961,1.0,0,0.0,0,1.9188186217013055,-2.786551868851604
486,0.5363121904813385,95.88247608139757,True,2781.375322660535,0.27289018999908876,0.00032219999411609024,True,True,2895.3082995268132,81.04032642575326,0,0.9957685444513793,1.030068814754486,0,0.0,0,1.7986342962505972,4.096282074562164,True,True,61.33120985688257,0,0.9761283188160111,1.0177128052718105,0,0.0,0,1.9322670428134217,6.5698037680974e-08,True,False,2763.543773742434,56.44444955713581,0,0.9803437586217852,1.0000000000000002,0,2.1062162128322086,1,2.1062162128322086,-0.641105389741146
487,0.6941062495408966,131.02706010680828,True,4393.97243783591,0.27047255800061976,0.0004371999966679141,True,True,4466.774896362165,90.52448942392857,0,0.99021517671498,1.0387102037668228,0,2.9920485129508734e-05,0,2.0416787255214217,1.6568709972729072,True,True,94.47107071701387,0,0.9799448813398478,1.0499997069894744,0,0.0,0,1.9930729318440115,-8.00485170421632e-08,True,True,4489.553308608989,96.17681464329294,0,0.9696309731623319,1.0000000000449947,0,0.0,0,2.2279883570807044,2.1752723425441736
488,0.6515807902681503,126.58287188016227,True,7058.057756257172,0.27058473200122535,0.00044830000115325674,True,True,7400.281267100842,88.53624814430144,0,0.9905415817604463,1.0346603691577911,0,0.0,0,1.3720972239089235,4.848698879975638,True,True,100.00000788407026,0,0.9910295984416136,1.0499999553175323,0,0.0,0,1.962629795711436,6.16911692897915e-06,True,False,7126.615574018126,139.21369559702745,2,0.9749758246098481,1.0000000000781442,0,0.0,0,2.717836407369745,0.9713473561394856
489,0.5906144733738651,109.35107595503311,True,3607.0833982650242,0.29801267699986056,0.0005650000020978041,True,True,4087.69966349127,82.31275684445342,0,0.9851717029058427,1.0294298291206363,0,0.000348862447978604,0,1.4780183808074128,13.324235183829819,True,True,99.99999918420511,0,0.9828882443254346,1.0499999853130226,0,0.0,0,2.106542160816616,2.4550402249269207e-07,True,False,3668.1693383422144,105.47353366110382,1,0.9774253631003579,1.0,0,0.0,0,2.0946191143908806,1.6934997708141488
490,0.5361504800406686,98.87934441306008,True,5317.747184882457,0.27037690399993153,0.0004585999995470047,True,True,5414.228045273772,86.01555477199821,0,0.989802497342421,1.021108800172806,0,0.00037120252919109475,0,1.1398746250791874,1.8143710064385872,True,True,93.85122967908444,0,0.9949485228326534,1.0482790303901006,0,0.0,0,1.0326998779002707,5.176595578950326e-05,True,True,5358.601850675151,92.38389983314039,0,0.9782981381305226,1.0,0,0.0,0,1.1120728038207233,0.7683223422187127
491,0.8919832761648563,169.21944194569565,True,8494.08873293617,0.28988099199887074,0.0005529000045498833,True,False,8350.593344223722,102.8657574499369,1,0.9881768368019934,1.0388695240020756,0,7.659127447823266e-05,0,3.4444167612530237,-1.6893551929494681,True,True,100.00000440486909,0,0.9746193171501194,1.0499999996383773,0,0.0,0,3.3625181958190353,7.138277852748749e-07,True,False,7898.89364443939,109.4769056335015,2,0.960759424950182,1.0,0,3.5852325577401274,0,3.5852325577401416,-7.007167582372784
492,0.7670176368052204,143.67829543029958,True,5612.582821076045,0.2802089709985012,0.00046149999980116263,True,True,5935.852907732589,95.31048070019764,0,0.9844043388884652,1.0336053788661956,0,0.0,0,1.8595419429084075,5.759739183877687,True,True,99.99999746226773,0,0.9500000592397421,1.0499999700508647,0,0.0,0,2.2066707029659653,7.634380547643635e-07,True,False,5564.280828015331,111.32931204741845,1,0.9697064741679737,1.000000000082732,0,0.0,0,2.01875767820556,-0.8606011193188164
493,0.6963686689243157,129.12271057720648,True,8249.817322187782,0.2840683150006953,0.0003324999997857958,True,True,8352.3140829331,84.89724358523618,0,0.9915298677432492,1.0323340237140655,0,0.0,0,2.0563715111182717,1.2424151660653597,True,True,92.82728256955963,0,0.9826526282737661,1.0468075535650072,0,0.0,0,2.041889458991619,2.6440364645686888e-06,True,True,8263.064732505001,96.11193698222064,0,0.9696127909366761,1.0,0,0.0,0,2.1993469430232153,0.1605808744399012
494,0.5149749915116832,97.73525105471283,True,2857.5169369797886,0.26550129700081015,0.00039480000123148784,True,True,2892.1801185601407,58.697090089875644,0,0.9950370763127485,1.0252728372812272,0,0.0,0,1.2376985768365074,1.213052635074761,True,True,87.01512063505442,0,0.9834080067777816,1.024887351410393,0,0.0,0,1.3924869174763899,1.0100991998823495e-07,True,True,2860.8726977758865,84.59144935827592,0,0.9804898956826588,1.0000000000699434,0,0.0,0,1.5071618068069483,0.11743635330504673
495,0.830846833446738,160.17652561374584,True,5497.310449430954,0.27589295399957336,0.00043370000639697537,True,True,5920.0866893421735,93.6753756068276,0,0.9900692217828669,1.0408161103725433,0,0.0,0,3.78041676842372,7.6906066963780315,True,True,97.32534102334334,0,0.960289722371486,1.0499871248896016,0,4.312078942803055e-06,0,4.770580485085048,4.8248179685461464e-06,True,False,5390.700517283909,98.77060570722087,0,0.9556025895825586,1.0000000000289424,0,5.389957706463235,0,5.389957706463235,-1.9393060122080796
496,0.6407130235947979,119.10102352627004,True,3921.3411227892175,0.28598518000035256,0.00039119999564718455,True,True,4039.814562161342,95.19671642823715,0,0.9953462911985778,1.0357827126979826,0,0.0,0,1.7189726789587354,3.0212650766499,True,True,85.97078741517079,0,0.9820852840773466,1.0470835511078171,0,0.0,0,1.7337160768912412,1.659747017446183e-05,True,True,3959.1089410911704,89.57352102295695,0,0.9719212454106242,1.000000000023997,0,0.0,0,1.9361432127258098,0.9631519990541967
497,0.5280186636039295,100.43033699728828,True,4677.938533153491,0.2937023530012084,0.00038919999497011304,True,True,4743.201884823551,97.56406542080877,0,0.9955659292574892,1.035009029507637,0,0.0,0,1.2127285231483,1.3951305985331315,True,True,99.99999616811462,0,0.9994819067959808,1.0499999577180064,0,0.0,0,1.3806116505723338,3.932712208463754e-09,True,False,4770.688196775161,110.79946095185682,1,0.9797119905079422,1.0000000000000002,0,0.0,0,1.513997473008729,1.9827037732956763
498,0.5455335104670725,102.06538565524662,True,3631.890789404726,0.28211009000006015,0.00043880000157514587,True,True,3881.825899287805,93.0684075904844,0,0.9903822064149597,1.021756547689438,0,0.0,0,1.5442428669232129,6.881693533877097,True,True,100.00001392134115,0,0.9993349395483223,1.0499999716658217,0,0.0,0,1.9181696685112684,1.2461374531513453e-05,True,False,3565.6648092861024,136.79208281400201,4,0.980749996427076,1.0000000000000002,0,0.0,0,2.573236428188821,-1.8234451316921843
499,0.5370093513201557,102.92954599782534,True,4509.383112192825,0.2539210799986904,0.0003921999959857203,True,True,4511.583807341602,63.83290128425436,0,0.9925940620996845,1.0195849061012268,0,0.0,0,1.8752254632453855,0.04880258531214764,True,True,65.02256959408815,0,0.9724278372041044,1.0226999728083233,0,0.0,0,1.8626054697101182,8.679944665159294e-09,True,False,4463.831905287361,65.3041647154067,0,0.9765181783280968,1.0,0,2.262479447540869,1,2.262479447540869,-1.0101427486797658
